gender,SeniorCitizen,Partner,Dependents,tenure,PhoneService,MultipleLines,InternetService,OnlineSecurity,OnlineBackup,DeviceProtection,TechSupport,StreamingTV,StreamingMovies,Contract,PaperlessBilling,PaymentMethod,MonthlyCharges,TotalCharges,Churn,tenure_group,num_services,is_new_customer,CLV,avg_service_cost,high_risk_flag,churn_probability,segment,segment_names
1,0,1,0,1,0,0,1,0,1,0,0,0,0,0,1,0,29.85,29.85,0,0,1,1,29.85,14.925,1,0.6601223785061571,1,At Risk
0,0,0,0,34,1,0,1,1,0,1,0,0,0,1,0,1,56.95,1889.5,0,2,3,0,1936.3,14.2375,0,0.08651788321428942,2,Fence Sitters
0,0,0,0,2,1,0,1,1,1,0,0,0,0,0,1,1,53.85,108.15,1,0,3,1,107.7,13.4625,1,0.6824742894990984,1,At Risk
0,0,0,0,45,0,0,1,1,0,1,1,0,0,1,0,2,42.3,1840.75,0,2,3,0,1903.5,10.575,0,0.058532888726651196,2,Fence Sitters
1,0,0,0,2,1,0,2,0,0,0,0,0,0,0,1,0,70.7,151.65,1,0,1,1,141.4,35.35,1,0.813598477992976,1,At Risk
1,0,0,0,8,1,1,2,0,0,1,0,1,1,0,1,0,99.65,820.5,1,0,4,1,797.2,19.93,1,0.9183657023975186,1,At Risk
0,0,0,1,22,1,1,2,0,1,0,0,1,0,0,1,3,89.1,1949.4,0,1,3,0,1960.2,22.275,0,0.39296669902547426,1,At Risk
1,0,0,0,10,0,0,1,1,0,0,0,0,0,0,0,1,29.75,301.9,0,0,1,1,297.5,14.875,1,0.5020086085151688,2,Fence Sitters
1,0,1,0,28,1,1,2,0,0,1,1,1,1,0,1,0,104.8,3046.05,1,2,5,0,2934.4,17.466666666666665,0,0.6699673156506791,1,At Risk
0,0,0,1,62,1,0,1,1,1,0,0,0,0,1,0,2,56.15,3487.95,0,3,3,0,3481.3,14.0375,0,0.060104888986280185,0,Champions
0,0,1,1,13,1,0,1,1,0,0,0,0,0,0,1,1,49.95,587.45,0,1,2,0,649.35,16.650000000000002,0,0.18581479569783987,2,Fence Sitters
0,0,0,0,16,1,0,0,0,0,0,0,0,0,2,0,3,18.95,326.8,0,1,1,0,303.2,9.475,0,0.012895388092353086,2,Fence Sitters
0,0,1,0,58,1,1,2,0,0,1,0,1,1,1,0,3,100.35,5681.1,0,3,4,0,5820.299999999999,20.07,0,0.30815734911805104,0,Champions
0,0,0,0,49,1,1,2,0,1,1,0,1,1,0,1,2,103.7,5036.3,1,3,5,0,5081.3,17.283333333333335,0,0.7438095681213668,0,Champions
0,0,0,0,25,1,0,2,1,0,1,1,1,1,0,1,0,105.5,2686.05,0,2,6,0,2637.5,15.071428571428571,0,0.5220430958629435,0,Champions
1,0,1,1,69,1,1,2,1,1,1,1,1,1,2,0,3,113.25,7895.15,0,3,7,0,7814.25,14.15625,0,0.08058457759519831,0,Champions
1,0,0,0,52,1,0,0,0,0,0,0,0,0,1,0,1,20.65,1022.95,0,3,1,0,1073.8,10.325,0,0.039178228063464375,2,Fence Sitters
0,0,0,1,71,1,1,2,1,0,1,0,1,1,2,0,2,106.7,7382.25,0,3,5,0,7575.7,17.783333333333335,0,0.16874904372420554,0,Champions
1,0,1,1,10,1,0,1,0,0,1,1,0,0,0,0,3,55.2,528.35,1,0,3,1,552.0,13.8,1,0.10309301041978601,2,Fence Sitters
1,0,0,0,21,1,0,2,0,1,1,0,0,1,0,1,0,90.05,1862.9,0,1,4,0,1891.05,18.009999999999998,0,0.6474397943826184,1,At Risk
0,1,0,0,1,0,0,1,0,0,1,0,0,1,0,1,0,39.65,39.65,1,0,2,1,39.65,13.216666666666669,1,0.9309239804918606,1,At Risk
0,0,1,0,12,1,0,0,0,0,0,0,0,0,1,0,2,19.8,202.25,0,0,1,1,237.6,9.9,0,0.06653580792502214,2,Fence Sitters
0,0,0,0,1,1,0,0,0,0,0,0,0,0,0,0,1,20.15,20.15,1,0,1,1,20.15,10.075,1,0.6370578049385306,1,At Risk
1,0,1,0,58,1,1,1,0,1,0,1,0,0,2,1,3,59.9,3505.1,0,3,3,0,3474.2,14.975,0,0.02151231384024755,0,Champions
0,0,1,1,49,1,0,1,1,1,0,1,0,0,0,0,3,59.6,2970.3,0,3,4,0,2920.4,11.92,0,0.06296302410192121,0,Champions
1,0,0,0,30,1,0,1,1,1,0,0,0,0,0,1,2,55.3,1530.6,0,2,3,0,1659.0,13.825,0,0.16906779359223256,2,Fence Sitters
0,0,1,1,47,1,1,2,0,1,0,0,1,1,0,1,0,99.35,4749.15,1,2,4,0,4669.45,19.87,0,0.6738018848009929,0,Champions
0,0,1,1,1,0,0,1,0,1,0,0,0,0,0,0,0,30.2,30.2,1,0,1,1,30.2,15.1,1,0.6355833988401947,1,At Risk
0,0,1,0,72,1,1,1,1,1,1,1,1,1,2,1,3,90.25,6369.45,0,3,7,0,6498.0,11.28125,0,0.007995799797401679,0,Champions
1,0,0,1,17,1,0,1,0,0,0,0,1,1,0,1,1,64.7,1093.1,1,1,3,0,1099.9,16.175,0,0.367652146448667,1,At Risk
1,1,1,0,71,1,1,2,1,1,1,1,0,0,2,1,3,96.35,6766.95,0,3,5,0,6840.849999999999,16.058333333333334,0,0.03239627371565073,0,Champions
0,1,1,0,2,1,0,2,0,0,1,0,1,1,0,1,3,95.5,181.65,0,0,4,1,191.0,19.1,1,0.7547848427600694,1,At Risk
1,0,1,1,27,1,0,1,1,1,1,1,0,0,1,0,1,66.15,1874.45,0,2,5,0,1786.0500000000002,11.025,0,0.06002791766211174,0,Champions
0,0,0,0,1,1,0,0,0,0,0,0,0,0,0,0,2,20.2,20.2,0,0,1,1,20.2,10.1,1,0.5394905826326049,1,At Risk
0,1,0,0,1,1,0,1,0,0,0,0,0,0,0,0,2,45.25,45.25,0,0,1,1,45.25,22.625,1,0.7907332311812505,1,At Risk
1,0,1,1,72,1,1,2,1,1,0,1,1,0,2,0,2,99.9,7251.7,0,3,5,0,7192.8,16.650000000000002,0,0.019470022642228902,0,Champions
0,0,0,0,5,1,0,2,0,0,0,0,0,0,0,1,0,69.7,316.9,1,0,1,1,348.5,34.85,1,0.8715693267050927,1,At Risk
1,0,0,0,46,1,0,2,0,0,1,0,0,0,0,1,3,74.8,3548.3,0,2,2,0,3440.8,24.933333333333334,0,0.3421769988602871,0,Champions
0,0,0,0,34,1,1,2,0,1,1,0,1,1,0,1,0,106.35,3549.25,1,2,5,0,3615.9,17.724999999999998,0,0.8210076601171524,1,At Risk
1,0,0,0,11,1,1,2,0,0,1,0,1,1,0,1,2,97.85,1105.4,1,0,4,1,1076.35,19.57,1,0.8806221329253462,1,At Risk
0,0,1,1,10,1,0,1,0,1,0,0,0,0,1,0,1,49.55,475.7,0,0,2,1,495.5,16.516666666666666,0,0.05193245302889866,2,Fence Sitters
1,0,1,1,70,1,1,1,1,1,0,0,1,0,2,1,3,69.2,4872.35,0,3,4,0,4844.0,13.84,0,0.01930736975528484,0,Champions
1,0,1,1,17,1,0,0,0,0,0,0,0,0,1,0,1,20.75,418.25,0,1,1,0,352.75,10.375,0,0.03347943317255694,2,Fence Sitters
1,0,0,0,63,1,1,1,1,1,1,1,1,0,2,1,3,79.85,4861.45,0,3,6,0,5030.549999999999,11.407142857142857,0,0.01885097836051977,0,Champions
1,0,1,0,13,1,1,1,1,1,0,1,1,0,0,1,0,76.2,981.45,0,1,5,0,990.6,12.7,0,0.19429584220249538,0,Champions
1,0,0,0,49,1,1,2,0,0,0,0,0,1,0,1,0,84.5,3906.7,0,3,2,0,4140.5,28.166666666666668,0,0.7231873489436417,1,At Risk
0,0,0,0,2,1,0,1,0,1,0,0,0,0,0,0,1,49.25,97.0,0,0,2,1,98.5,16.416666666666668,1,0.5585225128062363,1,At Risk
1,0,0,0,2,1,0,2,0,0,0,0,1,0,0,1,0,80.65,144.15,1,0,2,1,161.3,26.883333333333336,1,0.8829326414082748,1,At Risk
0,0,0,0,52,1,1,1,1,0,0,1,1,1,2,1,3,79.75,4217.8,0,3,5,0,4147.0,13.291666666666666,0,0.04222528080570801,0,Champions
1,0,1,1,69,1,1,1,1,0,1,1,0,0,2,1,3,64.15,4254.1,0,3,4,0,4426.35,12.830000000000002,0,0.013998062625585629,0,Champions
1,1,0,0,43,1,1,2,0,1,0,0,1,0,0,1,0,90.25,3838.75,0,2,3,0,3880.75,22.5625,0,0.45752262030957397,0,Champions
1,0,0,0,15,1,0,2,1,1,0,0,1,1,0,1,3,99.1,1426.4,1,1,5,0,1486.5,16.516666666666666,0,0.6037397456399566,1,At Risk
1,1,1,0,25,1,1,1,1,0,0,1,1,0,0,1,3,69.5,1752.65,0,2,4,0,1737.5,13.9,0,0.0785859730793319,0,Champions
1,1,1,0,8,1,1,2,0,1,0,0,0,0,0,1,3,80.65,633.3,1,0,2,1,645.2,26.883333333333336,1,0.6388816260321744,1,At Risk
1,1,1,1,60,1,0,1,1,1,1,1,0,1,1,1,3,74.85,4456.35,0,3,6,0,4491.0,10.69285714285714,0,0.08591854954556595,0,Champions
0,1,0,0,18,1,1,2,0,0,0,0,1,1,0,1,0,95.45,1752.55,1,1,3,0,1718.1,23.8625,0,0.8292643684122118,1,At Risk
1,0,1,1,63,1,1,2,1,0,0,0,1,1,1,1,3,99.65,6311.2,0,3,4,0,6277.950000000001,19.93,0,0.14007944096583705,0,Champions
0,1,1,1,66,1,1,2,0,1,1,1,1,1,1,1,0,108.45,7076.35,0,3,6,0,7157.7,15.492857142857144,0,0.2067289878616809,0,Champions
1,0,1,1,34,1,1,0,0,0,0,0,0,0,2,0,3,24.95,894.3,0,2,1,0,848.3,12.475,0,0.019669183713086538,2,Fence Sitters
1,0,0,0,72,1,1,2,0,0,1,1,1,1,2,1,3,107.5,7853.7,0,3,5,0,7740.0,17.916666666666668,0,0.16357541189461375,0,Champions
1,0,1,0,47,1,1,2,0,0,1,0,1,1,0,1,0,100.5,4707.1,0,2,4,0,4723.5,20.1,0,0.6008777388391462,0,Champions
0,0,0,0,60,1,1,2,0,1,0,0,1,0,0,1,2,89.9,5450.7,0,3,3,0,5394.0,22.475,0,0.6655405713425125,0,Champions
0,0,1,0,72,0,0,1,1,1,1,0,0,0,2,0,2,42.1,2962.0,0,3,3,0,3031.2000000000003,10.525,0,0.01362285616814701,2,Fence Sitters
1,0,1,1,18,1,0,1,0,0,1,1,0,0,1,1,3,54.4,957.1,0,1,3,0,979.2,13.6,0,0.0591816630416408,2,Fence Sitters
1,0,0,0,9,1,1,2,0,0,0,0,1,1,0,0,0,94.4,857.25,1,0,3,1,849.6,23.6,1,0.8970044468380357,1,At Risk
1,0,0,0,3,1,0,1,0,1,0,1,1,1,0,1,0,75.3,244.1,0,0,5,1,225.9,12.55,1,0.24173266938066482,0,Champions
0,0,1,0,47,1,1,2,0,1,0,0,0,0,1,1,0,78.9,3650.35,0,2,2,0,3708.3,26.3,0,0.1891666468543744,0,Champions
1,0,0,0,31,1,0,1,0,1,1,1,1,1,2,0,1,79.2,2497.2,0,2,6,0,2455.2000000000003,11.314285714285717,0,0.034741772036851484,0,Champions
1,0,1,1,50,1,0,0,0,0,0,0,0,0,2,0,2,20.15,930.9,0,3,1,0,1007.5,10.075,0,0.012005495554572072,2,Fence Sitters
0,0,0,0,10,1,0,2,1,0,1,0,0,0,0,1,1,79.85,887.35,0,0,3,1,798.5,19.9625,1,0.4588407945803788,1,At Risk
0,0,0,0,1,1,0,1,0,0,0,1,0,0,0,0,1,49.05,49.05,0,0,2,1,49.05,16.349999999999998,1,0.5154498331527695,1,At Risk
1,0,1,1,52,1,0,0,0,0,0,0,0,0,1,1,0,20.4,1090.65,0,3,1,0,1060.8,10.2,0,0.028950589769294897,2,Fence Sitters
0,1,1,1,64,1,1,2,1,0,1,1,1,1,2,1,2,111.6,7099.0,0,3,6,0,7142.4,15.94285714285714,0,0.05619283108634663,0,Champions
0,0,1,1,62,1,1,0,0,0,0,0,0,0,2,1,2,24.25,1424.6,0,3,1,0,1503.5,12.125,0,0.01002000358780275,2,Fence Sitters
1,0,0,1,3,1,0,1,1,0,0,1,0,1,0,1,2,64.5,177.4,0,0,4,1,193.5,12.9,1,0.17424130405012883,1,At Risk
1,1,0,0,56,1,1,2,1,1,1,0,1,1,1,0,0,110.5,6139.5,0,3,6,0,6188.0,15.785714285714286,0,0.24021894508182068,0,Champions
1,0,0,0,46,1,0,1,0,0,0,0,0,1,1,0,3,55.65,2688.85,0,2,2,0,2559.9,18.55,0,0.08691180611498109,2,Fence Sitters
1,0,1,1,8,1,0,1,1,1,0,0,0,0,0,0,1,54.65,482.25,0,0,3,1,437.2,13.6625,1,0.06026425105406091,2,Fence Sitters
0,1,0,0,30,1,0,1,1,1,0,0,1,1,0,1,0,74.75,2111.3,0,2,5,0,2242.5,12.458333333333334,0,0.28567081175912196,0,Champions
1,0,1,1,45,1,1,0,0,0,0,0,0,0,1,1,3,25.9,1216.6,0,2,1,0,1165.5,12.95,0,0.046705762777012265,2,Fence Sitters
1,0,0,1,1,1,0,2,0,0,0,0,1,0,0,1,0,79.35,79.35,1,0,2,1,79.35,26.45,1,0.9370950395457661,1,At Risk
1,0,1,1,11,0,0,1,1,0,0,0,1,1,0,0,0,50.55,565.35,0,0,3,1,556.05,12.6375,1,0.20317681779502023,2,Fence Sitters
1,0,1,0,7,1,0,2,0,0,1,0,0,0,0,1,2,75.15,496.9,1,0,2,1,526.0500000000001,25.05,1,0.6992992765473676,1,At Risk
1,0,0,0,42,1,0,2,0,1,1,1,1,1,0,1,2,103.8,4327.5,0,2,6,0,4359.599999999999,14.828571428571427,0,0.297367751867739,0,Champions
1,0,1,0,49,1,0,0,0,0,0,0,0,0,2,1,2,20.15,973.35,0,3,1,0,987.35,10.075,0,0.012332019790152806,2,Fence Sitters
0,0,0,0,9,1,1,2,0,1,0,0,1,1,0,1,3,99.3,918.75,0,0,4,1,893.6999999999999,19.86,1,0.8438449771279973,1,At Risk
1,0,1,0,35,1,0,1,1,0,0,0,1,0,1,1,2,62.15,2215.45,0,2,3,0,2175.25,15.5375,0,0.06102039654470455,2,Fence Sitters
1,0,1,1,48,1,0,0,0,0,0,0,0,0,2,0,2,20.65,1057.0,0,2,1,0,991.2,10.325,0,0.014160450481295671,2,Fence Sitters
1,0,1,1,46,1,0,0,0,0,0,0,0,0,2,1,1,19.95,927.1,0,2,1,0,917.7,9.975,0,0.014085405955385771,2,Fence Sitters
0,0,1,0,29,0,0,1,0,0,0,0,1,0,0,0,1,33.75,1009.25,0,2,1,0,978.75,16.875,0,0.7674756025554198,1,At Risk
0,0,1,1,30,1,0,2,0,1,1,0,0,0,0,0,2,82.05,2570.2,0,2,3,0,2461.5,20.5125,0,0.4434055111465734,1,At Risk
0,1,0,0,1,1,0,2,0,0,0,1,0,0,0,0,0,74.7,74.7,0,0,2,1,74.7,24.9,1,0.6624003813771213,1,At Risk
0,0,1,1,66,1,1,1,1,0,1,1,1,1,2,1,1,84.0,5714.25,0,3,6,0,5544.0,12.0,0,0.024066013533098098,0,Champions
1,0,0,0,65,1,1,2,1,1,1,0,1,1,0,1,3,111.05,7107.0,0,3,6,0,7218.25,15.864285714285714,0,0.21460733533786658,0,Champions
0,0,0,0,72,1,1,2,0,1,1,0,1,1,2,1,2,100.9,7459.05,0,3,5,0,7264.8,16.816666666666666,0,0.1867974002470298,0,Champions
1,0,0,0,12,1,1,2,1,0,0,0,0,0,0,1,0,78.95,927.35,1,0,2,1,947.4,26.316666666666663,1,0.4175251491429552,1,At Risk
0,0,1,1,71,1,1,1,1,1,0,1,0,0,1,1,3,66.85,4748.7,0,3,4,0,4746.349999999999,13.37,0,0.021074389308691113,0,Champions
0,0,0,0,5,1,0,0,0,0,0,0,0,0,0,0,1,21.05,113.85,1,0,1,1,105.25,10.525,1,0.3121961406949371,2,Fence Sitters
0,0,0,0,52,1,0,0,0,0,0,0,0,0,2,0,2,21.0,1107.2,0,3,1,0,1092.0,10.5,0,0.019593812059427534,2,Fence Sitters
1,1,1,0,25,1,0,2,0,1,1,0,1,1,0,1,0,98.5,2514.5,1,2,5,0,2462.5,16.416666666666668,0,0.6130244299967544,1,At Risk
0,0,0,0,1,1,0,0,0,0,0,0,0,0,0,0,1,20.2,20.2,0,0,1,1,20.2,10.1,1,0.6370578049385306,1,At Risk
1,0,1,1,1,1,0,0,0,0,0,0,0,0,0,0,0,19.45,19.45,0,0,1,1,19.45,9.725,1,0.5075443234056775,2,Fence Sitters
0,0,0,0,38,1,1,2,0,0,1,1,1,0,1,0,2,95.0,3605.6,0,2,4,0,3610.0,19.0,0,0.27630550853374275,0,Champions
1,1,1,0,66,0,0,1,0,1,1,0,1,0,1,0,2,45.55,3027.25,0,3,3,0,3006.3,11.3875,0,0.08526654562580077,2,Fence Sitters
0,0,1,0,68,1,1,2,0,1,1,1,1,1,2,1,2,110.0,7611.85,1,3,6,0,7480.0,15.714285714285714,0,0.4164872916627687,0,Champions
0,0,0,0,5,0,0,1,0,0,0,0,0,0,0,0,1,24.3,100.2,0,0,0,1,121.5,24.3,1,0.7626568893213594,1,At Risk
1,0,1,1,72,1,1,2,1,1,0,0,1,1,1,1,0,104.15,7303.05,0,3,5,0,7498.8,17.358333333333334,0,0.0796983591409213,0,Champions
1,0,0,0,32,0,0,1,1,0,0,0,0,0,1,0,1,30.15,927.65,0,2,1,0,964.8,15.075,0,0.12065351924049363,2,Fence Sitters
0,0,0,0,43,1,1,2,0,0,0,0,1,1,1,0,1,94.35,3921.3,0,2,3,0,4057.05,23.5875,0,0.6338473300698205,1,At Risk
0,0,1,1,72,1,0,0,0,0,0,0,0,0,2,0,3,19.4,1363.25,0,3,1,0,1396.8,9.7,0,0.004336098443005703,2,Fence Sitters
0,0,1,0,55,1,1,2,1,1,0,0,1,0,0,1,0,96.75,5238.9,1,3,4,0,5321.25,19.35,0,0.40161573993518745,0,Champions
1,0,0,0,52,1,0,1,1,0,1,1,0,0,1,0,3,57.95,3042.25,0,3,4,0,3013.4,11.59,0,0.053655839940046926,0,Champions
1,0,0,0,43,1,0,2,0,1,1,0,1,0,0,1,0,91.65,3954.1,0,2,4,0,3940.95,18.33,0,0.5936054774308609,0,Champions
1,1,1,0,37,1,1,2,0,0,0,0,0,0,0,1,0,76.5,2868.15,1,2,1,0,2830.5,38.25,0,0.5953191814223435,1,At Risk
1,0,1,1,64,0,0,1,0,1,0,1,1,1,2,1,0,54.6,3423.5,0,3,4,0,3494.4,10.92,0,0.03119694922740971,0,Champions
0,0,1,1,3,1,0,2,1,1,0,0,1,0,0,0,0,89.85,248.4,0,0,4,1,269.54999999999995,17.97,1,0.3762327180410221,1,At Risk
1,0,0,0,36,0,0,1,1,0,0,0,0,0,2,0,2,31.05,1126.35,0,2,1,0,1117.8,15.525,0,0.06799649513171821,2,Fence Sitters
1,0,1,1,10,1,1,2,1,0,0,0,1,1,0,1,0,100.25,1064.65,1,0,4,1,1002.5,20.05,1,0.6671118308354992,1,At Risk
1,0,0,0,41,1,0,0,0,0,0,0,0,0,2,0,1,20.65,835.15,0,2,1,0,846.65,10.325,0,0.020083713775767596,2,Fence Sitters
0,0,1,1,27,1,1,2,0,1,0,1,0,0,0,1,3,85.2,2151.6,0,2,3,0,2300.4,21.3,0,0.1974079968422787,0,Champions
1,0,1,1,56,1,1,2,0,0,1,0,1,1,1,1,3,99.8,5515.45,0,3,4,0,5588.8,19.96,0,0.24492704305590396,0,Champions
1,0,0,0,6,1,0,0,0,0,0,0,0,0,0,0,1,20.7,112.75,0,0,1,1,124.2,10.35,1,0.25082054690980904,2,Fence Sitters
0,0,0,0,3,1,1,2,0,0,0,0,0,0,0,1,0,74.4,229.55,1,0,1,1,223.2,37.2,1,0.9168940381416248,1,At Risk
1,0,1,1,7,1,0,1,1,0,0,0,0,0,0,0,1,50.7,350.35,0,0,2,1,354.90000000000003,16.900000000000002,1,0.14300754679599958,2,Fence Sitters
1,0,1,1,4,1,0,0,0,0,0,0,0,0,0,0,1,20.85,62.9,0,0,1,1,83.4,10.425,1,0.1765522561857985,2,Fence Sitters
0,0,0,0,33,1,0,2,1,0,0,1,1,0,2,1,0,88.95,3027.65,0,2,4,0,2935.35,17.79,0,0.07384503177989875,0,Champions
1,1,0,0,27,1,1,2,0,0,1,0,0,0,0,1,0,78.05,2135.5,1,2,2,0,2107.35,26.016666666666666,0,0.4470526381843291,1,At Risk
0,0,1,0,72,1,1,0,0,0,0,0,0,0,2,1,2,23.55,1723.95,0,3,1,0,1695.6,11.775,0,0.011190454782251762,2,Fence Sitters
0,0,0,0,1,1,0,0,0,0,0,0,0,0,0,0,1,19.75,19.75,0,0,1,1,19.75,9.875,1,0.6301773548820512,1,At Risk
0,1,0,0,71,0,0,1,1,1,0,0,1,1,1,1,0,56.45,3985.35,0,3,4,0,4007.95,11.29,0,0.14031804975224005,0,Champions
1,0,0,0,13,1,1,2,0,0,0,0,0,1,0,1,0,85.95,1215.65,0,1,2,0,1117.35,28.65,0,0.8515321410289303,1,At Risk
1,0,1,1,25,0,0,1,1,1,1,0,1,1,0,1,3,58.6,1502.65,1,2,5,0,1465.0,9.766666666666667,0,0.19714843150090156,0,Champions
0,0,0,0,67,1,0,1,0,0,0,1,0,0,2,0,2,50.55,3260.1,0,3,2,0,3386.85,16.849999999999998,0,0.05596873469846539,2,Fence Sitters
0,0,0,0,1,0,0,1,0,0,0,0,0,1,0,1,0,35.45,35.45,1,0,1,1,35.45,17.725,1,0.937650208134543,1,At Risk
0,0,0,0,2,1,0,1,0,0,0,0,0,0,0,0,0,44.35,81.25,1,0,1,1,88.7,22.175,1,0.8342223899887699,1,At Risk
1,0,0,0,43,1,1,0,0,0,0,0,0,0,2,1,3,25.7,1188.2,0,2,1,0,1105.1,12.85,0,0.031894864182971716,2,Fence Sitters
1,0,0,0,23,1,0,2,1,0,0,0,0,0,0,1,2,75.0,1778.5,0,1,2,0,1725.0,25.0,0,0.3791872483162598,1,At Risk
1,0,1,1,64,1,0,0,0,0,0,0,0,0,2,0,1,20.2,1277.75,0,3,1,0,1292.8,10.1,0,0.008805271174324988,2,Fence Sitters
0,0,0,1,57,1,0,0,0,0,0,0,0,0,2,1,1,19.6,1170.55,0,3,1,0,1117.2,9.8,0,0.017611535140261408,2,Fence Sitters
1,1,1,0,1,1,0,2,0,0,0,0,0,0,0,1,1,70.45,70.45,1,0,1,1,70.45,35.225,1,0.8363561702342854,1,At Risk
1,1,1,1,72,1,1,1,1,1,1,1,1,1,2,1,3,88.05,6425.65,0,3,7,0,6339.599999999999,11.00625,0,0.008962875815443616,0,Champions
1,0,0,0,8,1,1,1,1,0,0,1,0,1,0,0,0,71.15,563.65,1,0,4,1,569.2,14.23,1,0.27706812966747063,1,At Risk
1,0,1,0,61,1,1,2,0,1,0,0,1,1,2,1,2,101.05,5971.25,0,3,4,0,6164.05,20.21,0,0.1090548980338543,0,Champions
0,0,0,0,64,1,1,2,1,1,0,0,0,0,1,1,3,84.3,5289.05,0,3,3,0,5395.2,21.075,0,0.12448590920644446,0,Champions
0,1,1,0,71,1,1,0,0,0,0,0,0,0,2,0,2,23.95,1756.2,0,3,1,0,1700.45,11.975,0,0.010212839435768166,2,Fence Sitters
1,0,1,1,65,1,1,2,1,1,0,1,1,0,2,1,3,99.05,6416.7,0,3,5,0,6438.25,16.508333333333333,0,0.04013122869030216,0,Champions
0,0,0,0,3,1,0,0,0,0,0,0,0,0,1,0,1,19.6,61.35,0,0,1,1,58.8,9.8,0,0.07648361898809884,2,Fence Sitters
0,0,0,0,1,1,0,1,0,0,0,0,0,0,0,1,0,45.65,45.65,1,0,1,1,45.65,22.825,1,0.8705076100674748,1,At Risk
0,0,0,1,30,1,0,1,0,1,1,0,1,0,1,0,3,64.5,1929.95,0,2,4,0,1935.0,12.9,0,0.08137749008885044,0,Champions
0,0,1,1,15,1,0,1,0,1,1,1,0,1,0,1,1,69.5,1071.4,0,1,5,0,1042.5,11.583333333333334,0,0.11433253394597831,0,Champions
1,0,1,1,8,1,0,1,0,0,0,1,1,1,0,1,0,68.55,564.35,0,0,4,1,548.4,13.71,1,0.1635809822423734,1,At Risk
0,0,0,0,7,1,1,2,0,0,0,0,1,1,0,0,1,95.0,655.5,1,0,3,1,665.0,23.75,1,0.9226978188732469,1,At Risk
1,0,1,1,70,1,1,2,1,1,1,0,1,1,1,1,3,108.15,7930.55,0,3,6,0,7570.5,15.45,0,0.11485124610593352,0,Champions
0,0,1,1,62,1,0,1,1,1,1,1,1,1,2,0,0,86.1,5215.25,0,3,7,0,5338.2,10.7625,0,0.020258042235620034,0,Champions
1,0,1,1,6,1,0,0,0,0,0,0,0,0,0,0,1,19.7,113.5,0,0,1,1,118.2,9.85,1,0.13521071051981937,2,Fence Sitters
1,0,1,1,14,1,0,2,0,0,0,0,0,1,0,1,2,80.9,1152.8,0,1,2,0,1132.6,26.96666666666667,0,0.5550871479633129,1,At Risk
1,0,0,0,22,1,1,2,0,0,0,0,1,0,0,1,2,84.15,1821.95,0,1,2,0,1851.3,28.05,0,0.7294881863329218,1,At Risk
0,0,1,1,22,1,0,0,0,0,0,0,0,0,1,0,1,20.15,419.9,0,1,1,0,443.3,10.075,0,0.029884045267841847,2,Fence Sitters
0,0,1,1,16,1,0,1,1,0,1,0,1,0,2,0,1,64.25,1024.0,0,1,4,0,1028.0,12.85,0,0.020459717806093247,0,Champions
0,0,0,0,10,1,1,0,0,0,0,0,0,0,2,0,2,25.7,251.6,0,0,1,1,257.0,12.85,0,0.04484334755010197,2,Fence Sitters
1,0,0,1,13,1,0,1,1,1,0,0,0,0,0,1,0,56.0,764.55,0,1,3,0,728.0,14.0,0,0.09789134343369403,2,Fence Sitters
1,0,1,0,20,1,1,2,1,0,0,0,0,0,0,0,0,82.4,1592.35,1,1,2,0,1648.0,27.46666666666667,0,0.4144408893124588,1,At Risk
1,0,0,0,2,1,0,2,0,0,0,0,0,0,0,1,0,69.7,135.2,0,0,1,1,139.4,34.85,1,0.83287614084341,1,At Risk
0,0,0,0,53,1,1,1,0,1,1,1,0,1,2,1,2,73.9,3958.25,0,3,5,0,3916.7,12.316666666666668,0,0.03237491309946413,0,Champions
1,0,1,1,11,1,0,0,0,0,0,0,0,0,1,0,1,20.6,233.9,0,0,1,1,226.6,10.3,0,0.04880954998556241,2,Fence Sitters
0,0,1,0,69,1,0,0,0,0,0,0,0,0,2,0,1,19.9,1363.45,0,3,1,0,1373.1,9.95,0,0.0081240778895005,2,Fence Sitters
1,0,0,0,4,1,0,2,0,0,0,0,0,0,0,1,2,70.9,273.0,1,0,1,1,283.6,35.45,1,0.7379670956429163,1,At Risk
0,0,1,0,72,1,1,1,1,1,1,1,1,1,2,1,2,89.05,6254.45,0,3,7,0,6411.599999999999,11.13125,0,0.007936898230296583,0,Champions
0,1,1,0,58,0,0,1,0,1,1,0,0,1,0,1,0,45.3,2651.2,1,3,3,0,2627.4,11.325,0,0.6159952888627525,1,At Risk
1,0,1,1,16,1,0,0,0,0,0,0,0,0,0,0,0,20.4,321.4,0,1,1,0,326.4,10.2,0,0.13052985769049388,2,Fence Sitters
0,0,1,0,43,1,0,2,1,0,1,1,0,0,1,1,2,84.25,3539.25,0,2,4,0,3622.75,16.85,0,0.10711630364894818,0,Champions
1,0,1,0,2,1,1,2,0,0,1,1,1,1,0,1,0,104.4,242.8,1,0,5,1,208.8,17.400000000000002,1,0.8258213589165126,1,At Risk
0,0,1,0,14,1,0,1,0,1,1,1,1,1,2,0,1,81.95,1181.75,0,1,6,0,1147.3,11.707142857142856,0,0.028379022195990845,0,Champions
1,0,1,0,53,1,0,2,0,0,1,0,1,1,1,1,2,94.85,5000.2,1,3,4,0,5027.049999999999,18.97,0,0.2896490778882271,0,Champions
1,0,0,0,32,1,0,0,0,0,0,0,0,0,1,0,2,20.55,654.55,0,2,1,0,657.6,10.275,0,0.035376095669593134,2,Fence Sitters
1,0,1,0,34,1,1,0,0,0,0,0,0,0,0,0,0,24.7,780.2,0,2,1,0,839.8,12.35,0,0.2559323924335068,2,Fence Sitters
1,1,0,0,15,1,1,2,0,0,0,0,0,0,0,1,1,74.45,1145.7,1,1,1,0,1116.75,37.225,0,0.7049132595615258,1,At Risk
1,1,0,0,7,1,0,2,1,0,0,0,0,0,0,0,2,76.45,503.6,1,0,2,1,535.15,25.48333333333333,1,0.4284751398547829,1,At Risk
1,0,1,1,15,1,1,2,0,1,1,0,1,1,0,1,2,105.35,1559.25,0,1,5,0,1580.25,17.558333333333334,0,0.5254041760047024,1,At Risk
0,0,1,0,61,1,0,0,0,0,0,0,0,0,1,1,3,20.55,1252.0,0,3,1,0,1253.55,10.275,0,0.018891020961441785,2,Fence Sitters
1,0,0,0,1,0,0,1,0,1,0,0,0,0,0,0,2,29.95,29.95,1,0,1,1,29.95,14.975,1,0.6685748511770696,1,At Risk
1,0,0,0,1,1,0,1,0,0,0,0,0,0,0,0,1,45.3,45.3,0,0,1,1,45.3,22.65,1,0.8067243221515248,1,At Risk
0,0,0,0,8,1,1,2,0,0,0,0,0,1,0,0,2,84.5,662.65,1,0,2,1,676.0,28.166666666666668,1,0.8716564405835533,1,At Risk
0,0,1,1,33,1,0,1,1,0,1,0,1,1,1,0,3,74.75,2453.3,0,2,5,0,2466.75,12.458333333333334,0,0.07858341639215212,0,Champions
1,0,0,0,13,1,0,2,0,1,1,0,0,0,0,1,0,79.25,1111.65,1,1,3,0,1030.25,19.8125,0,0.6924789784555799,1,At Risk
1,0,1,0,1,0,0,1,0,0,0,0,0,0,0,1,0,24.8,24.8,1,0,0,1,24.8,24.8,1,0.783195576113007,1,At Risk
0,0,0,0,20,1,0,1,0,1,0,0,0,0,0,1,1,51.8,1023.85,0,1,2,0,1036.0,17.266666666666666,0,0.45446321144252666,1,At Risk
0,0,0,0,3,0,0,1,0,0,0,1,0,0,0,0,0,30.4,82.15,0,0,1,1,91.2,15.2,1,0.6265380542958159,1,At Risk
1,0,0,0,13,1,0,0,0,0,0,0,0,0,1,0,0,19.65,244.8,0,1,1,0,255.45,9.825,0,0.07118614255843175,2,Fence Sitters
1,0,1,0,40,1,1,1,0,1,0,0,0,0,0,0,3,56.6,2379.1,0,2,2,0,2264.0,18.866666666666667,0,0.12682243969884635,2,Fence Sitters
0,0,1,1,43,1,1,1,1,0,0,1,0,1,1,1,3,71.9,3173.35,0,2,4,0,3091.7000000000003,14.38,0,0.058426969370063475,0,Champions
0,0,1,0,6,1,0,2,0,1,1,0,0,1,0,1,0,91.0,531.0,1,0,4,1,546.0,18.2,1,0.8308084852771684,1,At Risk
1,0,1,1,69,1,0,0,0,0,0,0,0,0,2,0,2,19.75,1375.4,0,3,1,0,1362.75,9.875,0,0.008313108259036613,2,Fence Sitters
1,0,1,1,72,1,1,2,1,1,1,0,1,1,2,0,3,109.7,8129.3,0,3,6,0,7898.400000000001,15.671428571428573,0,0.014194766680117396,0,Champions
0,0,1,1,59,1,0,0,0,0,0,0,0,0,2,0,3,19.3,1192.7,0,3,1,0,1138.7,9.65,0,0.012040319990279085,2,Fence Sitters
1,0,1,0,20,1,0,2,1,1,0,1,1,0,0,1,0,96.55,1901.65,0,1,5,0,1931.0,16.091666666666665,0,0.45338976405978165,0,Champions
0,0,1,1,24,1,1,0,0,0,0,0,0,0,2,1,2,24.1,587.4,0,1,1,0,578.4000000000001,12.05,0,0.021391393490575613,2,Fence Sitters
0,0,0,0,59,1,1,2,0,1,1,1,1,1,0,1,0,111.35,6519.75,0,3,6,0,6569.65,15.907142857142857,0,0.5305336776191268,0,Champions
0,0,1,1,72,1,1,2,0,1,1,1,1,1,2,1,2,112.25,8041.65,0,3,6,0,8082.0,16.035714285714285,0,0.05401873532636791,0,Champions
0,0,0,1,1,1,0,0,0,0,0,0,0,0,0,0,1,20.75,20.75,0,0,1,1,20.75,10.375,1,0.46896669726262197,2,Fence Sitters
1,0,1,0,27,1,0,2,1,0,0,1,1,1,1,1,3,101.9,2681.15,0,2,5,0,2751.3,16.983333333333334,0,0.3052871854911049,0,Champions
1,0,0,0,14,1,0,2,0,1,0,1,0,0,0,1,3,80.05,1112.3,0,1,3,0,1120.7,20.0125,0,0.37983473969042253,1,At Risk
0,0,1,1,71,1,1,2,1,0,1,0,1,1,2,0,0,105.55,7405.5,0,3,5,0,7494.05,17.591666666666665,0,0.12492041635019385,0,Champions
0,0,0,1,13,1,0,2,0,0,0,0,1,0,0,1,3,78.3,1033.95,0,1,2,0,1017.9,26.1,0,0.5715308890868029,1,At Risk
0,0,0,0,44,1,0,2,0,0,0,0,0,0,0,0,3,68.85,2958.95,0,2,1,0,3029.4,34.425,0,0.5617501420492406,1,At Risk
1,0,0,0,33,1,0,2,0,1,0,1,0,0,1,1,2,79.95,2684.85,0,2,3,0,2638.35,19.9875,0,0.09440418241082082,0,Champions
0,0,1,1,72,0,0,1,1,1,1,1,0,1,2,1,3,55.45,4179.2,0,3,5,0,3992.4,9.241666666666667,0,0.007287949419840996,0,Champions
0,0,0,0,1,1,0,2,0,0,0,0,0,1,0,0,0,79.9,79.9,1,0,2,1,79.9,26.633333333333336,1,0.9435541424366286,1,At Risk
1,0,0,0,19,1,0,2,1,0,1,1,1,1,0,1,0,106.6,1934.45,1,1,6,0,2025.4,15.228571428571428,0,0.5697218996066231,0,Champions
0,0,1,0,64,1,0,2,0,1,1,1,1,1,1,1,3,102.45,6654.1,0,3,6,0,6556.8,14.635714285714286,0,0.28042541250121555,0,Champions
0,0,0,0,2,1,0,1,0,0,0,0,0,0,0,1,3,46.0,84.5,1,0,1,1,92.0,23.0,1,0.593809871819827,1,At Risk
1,0,0,0,1,0,0,1,0,0,0,0,0,0,0,0,0,25.25,25.25,0,0,0,1,25.25,25.25,1,0.8424111335179014,1,At Risk
0,0,0,1,61,1,0,0,0,0,0,0,0,0,2,0,1,19.75,1124.2,0,3,1,0,1204.75,9.875,0,0.022487513727955773,2,Fence Sitters
1,0,1,1,29,1,0,0,0,0,0,0,0,0,1,0,0,20.0,540.05,0,2,1,0,580.0,10.0,0,0.035856779344493765,2,Fence Sitters
0,1,1,0,23,1,1,2,0,0,0,0,0,1,0,0,0,86.8,1975.85,0,1,2,0,1996.4,28.933333333333334,0,0.7433892969327079,1,At Risk
1,0,1,0,57,0,0,1,1,1,1,0,1,1,0,1,2,58.75,3437.45,0,3,5,0,3348.75,9.791666666666666,0,0.22218701385921885,0,Champions
0,0,1,1,72,0,0,1,1,1,1,1,0,0,2,0,3,45.25,3139.8,0,3,4,0,3258.0,9.05,0,0.007104955221005187,0,Champions
0,0,1,0,66,0,0,1,1,1,1,1,1,0,2,1,2,56.6,3789.2,0,3,5,0,3735.6,9.433333333333334,0,0.014810571580167705,0,Champions
0,0,1,1,65,1,1,1,0,1,1,1,1,1,2,1,2,84.2,5324.5,0,3,6,0,5473.0,12.028571428571428,0,0.02452995079017429,0,Champions
1,0,0,0,8,1,0,2,0,0,0,0,1,0,0,1,2,80.0,624.6,0,0,2,1,640.0,26.666666666666668,1,0.7920169849593718,1,At Risk
1,0,0,0,4,1,0,2,0,0,0,0,0,0,0,1,0,70.15,268.35,1,0,1,1,280.6,35.075,1,0.8088075514175,1,At Risk
1,0,1,0,71,1,1,0,0,0,0,0,0,0,2,0,2,24.75,1836.9,0,3,1,0,1757.25,12.375,0,0.009062074756979312,2,Fence Sitters
0,0,1,1,1,1,0,0,0,0,0,0,0,0,1,1,0,20.2,20.2,0,0,1,1,20.2,10.1,0,0.13113334966726026,2,Fence Sitters
0,0,1,0,4,1,0,1,0,0,0,1,0,0,0,0,1,50.05,179.35,1,0,2,1,200.2,16.683333333333334,1,0.3730003051561224,1,At Risk
1,0,0,0,12,1,0,0,0,0,0,0,0,0,1,1,2,19.35,219.35,0,0,1,1,232.2,9.675,0,0.04471637699757308,2,Fence Sitters
0,0,0,0,24,0,0,1,1,0,0,0,1,1,1,1,1,50.6,1288.75,0,1,3,0,1214.4,12.65,0,0.12414888674164264,2,Fence Sitters
1,0,1,1,31,1,0,1,1,0,1,1,1,1,1,1,1,81.15,2545.75,0,2,6,0,2515.65,11.592857142857143,0,0.07260028966966478,0,Champions
1,0,1,0,1,1,0,1,0,0,0,0,1,0,0,0,1,55.2,55.2,1,0,2,1,55.2,18.4,1,0.7768759516344511,1,At Risk
0,0,0,0,30,1,1,2,0,0,0,1,0,1,0,1,3,89.9,2723.15,0,2,3,0,2697.0,22.475,0,0.32770310902418515,0,Champions
1,0,1,1,47,1,1,1,1,1,0,1,1,1,2,1,3,85.3,4107.25,0,2,6,0,4009.1,12.185714285714283,0,0.015592556084979552,0,Champions
0,0,0,0,54,1,1,2,1,1,0,1,1,1,2,1,3,108.0,5760.65,0,3,6,0,5832.0,15.428571428571429,0,0.28688488088200115,0,Champions
0,0,0,0,50,1,0,2,1,1,0,1,0,1,0,1,3,93.5,4747.5,0,3,5,0,4675.0,15.583333333333334,0,0.18227309147367032,0,Champions
0,0,0,0,1,1,0,2,1,0,0,0,0,1,0,1,1,84.6,84.6,1,0,3,1,84.6,21.15,1,0.6631460429011585,1,At Risk
1,0,0,0,72,1,0,0,0,0,0,0,0,0,2,0,3,20.25,1566.9,0,3,1,0,1458.0,10.125,0,0.005938895836630781,2,Fence Sitters
1,0,0,0,29,1,1,0,0,0,0,0,0,0,0,0,0,25.15,702.0,0,2,1,0,729.3499999999999,12.575,0,0.3166125732705552,2,Fence Sitters
0,0,0,0,2,1,1,1,0,1,0,0,0,0,0,1,1,54.4,114.1,1,0,2,1,108.8,18.133333333333333,1,0.7203705819248657,1,At Risk
1,0,0,0,10,0,0,1,0,0,0,1,0,0,2,1,1,29.6,299.05,0,0,1,1,296.0,14.8,0,0.10842437639307548,2,Fence Sitters
0,0,1,0,18,1,1,2,0,0,0,0,0,0,0,1,0,73.15,1305.95,0,1,1,0,1316.7,36.575,0,0.5971963338050077,1,At Risk
1,1,0,0,11,1,0,2,0,1,0,0,1,1,0,1,0,95.0,1120.3,1,0,4,1,1045.0,19.0,1,0.7794654237957037,1,At Risk
0,0,0,0,16,1,0,0,0,0,0,0,0,0,2,0,1,19.75,284.35,0,1,1,0,316.0,9.875,0,0.027547236744330107,2,Fence Sitters
1,0,0,0,72,1,1,1,0,1,1,1,1,1,2,0,2,86.6,6350.5,0,3,6,0,6235.2,12.37142857142857,0,0.028787336597739348,0,Champions
0,0,0,0,72,1,1,2,0,1,1,1,1,1,2,0,2,109.2,7878.3,0,3,6,0,7862.400000000001,15.6,0,0.2739281751947698,0,Champions
1,0,1,1,41,1,0,1,1,0,0,1,1,1,1,1,3,74.7,3187.65,0,2,5,0,3062.7000000000003,12.45,0,0.07755943156224983,0,Champions
1,1,1,0,65,1,0,2,1,1,1,0,0,1,0,0,0,94.4,6126.15,0,3,5,0,6136.0,15.733333333333334,0,0.27012057102575976,0,Champions
1,1,0,0,13,1,0,1,0,1,1,0,0,0,0,1,0,54.8,731.3,0,1,3,0,712.4,13.7,0,0.2304923385073885,2,Fence Sitters
0,1,0,0,4,1,0,2,1,0,0,0,0,0,0,0,0,75.35,273.4,0,0,2,1,301.4,25.116666666666664,1,0.547977684405646,1,At Risk
0,0,0,0,41,1,1,1,0,0,1,0,0,1,1,0,1,65.0,2531.8,0,2,3,0,2665.0,16.25,0,0.24000151272524506,0,Champions
0,1,0,0,15,1,0,2,0,1,0,0,0,0,0,1,0,74.4,1074.3,1,1,2,0,1116.0,24.8,0,0.7415081325542823,1,At Risk
0,0,0,0,1,1,0,1,1,0,0,0,0,0,0,1,1,48.55,48.55,1,0,2,1,48.55,16.183333333333334,1,0.6215196546880875,1,At Risk
0,0,0,0,42,1,1,2,1,1,1,0,0,1,1,1,0,99.0,4298.45,0,2,5,0,4158.0,16.5,0,0.23501933920070214,0,Champions
1,0,1,0,51,1,0,2,1,1,1,0,1,0,1,1,0,93.5,4619.55,0,3,5,0,4768.5,15.583333333333334,0,0.20194768565811572,0,Champions
1,0,1,1,2,1,0,2,0,0,0,0,0,0,0,0,0,70.4,147.15,1,0,1,1,140.8,35.2,1,0.687135481419271,1,At Risk
0,1,1,0,1,0,0,1,0,1,0,0,1,0,0,0,0,40.2,40.2,1,0,2,1,40.2,13.4,1,0.8824115451446907,1,At Risk
0,0,0,1,32,1,1,1,0,1,1,1,1,1,1,0,3,83.7,2633.3,0,2,6,0,2678.4,11.957142857142856,0,0.10550078053952655,0,Champions
0,0,0,0,10,1,0,0,0,0,0,0,0,0,0,1,1,19.85,193.05,0,0,1,1,198.5,9.925,1,0.23267875460236392,2,Fence Sitters
1,0,1,1,67,0,0,1,0,1,1,1,1,1,2,1,0,59.55,4103.9,0,3,5,0,3989.85,9.925,0,0.03153071589943318,0,Champions
1,0,1,1,61,1,1,2,1,1,1,1,1,1,2,0,3,115.1,7008.15,0,3,7,0,7021.099999999999,14.3875,0,0.058232084315985345,0,Champions
0,0,0,0,50,1,1,2,1,1,1,1,1,1,1,0,3,114.35,5791.1,0,3,7,0,5717.5,14.29375,0,0.36048889321760635,0,Champions
1,0,1,0,2,1,0,1,0,0,0,0,0,0,0,1,3,44.6,80.55,1,0,1,1,89.2,22.3,1,0.391172552794501,1,At Risk
1,1,1,0,29,0,0,1,1,0,1,0,0,1,0,1,0,45.0,1228.65,0,2,3,0,1305.0,11.25,0,0.32116933322355784,2,Fence Sitters
0,1,0,0,3,0,0,1,0,0,1,0,0,1,0,1,0,41.15,132.2,1,0,2,1,123.45,13.716666666666669,1,0.8761575681025034,1,At Risk
0,1,0,0,13,1,1,2,0,1,1,0,1,1,0,1,0,106.9,1364.3,1,1,5,0,1389.7,17.816666666666666,0,0.8368616447095883,1,At Risk
0,1,1,0,57,1,1,2,0,1,0,0,0,1,0,1,0,89.85,4925.35,0,3,3,0,5121.45,22.4625,0,0.5859549243615543,0,Champions
1,0,0,0,31,0,0,1,1,1,0,1,0,1,2,1,2,49.85,1520.1,0,2,4,0,1545.35,9.97,0,0.029863401894020678,2,Fence Sitters
1,0,1,0,45,1,1,2,1,1,1,1,1,1,1,0,1,113.3,5032.25,0,2,7,0,5098.5,14.1625,0,0.27798332594203057,0,Champions
1,0,1,1,61,1,1,1,1,1,1,1,1,1,2,0,1,88.1,5526.75,0,3,7,0,5374.099999999999,11.0125,0,0.019893857223018965,0,Champions
0,0,0,0,50,1,1,0,0,0,0,0,0,0,2,0,2,24.9,1195.25,0,3,1,0,1245.0,12.45,0,0.03467420692780846,2,Fence Sitters
1,1,0,0,19,1,0,2,1,1,0,1,1,1,0,1,1,105.0,2007.25,0,1,6,0,1995.0,15.0,0,0.4833671908541136,0,Champions
0,0,0,0,59,1,0,0,0,0,0,0,0,0,2,0,1,19.35,1099.6,1,3,1,0,1141.65,9.675,0,0.022674173038936606,2,Fence Sitters
1,0,1,0,71,1,1,0,0,0,0,0,0,0,2,1,3,24.25,1732.95,0,3,1,0,1721.75,12.125,0,0.006844608341614159,2,Fence Sitters
1,1,0,0,16,1,0,2,0,0,0,1,1,1,0,1,0,94.45,1511.2,1,1,4,0,1511.2,18.89,0,0.6508541875065169,1,At Risk
0,0,1,0,57,1,0,1,1,1,0,1,0,0,2,1,0,59.75,3450.15,0,3,4,0,3405.75,11.95,0,0.017876778447285187,0,Champions
0,0,0,0,1,0,0,1,0,0,0,0,0,0,0,0,2,24.8,24.8,1,0,0,1,24.8,24.8,1,0.7803967512779958,1,At Risk
0,1,1,0,20,1,1,2,0,1,0,1,1,1,0,0,0,107.05,2172.05,0,1,5,0,2141.0,17.841666666666665,0,0.3717058440124213,0,Champions
0,0,0,0,1,1,0,2,0,0,0,0,0,0,0,0,1,70.6,70.6,1,0,1,1,70.6,35.3,1,0.8986631963001958,1,At Risk
0,0,1,0,5,1,1,2,0,1,0,1,0,0,0,1,0,85.4,401.1,1,0,3,1,427.0,21.35,1,0.6445347876123306,1,At Risk
1,0,1,0,52,1,1,2,0,1,1,0,1,1,0,1,0,105.05,5624.85,1,3,5,0,5462.599999999999,17.508333333333333,0,0.6311523266976335,0,Champions
0,1,1,0,21,1,0,1,1,1,0,0,0,1,0,1,2,64.95,1339.8,0,1,4,0,1363.95,12.99,0,0.16916025702920595,0,Champions
0,0,0,0,14,0,0,1,0,0,1,1,1,1,0,1,0,55.0,771.95,0,1,4,0,770.0,11.0,0,0.4444097552775051,1,At Risk
1,0,0,0,5,1,0,1,0,1,0,0,0,0,0,0,2,50.55,244.75,0,0,2,1,252.75,16.849999999999998,1,0.3415951178874973,1,At Risk
1,0,0,0,6,1,0,1,1,1,0,0,0,0,0,0,1,55.15,322.9,0,0,3,1,330.9,13.7875,1,0.19491509556351103,2,Fence Sitters
1,0,0,0,10,1,0,1,0,1,0,0,0,0,0,0,0,51.2,498.25,0,0,2,1,512.0,17.066666666666666,1,0.2612836397255694,2,Fence Sitters
1,0,0,1,1,1,1,0,0,0,0,0,0,0,0,0,1,25.4,25.4,0,0,1,1,25.4,12.7,1,0.42968595784733954,2,Fence Sitters
1,0,0,0,68,1,1,1,1,0,0,0,0,0,0,0,1,54.45,3687.75,0,3,2,0,3702.6,18.15,0,0.15329179130021992,2,Fence Sitters
0,0,1,1,18,1,0,2,0,0,1,0,1,1,0,0,1,95.15,1779.95,1,1,4,0,1712.7,19.03,0,0.6045520757607871,1,At Risk
1,0,0,0,22,1,1,2,0,0,0,0,0,0,1,1,3,76.0,1783.6,0,1,1,0,1672.0,38.0,0,0.10610647033958373,2,Fence Sitters
1,0,0,0,20,1,0,1,0,0,0,0,0,0,0,1,0,44.35,927.15,0,1,1,0,887.0,22.175,0,0.5430073784261932,1,At Risk
0,0,1,0,1,1,0,2,0,0,0,0,0,0,0,0,0,70.0,70.0,1,0,1,1,70.0,35.0,1,0.8948498647473371,1,At Risk
0,1,0,0,8,1,0,2,0,1,0,0,0,0,0,1,0,74.5,606.55,1,0,2,1,596.0,24.83333333333333,1,0.7494761957109414,1,At Risk
0,0,0,0,10,1,0,1,0,0,0,0,0,0,0,1,3,44.85,435.4,1,0,1,1,448.5,22.425,1,0.4256012289963958,1,At Risk
0,1,0,0,24,1,1,2,0,0,0,0,0,0,0,1,0,76.1,1712.7,1,1,1,0,1826.4,38.05,0,0.7336421834439741,1,At Risk
0,0,0,0,35,1,0,1,1,1,1,0,0,0,1,0,1,61.2,2021.2,0,2,4,0,2142.0,12.24,0,0.11668037490014853,0,Champions
0,0,1,1,23,1,0,2,0,1,1,1,0,0,1,0,1,86.8,1940.8,0,1,4,0,1996.4,17.36,0,0.14900979093794564,0,Champions
1,1,0,0,6,1,0,2,0,0,0,0,1,1,0,1,0,89.35,567.8,0,0,3,1,536.0999999999999,22.3375,1,0.8385528994043282,1,At Risk
1,0,0,0,12,1,0,0,0,0,0,0,0,0,0,0,1,19.7,220.35,0,0,1,1,236.4,9.85,1,0.24814150452908912,2,Fence Sitters
0,0,0,0,1,1,0,0,0,0,0,0,0,0,0,0,1,20.25,20.25,0,0,1,1,20.25,10.125,1,0.578166032134635,1,At Risk
1,0,1,1,71,1,0,2,0,0,1,0,0,0,2,0,0,76.05,5436.45,0,3,2,0,5399.55,25.35,0,0.04778278035414602,0,Champions
0,1,1,0,35,1,1,2,0,0,1,0,1,1,0,1,0,100.8,3437.5,0,2,4,0,3528.0,20.16,0,0.6448778757774916,1,At Risk
0,0,1,1,40,1,1,1,0,0,1,0,1,1,0,1,0,74.55,3015.75,0,2,4,0,2982.0,14.91,0,0.489058559705875,0,Champions
1,0,0,1,1,1,0,2,1,0,0,0,0,0,0,1,1,73.6,73.6,1,0,2,1,73.6,24.53333333333333,1,0.7485022095463237,1,At Risk
0,0,0,0,23,1,0,1,0,0,0,0,1,1,1,1,2,64.9,1509.8,0,1,3,0,1492.7,16.225,0,0.22285411797489602,2,Fence Sitters
1,1,0,0,4,1,1,2,0,0,0,0,1,1,0,1,0,95.45,396.1,1,0,3,1,381.8,23.8625,1,0.905019696784283,1,At Risk
0,0,0,0,4,1,0,2,0,0,1,1,0,1,0,1,0,90.4,356.65,0,0,4,1,361.6,18.08,1,0.6461883249871315,1,At Risk
1,0,1,1,68,0,0,1,0,1,1,1,1,1,2,0,3,60.3,4109.0,0,3,5,0,4100.4,10.05,0,0.011790172462932059,0,Champions
0,0,0,1,38,1,1,2,0,1,0,0,0,0,0,1,1,81.85,3141.7,0,2,2,0,3110.3,27.28333333333333,0,0.5447942098630619,1,At Risk
0,0,1,1,52,1,1,0,0,0,0,0,0,0,2,0,1,24.8,1229.1,0,3,1,0,1289.6,12.4,0,0.016721860171209402,2,Fence Sitters
0,1,1,0,32,1,1,2,0,0,0,0,0,0,0,1,0,74.9,2303.35,1,2,1,0,2396.8,37.45,0,0.672298458940119,1,At Risk
0,0,1,1,29,1,0,1,0,0,1,1,1,1,2,0,1,75.55,2054.4,0,2,5,0,2190.95,12.591666666666669,0,0.0190520482443714,0,Champions
0,1,1,1,38,1,1,2,0,1,0,0,1,1,0,0,0,101.15,3741.85,0,2,4,0,3843.7,20.23,0,0.4050107265524737,0,Champions
0,0,0,1,48,1,1,1,1,0,1,0,1,1,1,1,3,78.75,3682.45,0,2,5,0,3780.0,13.125,0,0.08175835797028803,0,Champions
1,0,0,0,1,1,0,0,0,0,0,0,0,0,0,1,2,19.25,19.25,0,0,1,1,19.25,9.625,1,0.40757725877004003,2,Fence Sitters
1,0,0,0,22,1,0,2,1,0,0,1,0,1,0,1,0,89.05,1886.25,0,1,4,0,1959.1,17.81,0,0.34115977117997526,0,Champions
1,0,0,0,43,1,1,2,1,1,1,1,1,1,2,0,3,115.05,4895.1,0,2,7,0,4947.15,14.38125,0,0.16447144766504146,0,Champions
1,1,1,0,5,1,0,2,0,0,0,0,0,0,0,1,0,69.35,341.6,0,0,1,1,346.75,34.675,1,0.6938537958626547,1,At Risk
0,0,0,0,5,1,0,2,0,0,0,0,1,0,0,1,0,80.6,415.55,1,0,2,1,403.0,26.866666666666664,1,0.9031769134916255,1,At Risk
0,0,1,1,51,1,1,2,1,1,0,1,1,1,1,0,3,110.05,5686.4,0,3,6,0,5612.55,15.721428571428572,0,0.16688355448167178,0,Champions
0,0,0,0,71,1,0,0,0,0,0,0,0,0,2,1,3,19.9,1355.1,0,3,1,0,1412.9,9.95,0,0.005301691221468063,2,Fence Sitters
1,0,1,1,38,1,0,1,1,1,0,1,1,1,1,0,3,80.3,3058.65,1,2,6,0,3051.4,11.471428571428572,0,0.14408478309234599,0,Champions
0,1,1,0,24,1,0,2,0,0,1,0,1,1,0,1,0,93.15,2231.05,1,1,4,0,2235.6000000000004,18.630000000000003,0,0.6935978649869128,1,At Risk
0,0,1,0,35,1,1,2,0,0,0,1,1,0,0,1,3,91.5,3236.35,0,2,3,0,3202.5,22.875,0,0.28597003926352627,0,Champions
1,1,0,0,54,1,1,1,1,1,0,1,1,1,1,0,2,82.45,4350.1,1,3,6,0,4452.3,11.778571428571428,0,0.19819637312925267,0,Champions
1,0,1,1,72,0,0,1,0,1,1,1,1,1,2,1,0,60.0,4264.0,0,3,5,0,4320.0,10.0,0,0.0309586839846512,0,Champions
0,0,0,0,1,1,0,1,0,0,0,0,0,0,0,1,0,44.8,44.8,0,0,1,1,44.8,22.4,1,0.8465392031442275,1,At Risk
1,0,1,1,9,1,0,1,1,0,0,0,0,0,1,0,1,48.6,422.3,0,0,2,1,437.4,16.2,0,0.06863289319732524,2,Fence Sitters
0,0,0,0,69,0,0,1,1,1,0,1,1,1,2,1,2,60.05,4176.7,0,3,5,0,4143.45,10.008333333333333,0,0.02637064715725932,0,Champions
1,0,1,0,52,1,1,2,0,1,0,1,1,1,0,1,3,102.7,5138.1,0,3,5,0,5340.400000000001,17.116666666666667,0,0.2818713939788375,0,Champions
1,1,1,0,11,1,0,2,0,0,0,1,1,0,0,1,0,82.9,880.05,0,0,3,1,911.9,20.725,1,0.6087854750540789,1,At Risk
1,1,0,0,2,1,0,2,0,0,0,0,0,0,0,1,0,70.35,139.05,1,0,1,1,140.7,35.175,1,0.7595101140453152,1,At Risk
1,1,1,1,28,0,0,1,0,0,0,0,1,0,0,1,0,35.9,973.65,0,2,1,0,1005.2,17.95,0,0.3408829903157519,2,Fence Sitters
1,1,0,0,17,1,1,2,0,0,1,0,0,0,0,1,3,82.65,1470.05,0,1,2,0,1405.0500000000002,27.55,0,0.46850015175044535,1,At Risk
1,0,1,1,35,1,0,0,0,0,0,0,0,0,2,1,1,19.85,739.35,0,2,1,0,694.75,9.925,0,0.013382308920290673,2,Fence Sitters
1,0,0,0,8,1,0,0,0,0,0,0,0,0,1,1,1,19.2,161.95,0,0,1,1,153.6,9.6,0,0.03173766063368484,2,Fence Sitters
0,0,0,0,46,1,1,2,0,1,1,0,1,0,1,1,3,94.9,4422.95,0,2,4,0,4365.400000000001,18.98,0,0.26403208040265574,0,Champions
1,0,0,0,7,1,1,2,0,0,0,0,0,0,0,1,0,73.85,511.25,1,0,1,1,516.9499999999999,36.925,1,0.7885741054729127,1,At Risk
1,0,0,0,2,1,1,2,0,0,1,0,0,0,0,0,1,80.6,155.8,1,0,2,1,161.2,26.866666666666664,1,0.8252009074165216,1,At Risk
0,0,1,1,68,1,1,1,0,1,1,1,0,1,1,1,2,75.8,5293.95,1,3,5,0,5154.4,12.633333333333333,0,0.2386690530720502,0,Champions
1,0,0,0,43,1,1,2,0,1,1,0,1,1,2,1,0,104.6,4759.85,1,2,5,0,4497.8,17.433333333333334,0,0.1551343577335387,0,Champions
1,0,0,0,68,1,1,1,1,1,1,1,1,1,2,1,0,88.15,6148.45,0,3,7,0,5994.200000000001,11.01875,0,0.03672172409946342,0,Champions
1,0,0,0,36,1,0,2,0,1,0,0,1,1,0,1,3,94.8,3565.65,0,2,4,0,3412.8,18.96,0,0.42444840139052076,0,Champions
0,0,1,0,63,1,1,2,0,1,1,0,1,1,0,1,0,103.4,6603.0,1,3,5,0,6514.200000000001,17.233333333333334,0,0.7259469450003544,0,Champions
1,1,0,0,32,1,0,1,0,1,0,1,0,0,0,0,2,54.65,1830.1,0,2,3,0,1748.8,13.6625,0,0.16507013880796684,2,Fence Sitters
1,0,1,0,71,1,1,1,1,1,1,1,1,1,2,0,3,85.75,6223.8,0,3,7,0,6088.25,10.71875,0,0.009369135531887458,0,Champions
1,0,1,1,66,1,1,1,1,1,1,0,0,0,0,1,2,67.45,4508.65,0,3,4,0,4451.7,13.49,0,0.07094867915772311,0,Champions
0,0,0,0,63,1,0,0,0,0,0,0,0,0,1,0,1,20.5,1328.15,0,3,1,0,1291.5,10.25,0,0.03217328894609626,2,Fence Sitters
1,0,0,1,41,1,0,0,0,0,0,0,0,0,1,1,3,20.25,865.0,0,2,1,0,830.25,10.125,0,0.023901620470497077,2,Fence Sitters
1,1,0,0,1,1,1,2,0,0,0,0,0,0,0,1,0,72.1,72.1,0,0,1,1,72.1,36.05,1,0.8629245566263545,1,At Risk
1,0,0,0,2,1,0,2,0,0,0,0,1,1,0,1,0,90.4,168.2,1,0,3,1,180.8,22.6,1,0.8894100824485839,1,At Risk
1,0,1,0,70,1,0,0,0,0,0,0,0,0,2,0,2,19.45,1303.5,0,3,1,0,1361.5,9.725,0,0.013887958974004399,2,Fence Sitters
1,0,0,0,23,0,0,1,0,0,0,0,1,1,0,1,0,44.95,996.85,0,1,2,0,1033.85,14.983333333333334,0,0.7770149189529729,1,At Risk
1,1,1,0,64,1,0,2,1,1,1,0,0,1,1,0,2,97.0,6430.9,0,3,5,0,6208.0,16.166666666666668,0,0.1394053654652737,0,Champions
0,0,1,1,37,1,1,1,1,0,1,1,0,0,2,1,3,62.8,2278.75,0,2,4,0,2323.6,12.56,0,0.012212790970136398,0,Champions
0,0,0,1,17,1,0,1,0,0,0,0,0,0,1,0,1,44.6,681.4,0,1,1,0,758.2,22.3,0,0.13985306622413402,2,Fence Sitters
1,1,0,0,7,1,0,2,0,0,0,0,1,1,0,1,0,89.15,574.35,0,0,3,1,624.0500000000001,22.2875,1,0.8385528994043282,1,At Risk
0,0,1,1,4,1,1,2,0,1,1,0,0,0,0,1,2,84.8,371.9,1,0,3,1,339.2,21.2,1,0.8459395555923099,1,At Risk
1,1,0,0,21,0,0,1,1,0,0,0,1,0,0,1,0,41.9,840.1,1,1,2,0,879.9,13.966666666666669,0,0.5672725431277943,1,At Risk
1,0,0,0,10,1,0,2,0,0,0,0,0,1,0,1,2,80.25,846.0,1,0,2,1,802.5,26.75,1,0.7538788916179556,1,At Risk
1,1,0,0,16,1,1,1,1,0,0,0,0,0,0,1,0,54.1,889.0,0,1,2,0,865.6,18.03333333333333,0,0.38214826889643383,1,At Risk
0,0,1,0,64,1,1,2,0,1,0,1,1,1,2,1,0,105.25,6823.4,0,3,5,0,6736.0,17.541666666666668,0,0.10956945324694058,0,Champions
0,1,1,0,27,0,0,1,1,0,0,0,0,0,0,0,3,30.75,805.1,1,2,1,0,830.25,15.375,0,0.425880269633663,2,Fence Sitters
0,0,1,1,42,1,1,2,1,0,0,0,1,1,1,0,0,97.1,4016.75,0,2,4,0,4078.2,19.42,0,0.2517791569876048,0,Champions
0,0,0,1,5,1,0,0,0,0,0,0,0,0,0,0,1,20.2,83.75,0,0,1,1,101.0,10.1,1,0.15431153114695847,2,Fence Sitters
1,0,0,0,41,1,0,2,0,1,0,1,1,1,2,1,2,98.8,3959.15,0,2,5,0,4050.8,16.466666666666665,0,0.07534480828647903,0,Champions
0,0,1,0,58,1,0,1,0,0,1,0,0,0,1,0,3,50.3,2878.55,0,3,2,0,2917.4,16.766666666666666,0,0.10773001796485458,2,Fence Sitters
1,0,0,0,47,1,0,0,0,0,0,0,0,0,2,1,1,20.55,945.7,0,2,1,0,965.85,10.275,0,0.018890843073729985,2,Fence Sitters
0,0,0,0,18,1,0,2,0,0,0,1,0,0,0,1,2,75.9,1373.05,0,1,2,0,1366.2,25.3,0,0.4098295369113208,1,At Risk
0,0,0,0,5,1,0,2,0,0,1,0,1,1,0,0,2,96.5,492.55,1,0,4,1,482.5,19.3,1,0.8947859189404482,1,At Risk
0,0,1,0,23,1,0,1,1,0,0,0,0,1,0,1,2,59.95,1406.0,0,1,3,0,1378.85,14.9875,0,0.15500098661078368,2,Fence Sitters
1,0,0,0,1,1,0,0,0,0,0,0,0,0,0,0,1,19.15,19.15,0,0,1,1,19.15,9.575,1,0.36428818487937065,2,Fence Sitters
0,0,1,0,71,1,1,2,0,0,1,0,1,1,1,1,3,98.65,6962.85,0,3,4,0,7004.150000000001,19.73,0,0.23910877630891444,0,Champions
0,0,1,1,72,1,1,2,1,1,1,1,1,1,2,1,3,112.6,8126.65,0,3,7,0,8107.2,14.075,0,0.011442023644940758,0,Champions
0,0,1,1,33,1,0,0,0,0,0,0,0,0,1,0,1,20.6,690.25,0,2,1,0,679.8000000000001,10.3,0,0.028161911661557272,2,Fence Sitters
0,0,0,0,2,1,1,2,0,0,0,0,1,0,0,1,0,85.65,181.5,1,0,2,1,171.3,28.55,1,0.9322826577467368,1,At Risk
0,0,0,1,24,0,0,1,1,0,0,1,0,0,2,0,1,35.75,830.8,0,1,2,0,858.0,11.916666666666666,0,0.026890072377920713,2,Fence Sitters
1,0,1,1,56,1,1,2,0,1,1,1,0,1,1,1,3,99.75,5608.4,0,3,5,0,5586.0,16.625,0,0.1139620858508653,0,Champions
0,0,0,0,37,1,0,2,0,1,0,0,1,1,0,1,3,96.1,3646.8,0,2,4,0,3555.7,19.22,0,0.5632801231146022,0,Champions
1,0,0,0,43,1,1,1,0,1,1,1,1,1,1,0,3,85.1,3662.25,0,2,6,0,3659.3,12.157142857142857,0,0.09931914136306641,0,Champions
0,0,0,0,1,0,0,1,0,0,0,0,0,0,0,0,1,25.35,25.35,0,0,0,1,25.35,25.35,1,0.8371206907779597,1,At Risk
1,0,1,0,25,1,1,2,0,0,1,1,1,1,0,1,2,104.95,2566.5,1,2,5,0,2623.75,17.491666666666667,0,0.5778905943773567,0,Champions
1,0,0,0,61,1,1,1,1,1,1,1,1,1,2,0,0,89.65,5308.7,0,3,7,0,5468.650000000001,11.20625,0,0.02648047737594313,0,Champions
0,0,0,0,17,1,1,2,0,0,1,1,0,0,1,0,0,86.75,1410.25,0,1,3,0,1474.75,21.6875,0,0.2906120445128245,1,At Risk
1,0,1,0,41,1,0,2,0,1,1,1,0,0,1,1,2,86.2,3339.05,0,2,4,0,3534.2000000000003,17.240000000000002,0,0.11616239817993634,0,Champions
0,0,0,0,1,1,0,1,0,1,0,0,0,0,0,0,1,50.65,50.65,1,0,2,1,50.65,16.883333333333333,1,0.6957242235710943,1,At Risk
0,1,1,1,72,0,0,1,1,1,1,1,1,1,2,1,2,64.8,4732.35,0,3,6,0,4665.599999999999,9.257142857142856,0,0.008598688654668315,0,Champions
0,0,0,0,1,1,1,2,0,1,0,0,0,1,0,1,3,90.85,90.85,1,0,3,1,90.85,22.7125,1,0.8811160095360676,1,At Risk
0,0,0,0,48,1,1,2,0,1,1,0,1,1,2,1,2,108.1,5067.45,0,2,5,0,5188.799999999999,18.016666666666666,0,0.3994873646672605,0,Champions
0,1,1,0,11,1,0,0,0,0,0,0,0,0,0,0,1,19.95,214.75,1,0,1,1,219.45,9.975,1,0.24727417046970948,2,Fence Sitters
1,1,1,0,55,1,1,2,0,1,1,0,0,0,0,1,0,85.45,4874.7,1,3,3,0,4699.75,21.3625,0,0.4755466384415566,0,Champions
1,0,0,0,42,0,0,1,1,1,1,1,0,1,1,1,0,54.75,2348.45,0,2,5,0,2299.5,9.125,0,0.13946701918411483,0,Champions
0,0,0,0,44,1,1,2,0,0,1,0,0,1,0,1,1,90.4,4063.0,0,2,3,0,3977.6,22.6,0,0.6780270287764559,1,At Risk
0,0,0,1,1,1,0,1,0,0,0,0,0,0,0,0,0,44.0,44.0,0,0,1,1,44.0,22.0,1,0.6700534952861753,1,At Risk
1,0,0,0,27,1,1,2,0,0,0,0,1,1,0,1,2,95.6,2595.25,0,2,3,0,2581.2,23.9,0,0.7301943648300379,1,At Risk
0,1,1,0,27,1,1,1,0,1,1,1,1,1,0,1,2,84.8,2309.55,0,2,6,0,2289.6,12.114285714285714,0,0.14329754248037835,0,Champions
1,1,0,0,2,1,0,1,0,0,0,0,0,0,0,1,0,44.3,89.3,0,0,1,1,88.6,22.15,1,0.6994072545104444,1,At Risk
1,0,0,0,19,1,0,0,0,0,0,0,0,0,0,0,1,19.9,367.55,0,1,1,0,378.1,9.95,0,0.2131191215590617,2,Fence Sitters
1,1,1,0,42,1,1,2,0,0,0,0,1,1,0,1,0,95.05,3944.5,0,2,3,0,3992.1,23.7625,0,0.589644727468144,1,At Risk
1,0,0,0,66,1,1,1,1,1,1,1,1,1,2,1,3,90.05,5965.95,0,3,7,0,5943.3,11.25625,0,0.021264666618527488,0,Champions
0,1,1,0,33,1,1,2,1,0,1,1,1,1,0,1,2,109.9,3694.7,0,2,6,0,3626.7,15.7,0,0.3960034743714724,0,Champions
1,0,0,0,34,1,0,2,0,1,0,0,0,0,0,1,3,73.95,2524.45,1,2,2,0,2514.3,24.65,0,0.5087826185406593,1,At Risk
0,1,0,0,33,0,0,1,0,0,1,1,1,1,0,1,0,54.6,1803.7,0,2,4,0,1801.8,10.92,0,0.19599418517340098,0,Champions
1,0,1,1,23,1,0,0,0,0,0,0,0,0,1,0,1,20.05,415.1,0,1,1,0,461.15,10.025,0,0.027958996549600674,2,Fence Sitters
1,0,0,0,32,1,0,0,0,0,0,0,0,0,1,0,2,19.75,624.15,0,2,1,0,632.0,9.875,0,0.033312866869352614,2,Fence Sitters
1,0,0,0,11,1,0,0,0,0,0,0,0,0,1,0,3,20.05,237.7,0,0,1,1,220.55,10.025,0,0.04863058016244177,2,Fence Sitters
0,0,1,1,69,1,1,2,0,0,1,0,1,1,0,1,3,99.45,7007.6,1,3,4,0,6862.05,19.89,0,0.43179525108966876,0,Champions
1,0,1,0,68,1,0,1,1,0,0,1,0,0,1,0,2,55.9,3848.8,0,3,3,0,3801.2,13.975,0,0.04380019534673254,0,Champions
0,0,0,0,20,1,0,0,0,0,0,0,0,0,2,1,1,19.7,419.4,0,1,1,0,394.0,9.85,0,0.018858970342960937,2,Fence Sitters
0,0,0,0,72,1,0,0,0,0,0,0,0,0,2,1,3,19.8,1468.75,0,3,1,0,1425.6,9.9,0,0.004632637163802892,2,Fence Sitters
0,0,1,1,60,1,1,2,1,0,1,0,1,0,1,1,2,95.4,5812.0,0,3,4,0,5724.0,19.08,0,0.10942278327502468,0,Champions
0,1,1,1,32,1,0,2,0,1,0,0,1,1,0,1,1,93.95,2861.45,0,2,4,0,3006.4,18.79,0,0.3894358923332979,0,Champions
1,0,0,0,1,1,0,0,0,0,0,0,0,0,0,1,1,19.9,19.9,1,0,1,1,19.9,9.95,1,0.6468133662361001,1,At Risk
0,0,0,0,1,1,0,0,0,0,0,0,0,0,0,1,1,19.6,19.6,1,0,1,1,19.6,9.8,1,0.6420904238726443,1,At Risk
0,1,0,0,3,1,1,2,0,1,0,0,0,0,0,1,0,81.35,233.7,1,0,2,1,244.05,27.116666666666664,1,0.8177561897694212,1,At Risk
1,0,1,0,46,1,1,0,0,0,0,0,0,0,1,1,2,24.45,1066.15,0,2,1,0,1124.7,12.225,0,0.056318562817105774,2,Fence Sitters
1,0,1,0,29,1,1,2,0,0,0,0,0,0,0,1,0,74.95,2149.05,0,2,1,0,2173.55,37.475,0,0.5940599689376528,1,At Risk
0,0,0,0,51,1,1,2,0,1,1,1,0,0,0,1,0,87.35,4473.0,0,3,4,0,4454.849999999999,17.47,0,0.39953469920355794,0,Champions
1,1,1,0,48,1,0,2,0,0,0,0,0,0,0,1,2,70.65,3545.05,0,2,1,0,3391.2000000000003,35.325,0,0.2501343458192846,2,Fence Sitters
1,0,1,1,16,1,0,2,0,1,0,0,0,0,0,0,2,73.25,1195.75,0,1,2,0,1172.0,24.416666666666668,0,0.24164231203445144,1,At Risk
0,0,1,0,70,1,1,2,0,1,1,1,0,1,2,1,2,98.7,6858.9,0,3,5,0,6909.0,16.45,0,0.16241114382135244,0,Champions
1,0,1,1,40,1,1,0,0,0,0,0,0,0,2,1,1,24.8,1024.7,0,2,1,0,992.0,12.4,0,0.01819281394086125,2,Fence Sitters
1,0,1,1,22,1,0,2,0,1,0,0,0,1,0,0,0,83.3,1845.9,1,1,3,0,1832.6,20.825,0,0.4295005329467155,1,At Risk
1,1,0,0,1,1,0,2,0,0,1,0,0,0,0,1,2,75.3,75.3,1,0,2,1,75.3,25.1,1,0.780793180242669,1,At Risk
1,0,1,1,5,1,1,0,0,0,0,0,0,0,0,1,1,24.3,132.25,0,0,1,1,121.5,12.15,1,0.1491765976038338,2,Fence Sitters
1,0,0,0,7,1,0,2,0,0,0,0,0,0,0,1,2,69.85,515.45,0,0,1,1,488.94999999999993,34.925,1,0.5044770114998883,1,At Risk
0,0,0,1,29,1,1,2,0,1,1,1,0,1,1,0,3,100.55,2830.45,0,2,5,0,2915.95,16.758333333333333,0,0.17576854846394466,0,Champions
0,0,1,1,44,1,1,0,0,0,0,0,0,0,1,0,1,25.7,1110.5,0,2,1,0,1130.8,12.85,0,0.09786715124345287,2,Fence Sitters
1,0,0,0,10,0,0,1,1,1,1,0,0,0,0,0,2,40.7,449.3,0,0,3,1,407.0,10.175,1,0.23719633991565095,2,Fence Sitters
1,1,1,0,55,1,1,1,0,0,0,0,0,0,0,0,2,51.65,2838.55,0,3,1,0,2840.75,25.825,0,0.14784954361989594,2,Fence Sitters
0,1,1,0,52,1,1,2,0,1,1,0,1,1,1,1,2,105.1,5376.4,0,3,5,0,5465.2,17.516666666666666,0,0.4526088799795291,0,Champions
1,0,1,1,10,1,1,2,0,0,0,0,0,1,0,0,0,85.95,858.6,0,0,2,1,859.5,28.65,1,0.66255996554121,1,At Risk
0,0,0,0,18,1,1,2,0,0,0,0,0,0,0,1,2,75.6,1395.05,0,1,1,0,1360.8,37.8,0,0.6737229461796967,1,At Risk
1,0,1,0,68,1,1,1,1,0,0,1,0,0,1,0,2,58.25,3975.7,0,3,3,0,3961.0,14.5625,0,0.03543653436278629,0,Champions
1,0,1,1,61,1,0,0,0,0,0,0,0,0,0,1,1,19.4,1182.55,1,3,1,0,1183.4,9.7,0,0.07486410879994,2,Fence Sitters
1,0,1,1,72,0,0,1,1,1,1,1,1,1,2,1,3,65.2,4784.45,0,3,6,0,4694.400000000001,9.314285714285717,0,0.0074786845613385305,0,Champions
0,0,0,0,2,1,0,1,1,0,1,0,0,0,0,0,0,53.45,119.5,0,0,3,1,106.9,13.3625,1,0.46294164217842465,1,At Risk
0,0,0,0,12,1,0,1,0,0,0,0,0,0,0,1,2,45.4,518.9,1,0,1,1,544.8,22.7,1,0.581282675547478,1,At Risk
0,0,1,0,41,1,0,0,0,0,0,0,0,0,2,1,0,19.75,899.45,0,2,1,0,809.75,9.875,0,0.017460799759124686,2,Fence Sitters
1,0,0,0,26,0,0,1,0,0,1,1,1,0,0,1,3,44.45,1183.8,0,2,3,0,1155.7,11.1125,0,0.14939190476991954,2,Fence Sitters
0,0,1,0,36,1,0,0,0,0,0,0,0,0,1,0,2,20.85,720.05,0,2,1,0,750.6,10.425,0,0.039309932879810654,2,Fence Sitters
0,0,1,1,72,1,1,2,1,1,1,1,1,1,2,1,3,114.05,8468.2,0,3,7,0,8211.6,14.25625,0,0.011442023644940758,0,Champions
0,0,1,0,35,1,1,2,0,0,0,1,0,1,0,1,2,89.85,3161.2,0,2,3,0,3144.75,22.4625,0,0.2857296323541077,0,Champions
0,0,0,0,1,1,0,1,0,0,1,1,0,0,0,0,1,55.05,55.05,0,0,3,1,55.05,13.7625,1,0.45383915036791206,1,At Risk
1,0,1,1,16,1,1,2,1,0,1,1,1,1,0,1,0,112.95,1882.55,0,1,6,0,1807.2,16.135714285714286,0,0.5087042392798201,0,Champions
1,1,0,0,49,1,1,2,1,0,0,0,1,1,0,0,3,101.55,5070.4,0,3,4,0,4975.95,20.31,0,0.38193797132498286,0,Champions
1,0,1,0,54,1,1,2,1,1,1,1,1,1,1,1,1,114.65,6049.5,0,3,7,0,6191.1,14.33125,0,0.22260236179212298,0,Champions
1,0,0,1,18,1,1,1,1,0,0,0,0,1,0,0,0,64.8,1166.7,0,1,3,0,1166.4,16.2,0,0.23471325309762814,1,At Risk
1,0,1,0,36,1,0,2,0,0,0,0,0,1,0,0,0,80.4,2937.65,0,2,2,0,2894.4,26.8,0,0.6637945356675027,1,At Risk
1,0,0,0,60,1,1,2,0,1,1,0,1,1,0,1,0,105.9,6396.45,1,3,5,0,6354.0,17.650000000000002,0,0.6328492979136312,0,Champions
1,0,0,0,1,1,0,2,0,0,0,0,0,0,0,0,1,69.55,69.55,1,0,1,1,69.55,34.775,1,0.926281165518717,1,At Risk
1,0,1,1,52,1,1,0,0,0,0,0,0,0,2,1,2,25.05,1270.25,0,3,1,0,1302.6,12.525,0,0.01115519451337705,2,Fence Sitters
0,0,1,1,8,1,0,2,0,0,1,0,1,1,0,1,0,94.75,759.55,0,0,4,1,758.0,18.95,1,0.7284727122715703,1,At Risk
0,0,1,1,72,1,0,2,1,1,0,1,1,1,2,0,2,105.5,7611.55,0,3,6,0,7596.0,15.071428571428571,0,0.023671446211712344,0,Champions
1,0,0,0,64,1,1,0,0,0,0,0,0,0,1,0,1,24.7,1642.75,0,3,1,0,1580.8,12.35,0,0.02871200164659517,2,Fence Sitters
1,1,0,0,22,1,0,1,1,0,1,1,0,1,0,1,1,69.75,1545.4,0,1,5,0,1534.5,11.625,0,0.09044182968364038,0,Champions
0,0,1,0,60,0,0,1,0,1,1,1,1,1,0,1,2,60.2,3582.4,0,3,5,0,3612.0,10.033333333333331,0,0.1437876473435462,0,Champions
1,0,1,1,28,1,0,2,0,0,0,0,0,1,0,1,0,81.05,2227.1,1,2,2,0,2269.4,27.016666666666666,0,0.4814308274343131,1,At Risk
1,0,1,0,61,1,1,0,0,0,0,0,0,0,2,0,1,24.4,1417.9,0,3,1,0,1488.4,12.2,0,0.011709658964893198,2,Fence Sitters
1,0,0,0,24,1,1,2,0,1,1,0,1,1,0,1,0,104.15,2494.65,0,1,5,0,2499.6000000000004,17.358333333333334,0,0.707992810101742,1,At Risk
0,0,1,1,28,1,0,2,0,1,1,1,1,0,1,0,2,92.9,2768.35,0,2,5,0,2601.2000000000003,15.483333333333334,0,0.14689541180041998,0,Champions
1,0,1,1,30,1,0,1,0,1,1,1,1,1,2,0,2,80.8,2369.3,0,2,6,0,2424.0,11.542857142857144,0,0.023285162914544372,0,Champions
0,0,1,0,2,1,0,0,0,0,0,0,0,0,0,0,1,20.0,38.0,0,0,1,1,40.0,10.0,1,0.32404295414537465,2,Fence Sitters
0,0,0,0,1,1,1,2,0,0,0,0,0,0,0,1,0,75.1,75.1,0,0,1,1,75.1,37.55,1,0.9417306721089272,1,At Risk
0,0,0,1,6,1,0,0,0,0,0,0,0,0,0,0,1,19.65,100.9,0,0,1,1,117.9,9.825,1,0.13601034874919804,2,Fence Sitters
1,0,1,0,24,1,0,1,0,1,0,0,1,1,0,1,2,69.45,1614.05,0,1,4,0,1666.8000000000002,13.89,0,0.16523887579411042,0,Champions
0,0,1,1,4,1,1,2,0,0,1,0,1,1,0,0,0,101.15,385.9,1,0,4,1,404.6,20.23,1,0.841158479359447,1,At Risk
0,0,0,0,7,1,1,2,0,1,0,0,1,1,0,1,0,99.8,673.25,1,0,4,1,698.6,19.96,1,0.9132055389461482,1,At Risk
0,1,1,0,72,1,1,2,1,1,1,1,1,1,2,1,2,116.05,8404.9,0,3,7,0,8355.6,14.50625,0,0.028878982390451034,0,Champions
0,0,0,0,70,0,0,1,0,0,0,1,0,1,2,1,1,40.05,2799.75,0,3,2,0,2803.5,13.35,0,0.027676709574342213,2,Fence Sitters
0,1,1,0,64,1,1,2,0,0,1,1,1,1,2,0,0,102.1,6538.45,0,3,5,0,6534.4,17.016666666666666,0,0.1135091583113868,0,Champions
0,0,1,1,72,1,1,2,0,1,0,0,1,0,1,1,0,89.7,6588.95,0,3,3,0,6458.400000000001,22.425,0,0.09239012903365308,0,Champions
1,0,0,1,44,1,0,0,0,0,0,0,0,0,2,0,1,19.9,868.1,0,2,1,0,875.5999999999999,9.95,0,0.0191567232850457,2,Fence Sitters
1,0,1,1,13,1,0,1,0,0,0,0,0,1,0,0,0,55.95,734.35,1,1,2,0,727.35,18.65,0,0.2695039509139858,2,Fence Sitters
1,1,0,0,17,1,0,0,0,0,0,0,0,0,1,0,1,20.65,330.6,0,1,1,0,351.04999999999995,10.325,0,0.046423366830722186,2,Fence Sitters
0,0,0,0,1,1,0,1,0,0,0,0,0,1,0,1,0,55.0,55.0,1,0,2,1,55.0,18.33333333333333,1,0.8659457166172524,1,At Risk
0,0,1,0,9,1,0,1,0,0,1,0,1,1,0,1,1,70.05,564.4,0,0,4,1,630.4499999999999,14.01,1,0.46284360702529836,1,At Risk
0,0,1,0,24,1,0,1,1,0,0,1,0,0,0,0,1,53.6,1315.35,0,1,3,0,1286.4,13.4,0,0.09409009992869023,2,Fence Sitters
1,0,1,1,1,1,0,2,0,1,0,0,0,0,0,1,0,74.7,74.7,1,0,2,1,74.7,24.9,1,0.8155239976460075,1,At Risk
0,0,0,0,24,1,1,2,0,1,0,0,0,0,0,1,0,80.25,1861.5,1,1,2,0,1926.0,26.75,0,0.7495298398559251,1,At Risk
0,1,1,1,35,1,0,1,0,1,0,1,1,1,0,1,0,76.05,2747.2,0,2,5,0,2661.75,12.675,0,0.15337511101548745,0,Champions
1,0,1,1,7,1,0,1,1,1,1,1,1,0,0,1,0,75.7,554.05,0,0,6,1,529.9,10.814285714285717,1,0.10221577974219197,0,Champions
0,0,0,0,5,1,0,2,0,0,0,1,1,1,0,1,0,96.1,453.4,1,0,4,1,480.5,19.22,1,0.8214015686872838,1,At Risk
1,0,0,1,15,1,0,2,0,0,0,0,0,0,0,0,2,69.0,994.8,1,1,1,0,1035.0,34.5,0,0.5378634476054642,1,At Risk
0,0,1,1,11,1,0,0,0,0,0,0,0,0,2,0,1,19.65,225.75,0,0,1,1,216.15,9.825,0,0.021402060784404774,2,Fence Sitters
1,0,1,0,48,0,0,1,1,0,1,0,0,1,0,1,2,45.3,2145.0,1,2,3,0,2174.4,11.325,0,0.18748815415347933,2,Fence Sitters
1,1,0,0,20,1,0,2,0,0,0,0,0,1,0,1,0,81.45,1671.6,0,1,2,0,1629.0,27.15,0,0.7055425172404993,1,At Risk
1,0,1,0,72,1,1,2,0,1,1,1,1,1,1,1,2,108.5,8003.8,0,3,6,0,7812.0,15.5,0,0.22050220302330154,0,Champions
1,0,1,1,8,1,0,2,0,1,0,0,1,0,0,1,0,83.55,680.05,1,0,3,1,668.4,20.8875,1,0.5595538801141342,1,At Risk
0,0,1,1,72,1,1,2,0,0,0,0,0,1,2,1,3,84.5,6130.85,0,3,2,0,6084.0,28.166666666666668,0,0.016354365015548513,0,Champions
1,0,0,0,15,1,1,2,0,1,0,0,1,1,0,1,0,100.15,1415.0,0,1,4,0,1502.25,20.03,0,0.7973769005561567,1,At Risk
0,0,0,0,72,1,1,1,0,1,1,1,1,1,2,1,2,88.6,6201.95,0,3,6,0,6379.2,12.657142857142857,0,0.02749442963602144,0,Champions
0,0,0,1,1,1,1,2,0,0,0,0,0,0,0,1,0,74.35,74.35,1,0,1,1,74.35,37.175,1,0.9268735915027618,1,At Risk
0,0,1,1,63,1,1,2,0,1,1,0,1,1,2,1,2,104.8,6597.25,0,3,5,0,6602.4,17.466666666666665,0,0.14888133998123443,0,Champions
1,0,0,0,2,1,0,1,0,1,0,0,1,0,0,1,0,59.0,114.15,0,0,3,1,118.0,14.75,1,0.44458638324150324,1,At Risk
1,0,1,0,2,1,0,2,1,0,0,0,0,0,0,1,0,74.4,139.4,1,0,2,1,148.8,24.8,1,0.5831826000605512,1,At Risk
0,1,1,0,61,1,1,1,0,1,0,0,0,1,1,0,2,64.05,3902.6,0,3,3,0,3907.05,16.0125,0,0.10314808671411439,0,Champions
0,0,0,0,1,1,0,0,0,0,0,0,0,0,0,0,1,20.4,20.4,0,0,1,1,20.4,10.2,1,0.5582599764745344,1,At Risk
0,0,0,0,22,0,0,1,0,1,1,0,0,1,1,1,2,43.75,903.6,1,1,3,0,962.5,10.9375,0,0.27140422920173124,2,Fence Sitters
0,0,1,0,28,1,0,1,1,1,0,1,0,0,0,0,1,60.9,1785.65,0,2,4,0,1705.2,12.18,0,0.11584810047169589,0,Champions
1,0,1,0,70,1,0,0,0,0,0,0,0,0,2,0,2,19.8,1397.65,0,3,1,0,1386.0,9.9,0,0.00973828038023395,2,Fence Sitters
1,1,0,0,5,0,0,1,0,1,0,0,0,0,0,0,0,28.45,131.05,1,0,1,1,142.25,14.225,1,0.6615789490102602,1,At Risk
1,0,0,0,12,1,1,2,1,1,1,0,0,1,0,1,2,99.7,1238.45,1,0,5,1,1196.4,16.616666666666667,1,0.5962923957603374,1,At Risk
0,0,0,0,34,1,1,2,1,1,1,1,1,1,1,0,3,116.25,3899.05,0,2,7,0,3952.5,14.53125,0,0.2944847383097339,0,Champions
1,1,1,0,71,1,1,2,1,0,0,0,0,0,2,1,3,80.7,5676.0,0,3,2,0,5729.7,26.9,0,0.003922673007829024,0,Champions
1,0,1,1,70,1,1,1,1,0,0,0,0,1,1,0,2,65.2,4543.15,0,3,3,0,4564.0,16.3,0,0.032797790319129175,0,Champions
1,0,1,1,52,1,0,2,1,0,1,1,0,0,0,1,2,84.05,4326.8,0,3,4,0,4370.599999999999,16.81,0,0.15081164614685955,0,Champions
0,0,0,1,69,1,1,1,1,1,1,1,1,0,2,1,3,79.45,5502.55,0,3,6,0,5482.05,11.35,0,0.023588823927412007,0,Champions
1,1,0,0,20,1,1,2,0,1,1,0,0,1,0,1,0,94.1,1782.4,1,1,4,0,1882.0,18.82,0,0.5864162304780669,1,At Risk
0,0,0,1,11,1,1,2,0,0,1,0,0,0,0,1,1,78.0,851.8,0,0,2,1,858.0,26.0,1,0.5402736299521229,1,At Risk
0,0,1,0,2,1,0,2,0,0,0,1,1,1,0,1,0,94.2,167.5,1,0,4,1,188.4,18.84,1,0.6784474124865195,1,At Risk
1,0,1,1,6,1,1,2,0,0,0,1,0,0,0,1,0,80.5,502.85,1,0,2,1,483.0,26.83333333333333,1,0.6404187628561863,1,At Risk
1,0,0,0,1,1,0,0,0,0,0,0,0,0,0,0,1,19.85,19.85,0,0,1,1,19.85,9.925,1,0.6258745431276408,1,At Risk
0,1,1,1,20,1,0,2,1,0,1,1,0,1,1,0,3,94.3,1818.3,0,1,5,0,1886.0,15.716666666666669,0,0.11341645664773933,0,Champions
0,0,0,0,61,1,1,2,1,0,1,0,1,1,0,1,0,106.45,6300.15,0,3,5,0,6493.45,17.741666666666667,0,0.731870839118885,0,Champions
1,1,1,0,5,1,1,2,0,0,0,0,0,0,0,1,0,74.35,334.8,1,0,1,1,371.75,37.175,1,0.7819328209284194,1,At Risk
1,0,0,0,56,1,1,2,0,1,0,1,1,1,0,1,2,105.45,5916.95,0,3,5,0,5905.2,17.575,0,0.4159937585453423,0,Champions
0,0,0,0,30,1,1,2,1,1,1,1,0,0,0,1,3,95.0,2852.4,0,2,5,0,2850.0,15.833333333333334,0,0.15026615569604052,0,Champions
0,0,0,0,40,1,1,2,0,0,1,1,1,1,0,0,2,104.8,4131.95,1,2,5,0,4192.0,17.466666666666665,0,0.7233305135110162,0,Champions
1,0,0,0,28,1,0,1,1,0,0,1,0,0,1,0,1,54.3,1546.3,0,2,3,0,1520.4,13.575,0,0.06990837426646815,2,Fence Sitters
1,1,1,0,5,1,0,2,0,0,0,0,0,0,0,0,0,70.05,302.6,0,0,1,1,350.25,35.025,1,0.6312729490621498,1,At Risk
1,1,1,0,27,1,0,2,1,0,0,0,0,0,0,1,2,75.2,1929.35,1,2,2,0,2030.4,25.066666666666663,0,0.3566267006996815,1,At Risk
0,0,0,0,12,1,0,0,0,0,0,0,0,0,0,0,3,20.05,265.45,0,0,1,1,240.6,10.025,1,0.14716407119624889,2,Fence Sitters
0,0,1,1,67,1,1,2,0,1,1,0,1,1,1,1,0,105.4,6989.45,0,3,5,0,7061.8,17.566666666666666,0,0.3957874235479965,0,Champions
0,1,1,0,29,1,1,1,0,0,0,0,0,0,0,1,0,51.6,1442.0,0,2,1,0,1496.4,25.8,0,0.4279012550437846,2,Fence Sitters
0,0,1,1,55,1,1,2,0,0,0,0,0,1,0,0,2,85.5,4713.4,0,3,2,0,4702.5,28.5,0,0.37885281210777677,0,Champions
1,0,0,0,23,1,1,2,0,0,0,0,0,0,0,0,2,75.6,1758.6,1,1,1,0,1738.8,37.8,0,0.5712182228875811,1,At Risk
0,0,1,0,34,1,1,2,0,0,1,0,1,1,0,1,0,100.05,3480.0,1,2,4,0,3401.7,20.01,0,0.8686184968445475,1,At Risk
0,0,0,0,52,1,0,2,1,0,1,0,1,0,1,0,0,91.25,4738.3,0,3,4,0,4745.0,18.25,0,0.36244644079041133,0,Champions
0,1,1,1,72,1,1,2,1,1,1,1,1,1,2,1,3,115.75,8399.15,0,3,7,0,8334.0,14.46875,0,0.014253186922645657,0,Champions
0,0,1,1,58,1,1,2,0,1,0,1,1,0,1,1,3,94.7,5430.35,0,3,4,0,5492.6,18.94,0,0.06072659857258341,0,Champions
0,0,1,1,35,1,0,0,0,0,0,0,0,0,2,0,1,19.6,686.95,0,2,1,0,686.0,9.8,0,0.012398552766720822,2,Fence Sitters
1,1,0,0,56,1,1,2,0,1,1,1,1,0,2,1,2,99.9,5706.3,0,3,5,0,5594.400000000001,16.650000000000002,0,0.06904071759936536,0,Champions
1,0,1,1,24,1,0,0,0,0,0,0,0,0,2,1,3,21.1,490.65,0,1,1,0,506.4,10.55,0,0.009736451938025952,2,Fence Sitters
0,0,1,1,70,1,0,0,0,0,0,0,0,0,2,0,3,20.05,1360.25,0,3,1,0,1403.5,10.025,0,0.005681123295290096,2,Fence Sitters
0,0,0,0,2,1,0,2,0,0,0,0,1,0,0,1,0,79.95,174.45,0,0,2,1,159.9,26.65,1,0.9276454460712957,1,At Risk
0,1,1,1,68,1,1,2,0,0,1,1,1,1,1,1,3,107.15,7379.8,0,3,5,0,7286.200000000001,17.858333333333334,0,0.32267416349601646,0,Champions
1,0,0,0,1,1,1,2,0,0,0,0,0,1,0,1,0,85.0,85.0,1,0,2,1,85.0,28.33333333333333,1,0.9546811940376941,1,At Risk
0,0,0,0,12,1,1,2,0,0,1,0,1,0,0,1,0,89.55,1021.75,0,0,3,1,1074.6,22.3875,1,0.7770738663854975,1,At Risk
1,0,1,0,63,1,1,2,0,1,0,0,0,0,0,1,2,81.55,5029.05,0,3,2,0,5137.65,27.183333333333334,0,0.342308727140023,0,Champions
1,0,1,1,33,1,0,1,1,1,1,0,0,0,1,1,1,58.45,1955.4,0,2,4,0,1928.85,11.69,0,0.05443438402283625,0,Champions
1,0,1,0,69,1,0,2,0,1,0,0,1,1,1,1,3,95.65,6744.2,0,3,4,0,6599.85,19.130000000000003,0,0.1460768663807692,0,Champions
1,0,1,1,60,1,0,1,0,1,1,1,1,1,2,1,2,80.6,4946.7,0,3,6,0,4836.0,11.514285714285714,0,0.01854186185062446,0,Champions
1,0,1,1,72,1,1,2,1,1,1,1,1,1,2,1,2,113.1,8248.5,0,3,7,0,8143.2,14.1375,0,0.008993508704129008,0,Champions
1,0,0,0,11,1,1,1,0,0,0,0,0,1,0,1,1,58.95,601.6,0,0,2,1,648.45,19.65,1,0.5142393956075598,1,At Risk
1,0,0,0,1,1,0,0,0,0,0,0,0,0,0,0,1,19.55,19.55,0,0,1,1,19.55,9.775,1,0.5646101124639855,1,At Risk
0,0,0,0,10,1,1,2,0,0,0,0,1,0,0,1,2,86.05,834.1,1,0,2,1,860.5,28.683333333333334,1,0.8911492961953394,1,At Risk
0,0,0,0,13,0,0,1,1,0,0,1,1,0,0,1,3,45.55,597.0,1,1,3,0,592.15,11.3875,0,0.33203465773605867,2,Fence Sitters
0,0,1,1,34,1,0,2,0,0,0,0,0,1,1,1,2,78.95,2647.2,0,2,2,0,2684.3,26.316666666666663,0,0.18750203282639896,2,Fence Sitters
0,0,1,1,39,1,0,2,0,1,0,0,1,0,0,1,1,86.3,3266.0,1,2,3,0,3365.7,21.575,0,0.42198604427361447,0,Champions
1,0,0,0,65,1,1,2,0,1,0,1,1,1,1,1,2,105.05,6744.25,0,3,5,0,6828.25,17.508333333333333,0,0.207633011044476,0,Champions
0,1,1,0,50,1,1,2,1,1,1,0,1,0,1,1,2,101.9,5265.5,0,3,5,0,5095.0,16.983333333333334,0,0.2328426968290026,0,Champions
0,0,0,0,15,1,0,0,0,0,0,0,0,0,0,0,1,19.75,311.6,0,1,1,0,296.25,9.875,0,0.24477317641321672,2,Fence Sitters
0,0,1,1,72,1,1,2,1,1,1,0,1,1,2,1,2,110.3,7966.9,0,3,6,0,7941.599999999999,15.757142857142856,0,0.015985348701036232,0,Champions
1,0,1,1,72,1,1,2,1,1,1,1,1,1,2,1,2,115.6,8220.4,0,3,7,0,8323.199999999999,14.45,0,0.00998981389220155,0,Champions
0,0,1,1,55,1,0,0,0,0,0,0,0,0,2,0,2,19.35,1153.25,0,3,1,0,1064.25,9.675,0,0.01647308152752351,2,Fence Sitters
1,0,1,1,23,1,1,0,0,0,0,0,0,0,2,1,3,25.6,514.75,0,1,1,0,588.8000000000001,12.8,0,0.019425892859660655,2,Fence Sitters
0,0,0,0,32,1,1,2,0,1,0,0,0,0,0,1,2,80.35,2596.15,1,2,2,0,2571.2,26.78333333333333,0,0.6846003018578775,1,At Risk
1,0,1,1,56,1,1,1,1,0,1,0,0,1,1,1,2,68.75,3808.0,0,3,4,0,3850.0,13.75,0,0.029082754035549538,0,Champions
1,0,0,0,1,1,0,0,0,0,0,0,0,0,0,0,2,19.9,19.9,0,0,1,1,19.9,9.95,1,0.5201328576927813,2,Fence Sitters
0,0,0,0,38,1,0,1,1,1,0,1,1,0,1,0,1,70.6,2708.2,0,2,5,0,2682.8,11.766666666666666,0,0.10539377609337053,0,Champions
0,0,0,0,11,1,0,2,0,0,0,0,0,0,0,0,0,70.2,760.05,0,0,1,1,772.2,35.1,1,0.7547143604256127,1,At Risk
0,0,0,0,1,1,0,1,0,0,0,1,0,0,0,1,0,49.3,49.3,0,0,2,1,49.3,16.433333333333334,1,0.5924811773877614,1,At Risk
0,0,1,0,56,1,1,2,0,1,0,1,1,1,1,1,0,107.25,6033.3,0,3,5,0,6006.0,17.875,0,0.336183184801845,0,Champions
0,0,1,0,3,1,1,0,0,0,0,0,0,0,0,1,1,23.6,89.05,0,0,1,1,70.80000000000001,11.8,1,0.45957570036683043,2,Fence Sitters
0,0,1,1,7,1,0,1,1,0,0,0,1,1,0,0,3,69.7,516.15,0,0,4,1,487.9,13.94,1,0.10188944561598749,0,Champions
0,0,1,1,59,1,1,2,0,0,1,0,1,1,2,1,3,99.5,5861.75,0,3,4,0,5870.5,19.9,0,0.1815228158015545,0,Champions
0,0,0,0,7,1,0,1,0,0,1,1,1,0,0,0,2,64.3,445.95,0,0,4,1,450.1,12.86,1,0.17113794862407652,1,At Risk
0,0,1,1,71,1,0,1,1,0,1,1,0,1,2,1,3,70.85,4973.4,0,3,5,0,5030.349999999999,11.808333333333332,0,0.006041960547923537,0,Champions
0,0,1,1,15,1,0,2,1,0,0,1,1,1,1,0,0,101.9,1667.25,0,1,5,0,1528.5,16.983333333333334,0,0.2243992172471724,0,Champions
0,0,1,0,71,1,1,1,1,1,0,1,1,0,2,0,3,73.5,5357.75,0,3,5,0,5218.5,12.25,0,0.009208849915039717,0,Champions
1,0,0,0,35,1,1,2,0,0,1,0,1,1,0,1,0,100.25,3527.6,1,2,4,0,3508.75,20.05,0,0.833991920913503,1,At Risk
1,0,0,0,11,0,0,1,0,1,1,1,0,0,1,1,3,40.4,422.6,0,0,3,1,444.4,10.1,0,0.06665294426157528,2,Fence Sitters
1,0,1,1,60,1,0,0,0,0,0,0,0,0,2,1,3,19.25,1103.25,0,3,1,0,1155.0,9.625,0,0.012951532384298576,2,Fence Sitters
0,1,0,0,47,1,1,1,0,1,0,1,0,0,2,0,2,59.6,2754.0,0,2,3,0,2801.2000000000003,14.9,0,0.05648759022862925,2,Fence Sitters
1,0,0,0,11,1,0,1,0,0,1,1,0,1,1,0,3,64.9,697.25,0,0,4,1,713.9000000000001,12.98,0,0.05826472421572457,0,Champions
0,0,1,0,56,1,1,2,0,1,0,0,1,1,1,0,3,100.3,5614.45,1,3,4,0,5616.8,20.06,0,0.30911383134657755,0,Champions
1,1,1,0,28,1,1,2,0,1,1,1,1,1,0,1,0,110.85,3204.4,0,2,6,0,3103.8,15.835714285714284,0,0.41606901068254654,0,Champions
0,0,1,0,61,1,0,1,1,1,0,1,1,1,2,1,1,81.05,4747.65,0,3,6,0,4944.05,11.578571428571427,0,0.02790409943582983,0,Champions
0,0,1,1,31,1,1,2,1,0,1,0,1,0,1,0,2,98.05,3082.1,0,2,4,0,3039.55,19.61,0,0.15265143334458436,0,Champions
0,0,0,0,9,1,0,2,0,0,0,0,0,0,0,1,0,70.5,597.9,0,0,1,1,634.5,35.25,1,0.7356837674544124,1,At Risk
0,1,1,0,35,1,1,2,1,1,0,0,0,1,0,1,0,94.55,3365.4,0,2,4,0,3309.25,18.91,0,0.32930831799480537,0,Champions
0,0,0,0,2,1,0,0,0,0,0,0,0,0,0,1,1,19.65,38.8,0,0,1,1,39.3,9.825,1,0.30086517259035367,2,Fence Sitters
1,0,1,1,12,1,0,0,0,0,0,0,0,0,0,0,1,19.0,233.55,1,0,1,1,228.0,9.5,1,0.09733365169524523,2,Fence Sitters
1,0,0,0,1,1,0,2,1,0,0,0,0,0,0,0,1,75.3,75.3,1,0,2,1,75.3,25.1,1,0.6650219180197017,1,At Risk
1,1,0,0,4,1,1,2,0,0,1,0,1,0,0,1,0,89.2,346.2,1,0,3,1,356.8,22.3,1,0.818635235562563,1,At Risk
1,0,1,1,1,1,0,0,0,0,0,0,0,0,0,1,1,19.0,19.0,0,0,1,1,19.0,9.5,1,0.35085789945638945,2,Fence Sitters
1,0,0,0,3,1,0,0,0,0,0,0,0,0,0,1,1,20.0,61.7,0,0,1,1,60.0,10.0,1,0.3066689562024546,2,Fence Sitters
1,1,0,0,1,1,1,2,0,0,0,0,1,0,0,1,0,85.7,85.7,1,0,2,1,85.7,28.566666666666663,1,0.9458553491651707,1,At Risk
0,0,0,0,52,1,0,1,1,1,0,0,1,0,2,1,3,63.25,3342.45,0,3,4,0,3289.0,12.65,0,0.020909282528187603,0,Champions
0,0,1,1,5,1,0,0,0,0,0,0,0,0,1,0,1,20.1,85.1,0,0,1,1,100.5,10.05,0,0.05825245487567028,2,Fence Sitters
0,0,1,0,72,1,1,2,1,1,1,0,0,1,2,1,0,99.15,7422.1,0,3,5,0,7138.8,16.525000000000002,0,0.04130570048665472,0,Champions
0,0,1,1,71,1,1,1,1,1,1,1,1,1,2,0,0,90.4,6668.05,0,3,7,0,6418.400000000001,11.3,0,0.017681402558135,0,Champions
0,0,1,0,72,1,1,2,1,0,1,1,1,1,2,1,3,111.9,8071.05,0,3,6,0,8056.8,15.985714285714286,0,0.03339026277536017,0,Champions
0,0,1,1,46,1,1,0,0,0,0,0,0,0,1,0,0,24.9,1174.8,0,2,1,0,1145.4,12.45,0,0.11039140897409838,2,Fence Sitters
0,0,1,1,63,1,1,1,1,1,1,0,1,1,2,0,3,83.5,5435.0,0,3,6,0,5260.5,11.928571428571429,0,0.027753860818714022,0,Champions
0,0,0,0,30,1,0,2,1,1,1,0,0,0,0,1,3,84.3,2438.6,0,2,4,0,2529.0,16.86,0,0.29632924900008717,0,Champions
0,0,0,0,1,1,0,1,0,0,0,0,0,0,0,0,1,45.6,45.6,0,0,1,1,45.6,22.8,1,0.8363451955046063,1,At Risk
1,0,0,0,12,1,1,1,1,0,1,1,0,0,0,1,1,61.65,713.75,1,0,4,1,739.8,12.33,1,0.1322275104932137,2,Fence Sitters
0,0,0,0,16,0,0,1,1,1,1,1,1,0,2,0,1,54.85,916.15,0,1,5,0,877.6,9.141666666666667,0,0.03047820472024558,0,Champions
0,0,0,0,4,1,1,1,0,0,0,1,0,1,0,0,1,65.55,237.2,0,0,3,1,262.2,16.3875,1,0.37150313633568094,1,At Risk
0,0,1,0,51,1,1,2,0,1,0,0,0,1,1,1,3,90.35,4614.55,0,3,3,0,4607.849999999999,22.5875,0,0.1927457357961829,0,Champions
0,0,1,0,65,1,0,0,0,0,0,0,0,0,2,1,3,20.4,1414.45,0,3,1,0,1326.0,10.2,0,0.005474207539853905,2,Fence Sitters
0,0,0,0,16,1,0,2,0,0,0,1,0,0,0,1,3,74.55,1170.5,0,1,2,0,1192.8,24.85,0,0.37930196985589654,1,At Risk
0,0,0,0,2,1,0,0,0,0,0,0,0,0,1,0,1,19.95,47.7,0,0,1,1,39.9,9.975,0,0.0697598279103492,2,Fence Sitters
1,0,1,1,66,1,1,2,0,0,0,0,0,0,1,1,2,74.25,4859.25,0,3,1,0,4900.5,37.125,0,0.04716672349459416,2,Fence Sitters
0,0,0,0,46,1,1,2,0,1,1,1,1,1,2,0,0,108.65,4903.2,0,2,6,0,4997.900000000001,15.521428571428572,0,0.37653227339008705,0,Champions
1,0,0,0,32,1,1,2,1,0,1,1,1,1,1,1,2,109.55,3608.0,0,2,6,0,3505.6,15.65,0,0.35268297467843707,0,Champions
0,0,1,0,72,1,1,1,1,0,1,1,1,1,2,0,3,86.65,6094.25,0,3,6,0,6238.8,12.37857142857143,0,0.010106298205741833,0,Champions
0,0,1,1,38,1,0,1,1,0,1,1,1,1,2,0,3,81.0,3084.9,0,2,6,0,3078.0,11.571428571428571,0,0.019680051803567248,0,Champions
0,0,0,1,51,1,0,1,0,0,0,1,0,0,1,0,3,47.85,2356.75,0,3,2,0,2440.35,15.95,0,0.05748563276030785,2,Fence Sitters
0,0,1,1,72,1,1,2,1,1,1,1,1,1,2,0,2,114.55,8306.05,0,3,7,0,8247.6,14.31875,0,0.01372676029883251,0,Champions
1,1,1,0,65,1,1,2,1,0,1,0,1,1,0,0,2,105.25,6786.4,1,3,5,0,6841.25,17.541666666666668,0,0.4517524910938585,0,Champions
0,0,1,1,9,0,0,1,0,1,0,0,0,0,0,1,0,29.95,248.95,1,0,1,1,269.55,14.975,1,0.25314399109617186,2,Fence Sitters
1,0,1,1,9,1,0,1,1,1,1,1,0,0,0,0,1,65.0,663.05,1,0,5,1,585.0,10.833333333333334,1,0.12156985926102053,0,Champions
0,0,0,1,66,1,0,0,0,0,0,0,0,0,2,0,1,20.55,1357.1,0,3,1,0,1356.3,10.275,0,0.006847940531145748,2,Fence Sitters
1,1,0,0,44,1,1,2,1,1,1,0,1,1,1,1,3,109.8,4860.35,0,2,6,0,4831.2,15.685714285714283,0,0.19535038054733656,0,Champions
0,0,0,0,50,1,1,1,0,0,1,1,0,1,2,0,2,69.5,3418.2,0,3,4,0,3475.0,13.9,0,0.04131775201858845,0,Champions
1,0,0,0,15,1,1,1,0,0,0,0,0,0,0,0,1,48.85,631.4,0,1,1,0,732.75,24.425,0,0.4651211198802326,1,At Risk
0,0,0,0,8,0,0,1,0,0,0,0,0,0,0,1,3,25.25,186.3,0,0,0,1,202.0,25.25,1,0.4558259836666498,2,Fence Sitters
1,1,0,0,66,1,1,2,0,0,1,1,1,1,1,1,3,102.85,6976.75,0,3,5,0,6788.099999999999,17.141666666666666,0,0.2995490412990186,0,Champions
1,0,0,0,57,1,1,2,1,1,0,1,0,0,0,1,2,87.55,4884.85,0,3,4,0,4990.349999999999,17.509999999999998,0,0.1324697030061381,0,Champions
1,0,0,0,7,1,1,2,0,1,0,0,0,0,0,1,2,78.55,522.95,0,0,2,1,549.85,26.183333333333334,1,0.7669553959225187,1,At Risk
0,1,1,1,10,0,0,1,0,0,0,0,0,1,0,1,2,34.55,362.6,0,0,1,1,345.5,17.275,1,0.462127600678884,2,Fence Sitters
1,0,0,0,62,1,1,2,1,1,1,0,0,0,1,1,0,92.05,5755.8,0,3,4,0,5707.099999999999,18.41,0,0.18014014358938213,0,Champions
0,0,1,1,40,1,0,2,0,0,1,0,1,0,1,1,0,85.05,3355.65,0,2,3,0,3402.0,21.2625,0,0.2678781817038914,0,Champions
1,0,0,0,20,1,0,0,0,0,0,0,0,0,2,0,1,19.7,406.95,0,1,1,0,394.0,9.85,0,0.022902894932199613,2,Fence Sitters
1,0,0,0,7,1,0,0,0,0,0,0,0,0,0,0,2,20.0,137.6,1,0,1,1,140.0,10.0,1,0.2237464982281367,2,Fence Sitters
1,0,1,0,25,1,0,2,0,0,0,1,1,1,0,1,0,95.15,2395.7,0,2,4,0,2378.75,19.03,0,0.3447251234409276,0,Champions
0,0,1,0,23,1,1,2,0,1,1,0,0,0,0,0,0,84.25,1968.1,0,1,3,0,1937.75,21.0625,0,0.698658061475022,1,At Risk
1,1,1,0,66,1,1,2,0,1,1,0,1,1,1,0,3,104.6,6819.45,0,3,5,0,6903.599999999999,17.433333333333334,0,0.19251367317785875,0,Champions
1,1,0,0,72,1,1,2,0,1,1,1,1,1,2,0,0,111.65,7943.45,0,3,6,0,8038.8,15.95,0,0.08969813525638384,0,Champions
0,1,1,0,49,1,1,2,0,1,0,0,0,1,0,0,3,90.05,4547.25,1,3,3,0,4412.45,22.5125,0,0.4631725588469842,0,Champions
0,1,1,1,43,1,1,2,0,1,1,1,1,1,0,1,2,110.75,4687.9,1,2,6,0,4762.25,15.821428571428571,0,0.5245451051481385,0,Champions
1,0,1,0,46,1,1,1,1,0,0,0,0,0,0,0,2,55.0,2473.95,0,2,2,0,2530.0,18.33333333333333,0,0.14506797436549337,2,Fence Sitters
0,0,1,1,72,1,1,1,1,1,1,1,1,1,2,0,3,89.85,6562.9,0,3,7,0,6469.2,11.23125,0,0.009280198607529154,0,Champions
0,0,0,0,10,1,0,0,0,0,0,0,0,0,1,0,1,20.35,176.3,0,0,1,1,203.5,10.175,0,0.06785126533043331,2,Fence Sitters
1,0,0,0,40,0,0,1,1,0,0,1,1,1,1,1,2,54.55,2236.2,0,2,4,0,2182.0,10.91,0,0.12074611420366531,0,Champions
1,0,1,1,65,1,1,2,0,1,1,0,1,1,0,1,0,105.5,6985.65,1,3,5,0,6857.5,17.583333333333332,0,0.6107022837674848,0,Champions
0,0,0,0,31,1,0,2,0,0,1,1,1,1,2,0,2,99.45,3109.9,0,2,5,0,3082.9500000000003,16.575,0,0.17780828676288327,0,Champions
1,0,1,0,68,1,1,1,1,1,1,1,0,0,2,0,3,70.9,4911.35,0,3,5,0,4821.200000000001,11.816666666666668,0,0.024518782553577635,0,Champions
0,1,1,1,56,1,1,2,1,0,1,0,1,1,1,1,2,104.55,5794.65,1,3,5,0,5854.8,17.425,0,0.27184025070322376,0,Champions
0,0,1,0,10,1,1,2,0,0,0,0,0,1,0,1,0,85.25,855.3,1,0,2,1,852.5,28.416666666666668,1,0.8684610811292499,1,At Risk
0,0,1,1,68,1,1,0,0,0,0,0,0,0,2,0,2,25.4,1620.2,0,3,1,0,1727.1999999999998,12.7,0,0.0100069038512661,2,Fence Sitters
1,0,1,1,43,1,0,1,0,0,0,0,1,0,0,0,0,56.15,2499.3,1,2,2,0,2414.45,18.716666666666665,0,0.26473321478148654,2,Fence Sitters
0,0,0,0,1,1,0,2,0,0,0,0,1,1,0,1,0,89.55,89.55,1,0,3,1,89.55,22.3875,1,0.925321460341409,1,At Risk
1,1,0,0,49,1,0,2,0,1,1,0,0,1,1,1,2,89.85,4287.2,0,3,4,0,4402.65,17.97,0,0.10798733352410547,0,Champions
1,0,1,1,15,1,1,0,0,0,0,0,0,0,0,1,0,25.25,394.85,0,1,1,0,378.75,12.625,0,0.13039385187480074,2,Fence Sitters
0,1,1,0,20,1,1,2,0,0,0,0,1,1,0,1,0,94.55,1899.65,1,1,3,0,1891.0,23.6375,0,0.7090082012786053,1,At Risk
0,0,0,0,1,1,0,1,0,0,0,0,0,0,0,1,1,45.7,45.7,1,0,1,1,45.7,22.85,1,0.8302432991172339,1,At Risk
0,0,1,1,50,1,1,1,0,0,1,1,1,0,1,1,0,69.65,3442.15,0,3,4,0,3482.5000000000005,13.93,0,0.09236728048223321,0,Champions
1,1,0,0,2,1,1,2,0,1,0,0,0,1,0,0,0,89.5,161.5,1,0,3,1,179.0,22.375,1,0.8213812037290639,1,At Risk
0,1,0,0,24,1,0,2,0,0,0,0,0,0,0,0,3,70.0,1732.6,0,1,1,0,1680.0,35.0,0,0.3331131477414836,1,At Risk
1,0,0,0,3,1,0,2,0,0,0,0,0,0,0,1,2,69.55,222.3,1,0,1,1,208.65,34.775,1,0.7311036778905696,1,At Risk
1,0,0,0,1,1,0,2,0,0,1,0,0,0,0,1,1,74.6,74.6,1,0,2,1,74.6,24.866666666666664,1,0.8831466612025289,1,At Risk
0,0,1,1,35,1,0,0,0,0,0,0,0,0,2,0,1,20.1,655.3,0,2,1,0,703.5,10.05,0,0.012462237160193443,2,Fence Sitters
1,0,0,0,17,1,1,0,0,0,0,0,0,0,0,0,1,24.8,475.25,0,1,1,0,421.6,12.4,0,0.22292780376642138,2,Fence Sitters
1,1,0,0,8,1,0,0,0,0,0,0,0,0,0,0,0,19.65,164.3,1,0,1,1,157.2,9.825,1,0.3313081353413266,2,Fence Sitters
0,0,0,0,10,1,0,2,0,0,0,1,1,1,0,1,3,95.1,865.1,0,0,4,1,951.0,19.02,1,0.5424898271166095,1,At Risk
0,0,1,1,68,1,1,1,1,1,1,1,1,1,2,1,3,88.85,6132.7,0,3,7,0,6041.799999999999,11.10625,0,0.019854352820150724,0,Champions
0,0,1,0,45,1,0,1,1,1,1,0,1,1,1,0,2,78.8,3597.5,0,2,6,0,3546.0,11.257142857142856,0,0.12591105828818058,0,Champions
0,0,1,1,2,1,0,0,0,0,0,0,0,0,1,0,1,19.85,35.9,1,0,1,1,39.7,9.925,0,0.06713511450533084,2,Fence Sitters
0,0,1,0,37,1,0,0,0,0,0,0,0,0,0,0,2,20.35,697.65,0,2,1,0,752.95,10.175,0,0.1433230925461356,2,Fence Sitters
1,0,0,0,4,0,0,1,0,0,0,0,0,0,0,1,1,24.25,96.05,1,0,0,1,97.0,24.25,1,0.827468983759865,1,At Risk
1,0,0,0,10,1,0,1,0,0,0,0,0,0,0,0,1,45.25,428.7,0,0,1,1,452.5,22.625,1,0.5864820091212658,1,At Risk
0,0,0,0,1,1,0,0,0,0,0,0,0,0,0,0,1,20.05,20.05,0,0,1,1,20.05,10.025,1,0.6301773548820512,1,At Risk
0,0,1,1,65,1,1,1,1,1,0,0,0,1,2,1,1,69.55,4459.15,0,3,4,0,4520.75,13.91,0,0.01955942690576633,0,Champions
1,0,1,1,57,1,0,0,0,0,0,0,0,0,2,0,2,19.5,1167.6,0,3,1,0,1111.5,9.75,0,0.017144462482155006,2,Fence Sitters
1,0,0,0,3,1,0,2,0,0,1,0,0,0,0,1,1,74.75,238.1,0,0,2,1,224.25,24.916666666666668,1,0.7729438277304008,1,At Risk
1,0,0,0,2,1,0,2,0,0,0,0,0,0,0,0,0,69.65,145.15,1,0,1,1,139.3,34.825,1,0.8425310733794873,1,At Risk
0,0,0,0,49,0,0,1,0,0,1,0,0,0,0,1,2,30.2,1453.1,0,3,1,0,1479.8,15.1,0,0.45423280624345064,2,Fence Sitters
1,0,0,0,4,1,0,1,0,0,0,0,0,0,0,0,1,45.65,191.05,1,0,1,1,182.6,22.825,1,0.6795992091492697,1,At Risk
1,0,1,0,70,0,0,1,0,1,1,1,1,1,2,0,2,57.8,4039.3,0,3,5,0,4046.0,9.633333333333333,0,0.02317274535598951,0,Champions
1,0,1,1,53,1,0,0,0,0,0,0,0,0,1,1,2,19.85,1039.45,0,3,1,0,1052.0500000000002,9.925,0,0.024755531467752407,2,Fence Sitters
0,0,1,1,53,1,1,0,0,0,0,0,0,0,2,0,3,25.55,1336.1,0,3,1,0,1354.15,12.775,0,0.014205066757926333,2,Fence Sitters
1,0,0,0,1,1,1,2,0,0,0,0,0,0,0,1,1,75.05,75.05,1,0,1,1,75.05,37.525,1,0.9377343005542026,1,At Risk
0,0,0,0,22,1,1,0,0,0,0,0,0,0,0,1,3,24.85,493.4,0,1,1,0,546.7,12.425,0,0.2282233207625661,2,Fence Sitters
0,1,0,0,52,0,0,1,0,1,0,0,1,1,0,1,0,49.15,2550.9,1,3,3,0,2555.8,12.2875,0,0.6333689372221785,1,At Risk
0,1,0,0,65,1,1,2,1,0,1,1,1,1,2,1,0,110.35,7246.15,0,3,6,0,7172.75,15.764285714285714,0,0.14601075164015032,0,Champions
1,0,0,0,48,1,1,0,0,0,0,0,0,0,1,0,2,24.55,1203.95,0,2,1,0,1178.4,12.275,0,0.05935619894295024,2,Fence Sitters
1,0,0,0,2,0,0,1,0,0,0,0,0,1,0,1,0,34.7,62.25,1,0,1,1,69.4,17.35,1,0.8805717963928779,1,At Risk
0,0,0,0,3,1,1,2,0,1,1,0,1,1,0,0,1,107.95,313.6,0,0,5,1,323.85,17.991666666666667,1,0.8819097587744045,1,At Risk
0,0,1,0,45,1,1,2,0,1,0,0,0,0,0,0,2,81.4,3775.85,0,2,2,0,3663.000000000001,27.133333333333336,0,0.3995979967031753,1,At Risk
0,0,1,1,1,1,0,2,0,0,0,0,0,1,0,0,0,80.0,80.0,1,0,2,1,80.0,26.666666666666668,1,0.8818005581296561,1,At Risk
1,0,1,1,61,1,0,1,0,0,1,1,1,1,2,1,2,73.8,4616.05,0,3,5,0,4501.8,12.3,0,0.022787353472507946,0,Champions
0,0,0,0,3,1,0,1,1,0,0,1,1,0,0,1,3,64.4,195.65,0,0,4,1,193.2,12.88,1,0.2457829737981718,1,At Risk
1,1,0,0,40,1,1,2,0,0,1,1,1,1,1,1,3,103.75,4188.4,0,2,5,0,4150.0,17.291666666666668,0,0.2976774363446435,0,Champions
1,0,0,0,1,1,0,2,0,0,0,0,0,0,0,0,1,71.1,71.1,0,0,1,1,71.1,35.55,1,0.9234126268331109,1,At Risk
1,0,0,0,1,1,0,1,0,0,0,1,0,0,0,1,0,49.9,49.9,0,0,2,1,49.9,16.633333333333333,1,0.636476057705641,1,At Risk
0,0,0,0,51,1,1,0,0,0,0,0,0,0,1,1,2,24.6,1266.4,0,3,1,0,1254.6,12.3,0,0.060235029702271625,2,Fence Sitters
0,1,0,0,2,1,0,1,1,0,0,0,0,0,0,1,0,49.25,91.1,1,0,2,1,98.5,16.416666666666668,1,0.704538997519983,1,At Risk
0,0,0,0,52,0,0,1,0,1,0,0,0,0,1,0,1,30.1,1623.4,0,3,1,0,1565.2,15.05,0,0.247973939605843,2,Fence Sitters
0,0,0,0,51,1,1,2,0,0,0,0,0,1,0,0,2,83.4,4149.45,0,3,2,0,4253.400000000001,27.8,0,0.6994046572945446,1,At Risk
0,0,0,0,1,1,0,0,0,0,0,0,0,0,0,1,1,20.45,20.45,0,0,1,1,20.45,10.225,1,0.5709122947764523,1,At Risk
0,0,1,1,31,1,1,1,1,1,0,1,0,1,1,1,2,75.25,2344.5,0,2,5,0,2332.75,12.541666666666666,0,0.0824566659435609,0,Champions
0,0,0,1,47,1,0,0,0,0,0,0,0,0,1,0,3,20.55,1013.05,0,2,1,0,965.85,10.275,0,0.024902518729878906,2,Fence Sitters
1,0,0,0,3,1,1,2,0,0,0,0,0,0,0,1,3,75.1,270.7,1,0,1,1,225.3,37.55,1,0.7717942750233938,1,At Risk
1,1,0,0,22,1,0,0,0,0,0,0,0,0,1,1,1,20.05,417.0,0,1,1,0,441.1,10.025,0,0.027958525677717574,2,Fence Sitters
1,0,1,0,1,1,0,0,0,0,0,0,0,0,0,1,1,20.65,20.65,0,0,1,1,20.65,10.325,1,0.6298548567365811,1,At Risk
0,0,1,0,72,1,1,1,0,1,1,1,1,1,2,1,2,85.15,6316.2,0,3,6,0,6130.8,12.164285714285716,0,0.021450267712902933,0,Champions
0,0,1,1,3,1,0,1,0,0,1,0,0,0,0,1,0,50.15,168.15,1,0,2,1,150.45,16.716666666666665,1,0.6785680374512417,1,At Risk
0,1,1,1,47,1,0,2,0,1,0,0,1,0,1,1,2,84.95,4018.05,0,2,3,0,3992.65,21.2375,0,0.0998663956947126,0,Champions
0,0,1,1,72,1,1,1,1,0,1,1,0,0,2,1,3,66.5,4811.6,0,3,4,0,4788.0,13.3,0,0.006102087912280531,0,Champions
0,0,1,1,66,1,1,1,0,0,1,0,1,0,2,1,2,63.3,4189.7,0,3,3,0,4177.8,15.825,0,0.06100264705985055,0,Champions
0,0,0,0,35,1,1,2,0,0,0,0,1,0,0,0,0,83.15,2848.45,0,2,2,0,2910.25,27.71666666666667,0,0.8862779573942112,1,At Risk
0,0,0,0,29,1,1,2,0,0,0,0,0,1,0,1,0,84.9,2516.2,0,2,2,0,2462.1000000000004,28.3,0,0.8711640562747051,1,At Risk
1,0,0,0,2,1,0,0,0,0,0,0,0,0,0,1,1,20.55,33.6,0,0,1,1,41.1,10.275,1,0.2855716259635486,2,Fence Sitters
0,0,0,0,4,1,0,1,0,1,0,0,0,0,0,0,1,49.25,208.45,0,0,2,1,197.0,16.416666666666668,1,0.4412387560810178,1,At Risk
1,0,0,0,25,1,0,2,1,1,0,0,0,0,0,1,2,79.85,2015.35,1,2,3,0,1996.25,19.9625,0,0.33537361766296797,1,At Risk
1,0,0,0,65,1,0,1,1,1,0,1,0,0,2,1,1,59.6,3739.8,0,3,4,0,3874.0,11.92,0,0.018230432583428113,0,Champions
0,1,0,0,27,1,1,2,0,1,0,1,1,1,1,1,2,104.65,2964.0,0,2,5,0,2825.55,17.441666666666666,0,0.3842702350489845,0,Champions
0,0,1,0,29,1,0,2,0,0,1,0,0,0,0,1,3,75.3,2263.4,0,2,2,0,2183.7,25.1,0,0.2678262153365974,1,At Risk
0,0,1,1,29,1,1,1,0,1,1,0,1,1,0,0,3,80.1,2211.8,0,2,5,0,2322.9,13.35,0,0.2730726505557319,0,Champions
0,0,0,0,1,1,0,0,0,0,0,0,0,0,0,0,1,19.55,19.55,1,0,1,1,19.55,9.775,1,0.5691324605535697,1,At Risk
1,0,1,0,20,1,0,2,0,0,1,1,0,0,0,1,1,81.0,1683.7,0,1,3,0,1620.0,20.25,0,0.2526355370554082,1,At Risk
1,0,0,0,58,1,1,0,0,0,0,0,0,0,2,1,3,24.7,1519.0,0,3,1,0,1432.6,12.35,0,0.012564580877225527,2,Fence Sitters
1,0,0,1,14,1,1,2,1,0,0,1,0,0,0,1,1,86.0,1164.05,0,1,3,0,1204.0,21.5,0,0.35496168818493506,1,At Risk
0,0,1,0,72,1,1,0,0,0,0,0,0,0,2,0,1,25.4,1710.9,0,3,1,0,1828.8,12.7,0,0.013031233533109057,2,Fence Sitters
0,0,0,0,46,1,1,2,1,0,0,0,1,0,0,1,3,89.15,4245.55,0,2,3,0,4100.900000000001,22.2875,0,0.395379481170546,0,Champions
1,0,1,0,71,0,0,1,0,1,1,1,1,1,2,0,2,58.25,4145.9,0,3,5,0,4135.75,9.708333333333334,0,0.015271100266488319,0,Champions
0,0,0,0,32,1,1,2,0,0,0,0,0,1,0,1,2,85.65,2664.3,0,2,2,0,2740.8,28.55,0,0.798538059497829,1,At Risk
1,0,0,0,26,0,0,1,0,0,1,0,1,1,0,1,3,50.35,1277.5,0,2,3,0,1309.1,12.5875,0,0.2760848448425258,2,Fence Sitters
0,1,1,0,68,1,1,2,0,0,1,0,0,0,0,1,3,80.35,5589.3,0,3,2,0,5463.799999999999,26.78333333333333,0,0.17292058262918975,0,Champions
0,0,1,1,2,1,0,0,0,0,0,0,0,0,1,0,1,20.2,34.75,0,0,1,1,40.4,10.1,0,0.0568158723431718,2,Fence Sitters
0,0,1,1,61,1,0,0,0,0,0,0,0,0,2,0,3,20.55,1305.95,0,3,1,0,1253.55,10.275,0,0.005958516217443737,2,Fence Sitters
1,0,1,1,4,1,1,2,0,0,0,0,0,1,0,1,0,85.95,381.3,1,0,2,1,343.8,28.65,1,0.7891391311247005,1,At Risk
0,0,0,0,3,1,0,1,0,0,0,0,0,0,0,1,0,45.35,141.5,1,0,1,1,136.05,22.675,1,0.8277670371163692,1,At Risk
0,1,1,0,33,1,1,2,0,0,0,0,1,1,0,1,0,94.5,3105.55,1,2,3,0,3118.5,23.625,0,0.7178111504990233,1,At Risk
0,1,1,0,9,1,0,0,0,0,0,0,0,0,0,1,1,21.25,204.55,0,0,1,1,191.25,10.625,1,0.3588682188991401,2,Fence Sitters
1,0,0,0,22,1,1,0,0,0,0,0,0,0,2,0,1,26.25,605.9,0,1,1,0,577.5,13.125,0,0.03508322853939264,2,Fence Sitters
1,0,1,1,5,1,0,2,0,0,0,0,1,0,0,1,0,80.85,356.1,0,0,2,1,404.25,26.95,1,0.6432722492547758,1,At Risk
1,1,0,0,30,1,1,2,1,1,1,0,0,0,0,0,3,91.7,2758.15,1,2,4,0,2751.0,18.34,0,0.42452142839541296,0,Champions
0,0,0,0,65,1,1,1,0,1,1,1,0,1,2,1,3,74.2,4805.65,0,3,5,0,4823.0,12.366666666666667,0,0.0334386848204631,0,Champions
1,0,0,0,45,1,1,2,0,0,1,1,0,0,0,1,0,87.25,3941.7,1,2,3,0,3926.25,21.8125,0,0.6774700744041604,1,At Risk
0,0,0,0,5,1,0,0,0,0,0,0,0,0,0,0,1,20.35,92.75,0,0,1,1,101.75,10.175,1,0.3162819846341456,2,Fence Sitters
0,0,1,1,25,1,0,2,0,1,0,0,0,0,0,1,0,75.5,1901.05,0,2,2,0,1887.5,25.166666666666668,0,0.49953461822866,1,At Risk
1,0,1,1,72,1,1,2,1,0,0,0,0,0,2,0,2,79.05,5730.7,0,3,2,0,5691.599999999999,26.35,0,0.005478533595230051,0,Champions
1,0,1,0,27,1,1,2,0,0,1,0,0,1,0,0,2,90.15,2423.4,0,2,3,0,2434.05,22.5375,0,0.45341776250036847,1,At Risk
0,0,1,1,32,0,0,1,0,0,1,0,1,1,0,0,3,50.6,1653.45,0,2,3,0,1619.2,12.65,0,0.14777894584047746,2,Fence Sitters
1,0,0,0,30,1,1,2,0,1,1,1,1,1,1,0,3,110.45,3327.05,0,2,6,0,3313.5,15.778571428571428,0,0.2746077982894625,0,Champions
0,0,1,0,70,1,0,2,1,1,1,1,0,1,2,0,3,101.0,7085.5,0,3,6,0,7070.0,14.428571428571429,0,0.05784711097326995,0,Champions
0,1,0,0,42,1,1,2,0,1,0,0,0,0,0,1,2,79.35,3344.1,0,2,2,0,3332.7,26.45,0,0.4963749925467961,1,At Risk
1,1,1,0,72,1,1,1,1,1,1,1,1,1,2,1,2,89.85,6697.35,0,3,7,0,6469.2,11.23125,0,0.008038040626432178,0,Champions
1,0,0,0,47,1,1,1,1,0,1,1,0,0,2,1,1,65.0,2879.9,0,2,4,0,3055.0,13.0,0,0.022532741788230663,0,Champions
1,0,0,0,2,1,0,2,1,0,1,0,0,0,0,1,0,80.45,137.1,0,0,3,1,160.9,20.1125,1,0.4699610646392155,1,At Risk
0,0,0,0,10,1,1,2,1,0,0,0,1,1,0,0,0,98.55,1008.55,1,0,4,1,985.5,19.71,1,0.8614166490518943,1,At Risk
1,0,1,1,61,1,1,0,0,0,0,0,0,0,2,1,1,24.1,1551.6,0,3,1,0,1470.1,12.05,0,0.007491368975846448,2,Fence Sitters
1,0,0,0,5,1,0,1,0,0,0,0,0,0,0,1,3,44.05,202.15,0,0,1,1,220.25,22.025,1,0.32447038070470435,2,Fence Sitters
1,1,1,0,72,1,1,2,0,1,1,1,1,1,2,1,3,110.8,7882.25,0,3,6,0,7977.599999999999,15.828571428571427,0,0.03243637689590695,0,Champions
0,1,1,1,72,1,1,2,1,1,1,1,1,1,2,1,2,114.95,8196.4,0,3,7,0,8276.4,14.36875,0,0.012442009631890821,0,Champions
1,1,0,0,3,1,0,2,0,0,1,0,0,0,0,0,1,75.05,202.9,0,0,2,1,225.15,25.016666666666666,1,0.7379435695594614,1,At Risk
0,0,1,0,48,1,0,0,0,0,0,0,0,0,2,0,1,19.25,855.1,0,2,1,0,924.0,9.625,0,0.01588680629989328,2,Fence Sitters
1,0,0,0,63,1,0,2,0,0,1,1,1,0,1,1,3,90.05,5817.0,0,3,4,0,5673.15,18.009999999999998,0,0.08799335733896285,0,Champions
1,0,0,0,27,1,0,1,1,1,0,0,0,0,0,1,1,56.7,1652.95,0,2,3,0,1530.9,14.175,0,0.21079551972655652,2,Fence Sitters
0,0,1,1,70,1,0,1,1,1,1,0,1,1,2,1,3,80.15,5600.15,0,3,6,0,5610.5,11.45,0,0.027596711027053907,0,Champions
0,0,1,1,7,1,0,1,1,0,1,1,0,1,0,1,3,71.35,515.75,0,0,5,1,499.44999999999993,11.891666666666666,1,0.1217748548327665,0,Champions
1,0,1,0,2,1,0,2,1,1,0,0,1,0,0,0,0,90.35,190.5,0,0,4,1,180.7,18.07,1,0.3978770009900086,1,At Risk
0,1,0,0,20,1,1,2,0,0,1,0,1,1,0,1,0,98.55,1842.8,1,1,4,0,1971.0,19.71,0,0.8687548878810791,1,At Risk
0,0,0,0,66,1,0,0,0,0,0,0,0,0,2,0,2,19.7,1253.8,0,3,1,0,1300.2,9.85,0,0.013558347249070802,2,Fence Sitters
1,0,0,0,3,1,0,0,0,0,0,0,0,0,0,0,1,19.85,57.2,0,0,1,1,59.55,9.925,1,0.33303207134107615,2,Fence Sitters
1,0,0,1,15,1,0,2,0,1,0,0,0,1,0,1,2,85.9,1269.55,1,1,3,0,1288.5,21.475,0,0.5805254148414389,1,At Risk
1,0,1,1,72,1,1,2,1,1,0,1,0,0,2,1,2,90.35,6563.4,0,3,4,0,6505.2,18.07,0,0.004984578341413025,0,Champions
0,0,0,0,1,1,0,0,0,0,0,0,0,0,0,0,1,20.8,20.8,0,0,1,1,20.8,10.4,1,0.5618747977453363,1,At Risk
1,0,0,0,22,1,0,2,0,0,0,0,1,1,0,0,0,89.25,1907.85,1,1,3,0,1963.5,22.3125,0,0.8030650354725484,1,At Risk
0,0,1,0,3,1,0,2,0,0,0,0,0,0,0,1,0,70.3,208.85,1,0,1,1,210.9,35.15,1,0.8061092328580493,1,At Risk
1,0,1,1,72,1,1,1,1,0,1,1,0,0,2,0,2,66.85,4758.8,0,3,4,0,4813.2,13.37,0,0.006148141931458969,0,Champions
0,0,1,1,65,1,0,0,0,0,0,0,0,0,2,0,1,19.9,1292.6,0,3,1,0,1293.5,9.95,0,0.009835836104748308,2,Fence Sitters
1,0,0,0,11,0,0,1,0,0,0,0,1,0,0,1,1,35.8,363.15,0,0,1,1,393.8,17.9,1,0.7462104892803192,1,At Risk
0,0,0,0,22,1,1,2,0,1,0,0,0,0,0,1,1,78.85,1600.25,0,1,2,0,1734.6999999999998,26.28333333333333,0,0.7649737663207893,1,At Risk
0,0,0,0,14,1,0,0,0,0,0,0,0,0,1,0,2,20.4,275.7,0,1,1,0,285.6,10.2,0,0.05648393039114386,2,Fence Sitters
0,0,0,0,41,1,0,2,0,0,0,1,0,0,0,1,0,74.25,3089.1,0,2,2,0,3044.25,24.75,0,0.5117590728673282,1,At Risk
0,0,1,0,17,1,0,1,1,1,0,0,0,1,1,0,1,64.8,1175.6,0,1,4,0,1101.6,12.96,0,0.0823414784526445,0,Champions
0,0,0,0,11,1,0,0,0,0,0,0,0,0,0,1,3,20.45,237.3,0,0,1,1,224.95,10.225,1,0.12584218736708858,2,Fence Sitters
0,0,0,0,15,1,1,2,0,0,0,0,1,1,0,1,0,93.35,1444.65,1,1,3,0,1400.25,23.3375,0,0.8852445575146124,1,At Risk
1,0,0,0,1,1,0,0,0,0,0,0,0,0,0,0,1,19.9,19.9,1,0,1,1,19.9,9.95,1,0.6258745431276408,1,At Risk
1,0,1,0,5,1,0,2,1,0,1,0,0,1,0,1,1,88.9,454.15,1,0,4,1,444.5,17.78,1,0.6359774454179822,1,At Risk
0,0,1,0,33,1,0,2,0,0,1,0,1,1,1,1,0,95.8,3036.75,1,2,4,0,3161.4,19.16,0,0.5999586572395712,1,At Risk
1,0,1,0,72,1,1,2,1,1,1,0,1,1,2,1,3,110.65,8065.65,0,3,6,0,7966.8,15.80714285714286,0,0.013847821701327156,0,Champions
1,0,1,1,3,0,0,1,0,1,0,0,0,1,0,0,1,40.3,92.5,0,0,2,1,120.9,13.433333333333332,1,0.361619345190855,1,At Risk
0,0,0,0,2,1,1,2,0,1,0,0,0,0,0,1,0,82.0,184.65,1,0,2,1,164.0,27.33333333333333,1,0.8600796069755557,1,At Risk
1,0,1,0,59,1,1,2,1,1,1,1,0,1,1,1,3,107.0,6152.3,0,3,6,0,6313.0,15.285714285714286,0,0.19470985159396417,0,Champions
0,0,0,0,2,1,0,1,0,0,0,0,0,0,0,0,0,45.35,89.5,1,0,1,1,90.7,22.675,1,0.83880819518173,1,At Risk
0,0,1,1,71,1,0,1,0,1,0,1,1,1,2,1,3,73.35,5154.5,0,3,5,0,5207.849999999999,12.225,0,0.008546237711867057,0,Champions
1,0,1,1,5,1,0,1,0,0,0,0,0,0,0,0,1,44.8,220.45,0,0,1,1,224.0,22.4,1,0.30997038313472836,2,Fence Sitters
0,0,1,1,27,1,0,1,1,1,0,0,0,0,0,1,3,54.75,1510.3,0,2,3,0,1478.25,13.6875,0,0.10041809827177649,2,Fence Sitters
1,0,0,0,1,1,0,1,0,0,0,1,0,0,0,1,0,52.2,52.2,1,0,2,1,52.2,17.400000000000002,1,0.7195965216307885,1,At Risk
0,0,0,1,63,0,0,1,1,1,0,1,0,0,1,1,2,40.6,2588.95,0,3,3,0,2557.8,10.15,0,0.03962157403168333,2,Fence Sitters
1,1,0,0,46,1,1,2,1,1,1,0,1,1,1,1,0,110.0,4874.8,1,2,6,0,5060.0,15.714285714285714,0,0.20643179300757428,0,Champions
0,0,1,1,72,1,1,1,1,0,0,0,0,0,2,0,2,55.3,3983.6,0,3,2,0,3981.6,18.433333333333334,0,0.006766796316881812,2,Fence Sitters
1,0,1,0,34,1,1,1,1,0,0,1,0,0,0,1,2,60.85,2003.6,0,2,3,0,2068.9,15.2125,0,0.09591456062601265,2,Fence Sitters
1,0,1,1,24,1,1,1,1,1,0,0,1,1,1,0,0,78.4,1832.4,0,1,5,0,1881.6,13.066666666666668,0,0.1213915346978878,0,Champions
0,0,0,0,72,1,1,1,1,1,1,1,0,0,2,0,2,69.65,4908.25,0,3,5,0,5014.8,11.608333333333334,0,0.008632995249885912,0,Champions
1,0,1,1,60,0,0,1,1,0,1,1,1,1,2,0,3,59.85,3590.2,0,3,5,0,3591.0,9.975,0,0.013832262517462661,0,Champions
0,0,0,0,68,1,1,1,1,1,1,0,0,1,1,1,3,76.9,5023.0,0,3,5,0,5229.200000000001,12.816666666666668,0,0.13690865861270965,0,Champions
1,0,1,1,8,1,0,0,0,0,0,0,0,0,2,1,1,19.85,146.6,0,0,1,1,158.8,9.925,0,0.02573500623345285,2,Fence Sitters
1,0,0,1,34,1,0,1,1,0,1,1,1,0,2,0,3,67.65,2339.3,0,2,5,0,2300.1000000000004,11.275,0,0.019018325641328444,0,Champions
1,0,0,0,6,0,0,1,0,0,0,0,1,1,0,0,3,45.0,298.7,0,0,2,1,270.0,15.0,1,0.5449303449323698,1,At Risk
0,0,1,0,2,1,0,1,0,1,0,1,0,1,0,1,1,64.2,143.65,0,0,4,1,128.4,12.84,1,0.23424167635789075,1,At Risk
0,0,0,0,31,1,1,2,0,0,0,1,0,0,1,0,3,81.7,2548.65,0,2,2,0,2532.7000000000003,27.23333333333333,0,0.2547041706175434,1,At Risk
1,0,1,1,20,1,1,0,0,0,0,0,0,0,0,1,2,25.55,507.4,0,1,1,0,511.0,12.775,0,0.08397946225366511,2,Fence Sitters
1,0,1,1,1,1,0,0,0,0,0,0,0,0,0,0,0,20.0,20.0,0,0,1,1,20.0,10.0,1,0.5980982657294831,1,At Risk
0,0,0,0,62,1,1,2,0,0,1,0,1,1,1,1,0,96.75,6125.4,1,3,4,0,5998.5,19.35,0,0.7141889757102492,0,Champions
1,1,1,0,70,1,1,2,0,0,0,0,0,0,2,1,3,75.65,5411.4,0,3,1,0,5295.5,37.825,0,0.018083243205766337,2,Fence Sitters
1,0,0,0,10,1,1,2,0,0,0,1,1,1,0,1,0,98.5,1058.25,1,0,4,1,985.0,19.7,1,0.8773209650274052,1,At Risk
0,0,1,1,39,1,1,0,0,0,0,0,0,0,2,1,1,23.8,903.8,0,2,1,0,928.2,11.9,0,0.021821766456944815,2,Fence Sitters
1,0,1,0,46,1,0,1,0,1,0,1,1,0,2,1,3,64.2,3009.5,0,2,4,0,2953.2000000000003,12.84,0,0.02111107990026357,0,Champions
0,0,0,0,6,1,0,2,0,1,0,0,1,0,0,1,0,85.35,489.45,1,0,3,1,512.0999999999999,21.3375,1,0.8321688289735555,1,At Risk
1,0,1,1,72,1,1,1,0,0,1,0,1,1,2,1,2,76.8,5468.45,0,3,4,0,5529.599999999999,15.36,0,0.05176803276444255,0,Champions
0,0,0,0,18,1,0,1,0,0,1,1,0,0,0,0,3,55.2,1058.1,0,1,3,0,993.6,13.8,0,0.17129365515209752,2,Fence Sitters
0,0,1,0,71,1,1,2,1,0,1,1,1,1,2,1,3,108.55,7616.0,0,3,6,0,7707.05,15.507142857142856,0,0.11789668178095447,0,Champions
0,0,1,0,40,1,1,2,0,1,0,0,1,1,0,1,0,101.3,4113.1,1,2,4,0,4052.0,20.26,0,0.7333465057707875,1,At Risk
0,0,0,0,1,1,0,2,0,0,0,0,0,0,0,1,0,69.55,69.55,1,0,1,1,69.55,34.775,1,0.9401751550555026,1,At Risk
0,0,0,0,58,1,1,2,0,1,1,0,1,1,1,1,2,103.25,6017.65,1,3,5,0,5988.5,17.208333333333332,0,0.5412934085757689,0,Champions
0,0,0,0,70,1,1,2,1,0,0,1,1,1,2,1,3,104.0,7250.15,1,3,5,0,7280.0,17.333333333333332,0,0.3062579656624747,0,Champions
1,0,1,0,42,1,1,0,0,0,0,0,0,0,2,0,0,25.25,1108.2,0,2,1,0,1060.5,12.625,0,0.04177838779047235,2,Fence Sitters
0,0,1,1,34,0,0,1,1,0,0,0,0,0,1,0,2,30.4,938.65,0,2,1,0,1033.6,15.2,0,0.11437118040428602,2,Fence Sitters
0,1,0,0,5,1,0,0,0,0,0,0,0,0,0,0,2,20.05,94.15,0,0,1,1,100.25,10.025,1,0.2395264511024563,2,Fence Sitters
1,0,0,0,25,1,1,2,0,0,0,0,1,0,0,1,1,84.6,2088.05,0,2,2,0,2115.0,28.2,0,0.7927318539550441,1,At Risk
1,0,0,0,2,1,0,2,0,0,1,0,0,1,0,1,1,86.2,178.7,1,0,3,1,172.4,21.55,1,0.9021245304395207,1,At Risk
1,0,1,1,55,1,0,2,0,1,1,1,1,1,1,1,2,103.7,5656.75,0,3,6,0,5703.5,14.814285714285717,0,0.1071406463466702,0,Champions
0,0,1,0,21,1,1,2,0,1,1,1,1,1,0,1,0,111.2,2317.1,1,1,6,0,2335.2000000000003,15.885714285714286,0,0.5950073092426752,0,Champions
0,0,1,0,70,1,1,2,1,1,0,1,0,0,2,1,3,88.0,5986.45,0,3,4,0,6160.0,17.6,0,0.031780767830813614,0,Champions
1,0,1,0,61,1,1,2,0,0,1,1,1,1,0,1,0,106.35,6751.35,0,3,5,0,6487.349999999999,17.724999999999998,0,0.6144750383718836,0,Champions
0,0,1,1,43,1,0,1,1,0,1,1,1,1,2,1,3,79.15,3566.6,0,2,6,0,3403.4500000000003,11.30714285714286,0,0.014599609404633744,0,Champions
0,0,0,0,47,1,1,2,0,1,1,0,1,1,1,1,0,103.1,4889.3,0,2,5,0,4845.7,17.183333333333334,0,0.5043469396441281,0,Champions
0,0,0,0,5,1,0,1,0,0,1,1,1,0,0,1,3,63.95,318.1,0,0,4,1,319.75,12.79,1,0.1908059434642512,1,At Risk
1,0,0,0,62,1,1,0,0,0,0,0,0,0,2,1,3,25.8,1563.95,0,3,1,0,1599.6,12.9,0,0.014144985263691569,2,Fence Sitters
1,0,1,1,16,1,0,2,0,1,1,0,1,0,0,1,3,89.45,1430.25,1,1,4,0,1431.2,17.89,0,0.3907743678182151,1,At Risk
0,1,1,0,7,1,1,2,0,0,0,0,1,1,0,1,2,95.6,644.35,1,0,3,1,669.1999999999999,23.9,1,0.8640448312664114,1,At Risk
1,0,1,1,14,1,1,0,0,0,0,0,0,0,0,0,1,25.55,372.45,0,1,1,0,357.7,12.775,0,0.1145945851059423,2,Fence Sitters
0,0,1,1,60,1,0,2,0,1,1,0,1,0,1,0,0,90.95,5453.4,1,3,4,0,5457.0,18.19,0,0.23629906440037574,0,Champions
0,0,1,1,34,0,0,1,0,0,1,1,1,0,0,1,0,44.85,1442.6,0,2,3,0,1524.9,11.2125,0,0.08084946294735779,2,Fence Sitters
1,0,1,0,50,1,1,2,1,1,0,1,1,1,1,0,0,108.55,5610.7,1,3,6,0,5427.5,15.507142857142856,0,0.37914437651771016,0,Champions
0,0,1,1,38,1,1,0,0,0,0,0,0,0,2,0,3,25.05,963.95,0,2,1,0,951.9,12.525,0,0.0203204340616847,2,Fence Sitters
1,0,1,1,70,1,0,1,1,1,1,1,0,1,1,0,3,74.1,5222.3,0,3,6,0,5187.0,10.585714285714284,0,0.1397315431208083,0,Champions
1,0,1,1,37,1,1,2,0,1,0,0,1,0,0,1,0,88.8,3340.55,0,2,3,0,3285.6,22.2,0,0.25388253860859644,0,Champions
1,1,0,0,4,1,0,2,0,0,0,0,1,0,0,1,0,78.85,292.8,1,0,2,1,315.4,26.28333333333333,1,0.8663005577088686,1,At Risk
0,1,1,1,60,1,1,2,1,1,0,0,0,1,0,1,0,93.25,5774.55,0,3,4,0,5595.0,18.65,0,0.18634636190527268,0,Champions
0,0,1,1,62,1,0,1,1,0,1,1,0,1,1,0,3,71.4,4487.3,0,3,5,0,4426.8,11.9,0,0.06328800150665896,0,Champions
0,0,0,0,1,1,0,1,0,0,0,0,0,0,0,0,1,44.4,44.4,1,0,1,1,44.4,22.2,1,0.8129423840765982,1,At Risk
0,0,0,0,36,1,0,1,1,0,1,1,1,1,0,1,3,79.2,2854.95,0,2,6,0,2851.2000000000003,11.314285714285717,0,0.10845027840526267,0,Champions
0,0,0,0,44,1,0,0,0,0,0,0,0,0,2,0,3,20.4,905.55,0,2,1,0,897.5999999999999,10.2,0,0.01417759499589,2,Fence Sitters
1,1,0,0,55,1,1,2,0,0,1,0,1,1,1,1,0,100.0,5509.3,1,3,4,0,5500.0,20.0,0,0.4325908065614221,0,Champions
1,0,1,0,72,1,1,2,1,0,1,0,1,1,2,1,3,105.0,7589.8,0,3,5,0,7560.0,17.5,0,0.0500091862652832,0,Champions
1,0,1,1,12,1,0,0,0,0,0,0,0,0,1,0,2,19.8,229.6,1,0,1,1,237.6,9.9,0,0.06126624385049518,2,Fence Sitters
1,0,0,0,13,0,0,1,1,0,0,0,0,0,0,1,2,30.85,394.1,0,1,1,0,401.05,15.425,0,0.39591445506372963,2,Fence Sitters
0,0,0,0,1,1,0,2,0,0,0,0,1,1,0,1,0,89.9,89.9,1,0,3,1,89.9,22.475,1,0.925321460341409,1,At Risk
1,0,1,1,15,1,0,0,0,0,0,0,0,0,1,0,1,20.55,295.95,0,1,1,0,308.25,10.275,0,0.04025680658931425,2,Fence Sitters
1,0,0,0,65,1,0,1,1,1,1,1,1,1,2,1,2,84.85,5459.2,0,3,7,0,5515.25,10.60625,0,0.017060649119972487,0,Champions
1,0,1,1,12,0,0,1,1,0,0,1,0,0,1,0,3,33.15,444.75,0,0,2,1,397.8,11.05,0,0.0720946848357163,2,Fence Sitters
0,0,1,0,72,1,1,1,1,1,1,1,1,1,2,1,3,92.0,6782.15,0,3,7,0,6624.0,11.5,0,0.011228054124958937,0,Champions
1,0,1,1,72,1,1,1,1,1,1,1,1,1,2,0,3,89.8,6510.45,0,3,7,0,6465.599999999999,11.225,0,0.009310447732080642,0,Champions
1,0,1,1,72,1,1,2,1,1,1,1,1,1,2,1,2,115.8,8476.5,0,3,7,0,8337.6,14.475,0,0.00998981389220155,0,Champions
0,0,0,1,52,1,1,1,1,1,0,1,1,1,2,1,1,85.15,4461.85,0,3,6,0,4427.8,12.164285714285716,0,0.031002958019014034,0,Champions
0,0,0,0,2,1,1,0,0,0,0,0,0,0,0,0,1,24.85,62.0,0,0,1,1,49.7,12.425,1,0.47645751027138683,2,Fence Sitters
1,0,0,0,5,1,0,1,1,0,0,1,1,0,0,1,0,64.35,352.65,0,0,4,1,321.75,12.87,1,0.33185360809165965,1,At Risk
1,0,0,0,68,1,0,0,0,0,0,0,0,0,2,0,3,20.5,1424.9,0,3,1,0,1394.0,10.25,0,0.007623578867690177,2,Fence Sitters
1,0,0,1,62,1,1,2,0,0,1,0,1,1,1,1,0,100.15,6413.65,1,3,4,0,6209.3,20.03,0,0.3675760880007949,0,Champions
0,0,0,0,72,1,1,1,1,1,0,1,1,1,2,0,3,86.05,6309.65,0,3,6,0,6195.599999999999,12.292857142857144,0,0.024263896967877906,0,Champions
0,0,0,0,1,1,0,1,0,1,0,0,0,0,0,0,0,50.8,50.8,1,0,2,1,50.8,16.933333333333334,1,0.6424691333669152,1,At Risk
1,0,1,0,66,1,1,2,1,1,0,1,0,0,1,0,0,89.0,5898.6,0,3,4,0,5874.0,17.8,0,0.09552488459591828,0,Champions
0,0,1,1,72,0,0,1,1,1,1,1,1,1,2,1,3,64.8,4719.75,0,3,6,0,4665.599999999999,9.257142857142856,0,0.007831145478539265,0,Champions
0,0,0,0,26,1,0,0,0,0,0,0,0,0,1,0,3,19.8,457.3,0,2,1,0,514.8000000000001,9.9,0,0.03195006710413624,2,Fence Sitters
0,0,1,1,64,1,1,2,1,0,1,0,0,1,2,0,2,93.4,5822.3,0,3,4,0,5977.6,18.68,0,0.057620065464751735,0,Champions
0,1,1,0,20,1,0,2,0,1,0,0,0,0,0,1,0,73.65,1463.5,1,1,2,0,1473.0,24.55,0,0.6643983917712949,1,At Risk
1,0,0,0,3,1,0,2,0,1,0,0,1,1,0,1,0,95.1,307.4,1,0,4,1,285.29999999999995,19.02,1,0.8179256611468836,1,At Risk
0,0,0,0,22,1,1,2,0,0,0,0,1,1,0,1,3,94.65,2104.55,1,1,3,0,2082.3,23.6625,0,0.6533956055907293,1,At Risk
0,0,1,0,4,1,0,2,0,0,1,1,0,0,0,1,1,80.6,319.15,1,0,3,1,322.4,20.15,1,0.7001065119410789,1,At Risk
0,0,1,0,62,0,0,1,0,0,0,1,1,0,2,1,2,39.0,2337.45,0,3,2,0,2418.0,13.0,0,0.021521564309813373,2,Fence Sitters
1,0,0,0,5,1,0,0,0,0,0,0,0,0,0,1,1,20.5,104.3,0,0,1,1,102.5,10.25,1,0.26814290768308174,2,Fence Sitters
0,0,1,0,59,1,1,2,0,0,0,0,0,1,1,0,0,85.55,5084.65,1,3,2,0,5047.45,28.516666666666666,0,0.27040670252145915,0,Champions
0,0,0,1,3,1,1,0,0,0,0,0,0,0,2,1,1,26.4,121.25,0,0,1,1,79.19999999999999,13.2,0,0.04799616182997395,2,Fence Sitters
1,0,1,0,72,1,1,2,1,0,1,1,1,0,2,1,2,98.2,7015.9,0,3,5,0,7070.400000000001,16.366666666666667,0,0.029776742476806627,0,Champions
0,0,1,1,57,1,0,2,0,1,1,0,1,1,1,1,3,97.55,5598.0,0,3,5,0,5560.349999999999,16.258333333333333,0,0.1859783504361528,0,Champions
0,0,0,1,66,1,0,0,0,0,0,0,0,0,2,0,3,19.95,1269.1,0,3,1,0,1316.7,9.975,0,0.009265676145267382,2,Fence Sitters
1,0,0,0,60,0,0,1,0,1,0,0,1,1,0,1,0,50.8,3027.4,1,3,3,0,3048.0,12.7,0,0.570353230936095,0,Champions
0,0,0,1,45,1,1,2,0,0,1,0,1,1,2,0,2,99.7,4634.35,0,2,4,0,4486.5,19.94,0,0.33509816207661436,0,Champions
1,0,0,0,3,0,0,1,0,0,0,0,1,0,0,1,3,34.8,113.95,0,0,1,1,104.4,17.4,1,0.697790245405131,1,At Risk
1,0,0,0,15,1,0,2,1,0,1,1,1,1,0,0,0,105.1,1582.75,1,1,6,0,1576.5,15.014285714285714,0,0.5733360366059909,0,Champions
1,0,0,1,51,0,0,1,1,0,1,1,1,1,1,0,2,60.15,3077.0,0,3,5,0,3067.65,10.025,0,0.0858206104354736,0,Champions
1,0,0,0,60,1,1,1,1,0,1,1,0,0,1,0,0,64.75,4039.5,0,3,4,0,3885.0,12.95,0,0.05290575376319456,0,Champions
0,0,0,0,33,1,1,1,0,1,0,0,0,0,0,1,2,54.65,1665.2,0,2,2,0,1803.45,18.216666666666665,0,0.40734555615265877,2,Fence Sitters
0,0,0,0,10,1,0,2,1,1,1,1,1,1,0,1,0,110.1,1043.3,1,0,7,1,1101.0,13.7625,1,0.3909678698973326,0,Champions
0,1,0,0,26,1,0,0,0,0,0,0,0,0,1,0,3,19.3,504.2,0,2,1,0,501.8,9.65,0,0.02537359515597081,2,Fence Sitters
1,0,0,0,6,1,0,2,0,0,1,0,0,1,0,0,0,83.9,497.55,1,0,3,1,503.4,20.975,1,0.8614860482365725,1,At Risk
1,0,1,0,67,1,1,2,1,0,1,1,1,1,1,1,0,111.25,7511.65,0,3,6,0,7453.75,15.892857142857142,0,0.2271288519607415,0,Champions
1,0,1,1,49,0,0,1,1,0,0,1,0,0,1,1,3,35.8,1782.0,0,3,2,0,1754.1999999999998,11.933333333333332,0,0.023019218246746277,2,Fence Sitters
0,0,0,0,1,1,0,0,0,0,0,0,0,0,0,1,1,20.05,20.05,0,0,1,1,20.05,10.025,1,0.6420904238726443,1,At Risk
1,1,0,0,7,1,0,2,0,0,1,0,1,0,0,1,0,84.35,609.65,0,0,3,1,590.4499999999999,21.0875,1,0.8297133937735455,1,At Risk
1,1,0,0,27,1,1,2,1,1,1,0,1,1,1,1,2,110.5,2857.6,0,2,6,0,2983.5,15.785714285714286,0,0.20532534791590654,0,Champions
0,0,1,1,37,1,0,2,0,0,0,0,1,1,1,0,3,91.2,3247.55,0,2,3,0,3374.4,22.8,0,0.18728714836715935,0,Champions
1,0,1,1,63,1,1,2,1,1,1,0,1,0,0,1,0,100.55,6215.35,1,3,5,0,6334.65,16.758333333333333,0,0.41378350670809416,0,Champions
0,0,1,1,31,1,1,2,1,0,1,1,0,0,0,0,0,89.3,2823.0,0,2,4,0,2768.3,17.86,0,0.2366323076199762,0,Champions
0,0,1,1,50,1,1,2,0,1,1,0,1,1,0,1,2,103.85,5017.9,1,3,5,0,5192.5,17.308333333333334,0,0.6650101607057458,0,Champions
0,1,0,0,32,1,1,2,0,0,1,0,0,0,0,1,3,81.1,2619.25,0,2,2,0,2595.2,27.03333333333333,0,0.3212086065880528,1,At Risk
1,0,0,0,1,0,0,1,0,0,0,0,0,0,0,0,0,24.6,24.6,1,0,0,1,24.6,24.6,1,0.8575890902669276,1,At Risk
1,0,1,0,63,1,1,2,0,0,0,1,0,0,1,1,3,81.2,4965.1,0,3,2,0,5115.6,27.066666666666663,0,0.06795026312131103,0,Champions
0,0,0,0,30,1,1,2,1,1,0,0,0,1,0,1,3,94.3,2679.7,0,2,4,0,2829.0,18.86,0,0.4121310586244155,0,Champions
0,0,1,0,71,1,1,2,1,1,1,1,1,1,2,1,2,116.1,8310.55,0,3,7,0,8243.1,14.5125,0,0.045186975943890685,0,Champions
1,0,0,0,53,1,1,2,0,1,1,0,1,1,2,0,0,105.55,5682.25,0,3,5,0,5594.15,17.591666666666665,0,0.1891404498531169,0,Champions
1,0,0,0,12,1,0,2,1,0,0,1,1,1,0,1,2,98.9,1120.95,1,0,5,1,1186.8000000000002,16.483333333333334,1,0.7542436379466044,1,At Risk
0,0,1,0,50,1,1,2,1,1,0,0,0,1,0,1,3,94.4,4914.9,0,3,4,0,4720.0,18.880000000000003,0,0.29283724028874336,0,Champions
1,0,0,0,2,1,0,0,0,0,0,0,0,0,0,0,1,19.5,27.55,0,0,1,1,39.0,9.75,1,0.3060977343898364,2,Fence Sitters
1,0,0,0,9,1,1,2,0,0,1,0,1,1,0,0,3,98.3,923.5,1,0,4,1,884.6999999999999,19.66,1,0.8329661587885331,1,At Risk
0,0,0,0,17,1,0,2,1,0,0,0,1,1,0,0,0,93.85,1625.65,1,1,4,0,1595.4499999999998,18.77,0,0.8056567493820579,1,At Risk
1,0,1,0,56,1,0,2,1,1,1,0,1,1,1,1,3,105.6,6068.65,0,3,6,0,5913.599999999999,15.085714285714284,0,0.22251794684574933,0,Champions
0,0,1,1,67,1,0,1,1,1,1,0,1,1,2,0,3,81.35,5398.6,0,3,6,0,5450.45,11.62142857142857,0,0.031643969170617084,0,Champions
0,1,0,0,9,1,1,2,0,0,1,0,1,1,0,1,0,100.5,918.6,1,0,4,1,904.5,20.1,1,0.8811136049395238,1,At Risk
0,0,0,0,4,1,0,1,0,0,0,0,1,0,0,1,0,56.4,234.85,0,0,2,1,225.6,18.8,1,0.8192654003569523,1,At Risk
0,0,0,0,19,1,0,1,0,1,0,1,0,1,1,1,2,65.35,1231.85,0,1,4,0,1241.65,13.07,0,0.0804403219096556,0,Champions
1,0,0,1,8,1,0,0,0,0,0,0,0,0,0,0,1,19.95,170.9,0,0,1,1,159.6,9.975,1,0.1557286395580587,2,Fence Sitters
1,0,0,0,71,1,1,2,0,1,1,1,1,1,2,1,0,111.25,7984.15,0,3,6,0,7898.75,15.892857142857142,0,0.11682951026597191,0,Champions
0,1,0,0,10,1,0,2,0,1,0,0,0,0,0,1,0,72.85,688.65,1,0,2,1,728.5,24.28333333333333,1,0.7264876955082757,1,At Risk
1,1,0,0,15,1,1,2,0,1,0,0,1,0,0,0,3,89.0,1288.3,0,1,3,0,1335.0,22.25,0,0.5512610037594479,1,At Risk
0,0,1,1,72,1,1,2,1,0,1,0,1,1,1,1,2,106.1,7848.5,0,3,5,0,7639.2,17.683333333333334,0,0.19133177717175665,0,Champions
0,0,0,0,12,1,0,0,0,0,0,0,0,0,1,0,3,20.05,267.0,0,0,1,1,240.6,10.025,0,0.0510012053267825,2,Fence Sitters
0,0,1,1,72,1,1,0,0,0,0,0,0,0,2,1,2,25.2,1798.9,0,3,1,0,1814.4,12.6,0,0.007574912114034209,2,Fence Sitters
0,1,1,0,1,1,1,2,0,0,0,0,0,0,0,1,0,73.55,73.55,1,0,1,1,73.55,36.775,1,0.875505457370776,1,At Risk
1,1,0,0,23,1,0,2,1,0,0,0,0,0,0,1,2,75.4,1643.55,0,1,2,0,1734.2,25.133333333333336,0,0.2501107882788477,1,At Risk
0,0,0,0,72,0,0,1,1,1,1,1,1,1,2,1,2,65.55,4807.45,0,3,6,0,4719.599999999999,9.364285714285714,0,0.010505014915228275,0,Champions
1,0,0,0,26,1,1,2,0,0,1,0,0,0,0,1,0,80.7,2193.0,0,2,2,0,2098.2000000000003,26.9,0,0.5506278371712233,1,At Risk
1,0,0,0,21,1,0,2,0,1,1,1,1,1,1,1,1,104.55,2239.4,0,1,6,0,2195.55,14.935714285714283,0,0.28012789988794334,0,Champions
0,0,1,0,60,1,1,0,0,0,0,0,0,0,1,0,2,24.15,1505.9,0,3,1,0,1449.0,12.075,0,0.04906007597975946,2,Fence Sitters
0,0,0,0,12,1,0,0,0,0,0,0,0,0,0,0,1,20.45,255.35,0,0,1,1,245.4,10.225,1,0.2469310699134934,2,Fence Sitters
0,0,1,0,16,1,1,2,0,0,0,0,0,0,0,1,0,75.4,1189.4,0,1,1,0,1206.4,37.7,0,0.768112918454549,1,At Risk
1,0,1,0,63,1,1,1,1,1,0,0,1,1,1,1,3,79.7,4786.15,0,3,5,0,5021.1,13.283333333333331,0,0.1408337246007919,0,Champions
1,1,0,0,22,1,0,2,1,1,0,0,0,0,0,0,0,81.7,1820.9,0,1,3,0,1797.4,20.425,0,0.3889339483942214,1,At Risk
1,0,1,1,32,1,0,1,1,1,1,1,0,1,0,0,2,76.3,2404.15,0,2,6,0,2441.6,10.9,0,0.15202510857383236,0,Champions
1,1,0,0,3,1,1,2,0,1,0,0,0,0,0,1,0,79.4,205.05,1,0,2,1,238.2,26.46666666666667,1,0.7429831302084945,1,At Risk
1,0,0,0,13,1,0,2,0,1,1,0,0,0,0,1,0,81.15,952.3,1,1,3,0,1054.95,20.2875,0,0.747688230502576,1,At Risk
1,0,1,1,68,1,1,2,0,1,0,1,1,1,2,1,3,103.75,7039.45,0,3,5,0,7055.0,17.291666666666668,0,0.07511190465589682,0,Champions
1,0,1,1,30,1,0,2,0,0,1,0,0,1,1,0,0,86.45,2538.05,0,2,3,0,2593.5,21.6125,0,0.12959618269280376,0,Champions
1,0,0,0,16,1,0,2,0,1,0,0,0,0,0,0,2,75.1,1212.85,0,1,2,0,1201.6,25.03333333333333,0,0.4604127898931373,1,At Risk
0,0,0,0,33,1,0,2,0,1,0,1,0,0,2,0,2,80.6,2651.1,0,2,3,0,2659.8,20.15,0,0.0493865385329467,0,Champions
0,0,1,0,72,1,0,0,0,0,0,0,0,0,2,0,3,19.3,1304.8,0,3,1,0,1389.6,9.65,0,0.0065349793722265384,2,Fence Sitters
1,1,0,0,4,1,1,2,0,0,0,0,0,1,0,1,0,84.6,360.1,1,0,2,1,338.4,28.2,1,0.8593685871901895,1,At Risk
1,0,0,0,12,0,0,1,1,0,0,1,0,0,1,1,1,33.6,435.45,0,0,2,1,403.2000000000001,11.2,0,0.11384901518288794,2,Fence Sitters
1,1,1,0,4,1,1,2,0,0,0,0,1,0,0,1,0,83.25,308.05,0,0,2,1,333.0,27.75,1,0.7825538797199084,1,At Risk
1,0,0,0,6,1,1,2,1,0,0,0,0,0,0,1,0,79.05,434.5,1,0,2,1,474.3,26.35,1,0.427163204122487,1,At Risk
1,0,1,0,65,1,1,2,0,1,1,1,1,1,1,1,3,108.05,7118.9,0,3,6,0,7023.25,15.435714285714283,0,0.22525801718944233,0,Champions
1,0,0,0,15,1,0,0,0,0,0,0,0,0,0,0,1,19.9,320.45,0,1,1,0,298.5,9.95,0,0.23654881944725695,2,Fence Sitters
1,0,0,1,24,1,0,0,0,0,0,0,0,0,1,0,2,21.05,531.55,0,1,1,0,505.2000000000001,10.525,0,0.029883775672641576,2,Fence Sitters
1,0,0,1,13,0,0,1,0,1,0,0,0,0,0,0,0,30.15,382.2,0,1,1,0,391.95,15.075,0,0.1968250052638535,2,Fence Sitters
0,0,0,0,24,1,0,2,0,0,0,0,0,1,0,1,3,79.85,2001.0,0,1,2,0,1916.4,26.616666666666664,0,0.5572990032791045,1,At Risk
1,0,1,0,72,0,0,1,1,1,1,1,1,1,2,0,2,65.5,4919.7,0,3,6,0,4716.0,9.357142857142858,0,0.009767320140137014,0,Champions
1,0,1,1,54,1,1,2,1,1,0,0,1,1,0,1,2,104.1,5645.8,0,3,5,0,5621.4,17.349999999999998,0,0.27111716296516325,0,Champions
1,0,0,0,3,1,1,2,0,0,0,0,0,0,0,0,2,74.4,215.8,1,0,1,1,223.2,37.2,1,0.8206996176553514,1,At Risk
0,0,1,1,4,1,0,0,0,0,0,0,0,0,0,1,1,20.5,77.6,0,0,1,1,82.0,10.25,1,0.1626494863931176,2,Fence Sitters
1,1,1,1,32,1,1,2,0,0,1,0,1,0,0,1,1,91.35,2896.55,0,2,3,0,2923.2,22.8375,0,0.3693633624200744,0,Champions
0,1,0,0,35,1,1,2,0,0,1,0,1,1,0,1,0,99.05,3395.8,1,2,4,0,3466.75,19.81,0,0.8595174311695907,1,At Risk
0,0,1,1,35,1,0,0,0,0,0,0,0,0,2,0,2,20.5,759.35,0,2,1,0,717.5,10.25,0,0.011622452124998666,2,Fence Sitters
0,1,0,0,2,1,0,1,0,0,0,0,0,0,0,0,1,44.95,85.15,1,0,1,1,89.9,22.475,1,0.7612232299295214,1,At Risk
1,0,0,0,8,1,0,2,0,1,0,0,0,0,0,0,0,75.6,535.55,0,0,2,1,604.8,25.2,1,0.5878122684752454,1,At Risk
0,0,0,0,22,1,0,1,1,0,0,1,0,0,0,0,1,55.1,1253.15,0,1,3,0,1212.2,13.775,0,0.15015592027745472,2,Fence Sitters
1,0,0,0,15,1,0,1,1,0,1,1,0,0,0,0,0,58.95,955.15,0,1,4,0,884.25,11.79,0,0.2318820623701076,1,At Risk
0,0,0,0,22,1,1,2,0,0,0,0,1,1,0,1,0,95.1,2162.6,0,1,3,0,2092.2,23.775,0,0.8578798327595792,1,At Risk
0,0,1,0,1,1,0,1,0,0,0,0,0,0,0,0,3,44.7,44.7,1,0,1,1,44.7,22.35,1,0.5326714347712678,1,At Risk
1,0,1,1,71,1,1,0,0,0,0,0,0,0,2,0,2,25.45,1813.35,0,3,1,0,1806.95,12.725,0,0.005921837995964435,2,Fence Sitters
0,0,0,0,4,1,0,1,1,0,1,0,0,0,0,0,0,56.75,245.15,0,0,3,1,227.0,14.1875,1,0.5042938526994821,1,At Risk
0,0,0,0,25,1,1,1,1,1,1,1,0,1,0,0,2,81.75,2028.8,0,2,6,0,2043.75,11.678571428571429,0,0.11431167720113986,0,Champions
1,0,1,1,32,1,0,2,0,1,0,0,1,0,0,1,0,86.1,2723.75,0,2,3,0,2755.2,21.525,0,0.37820468813315106,1,At Risk
0,1,1,0,7,0,0,1,1,0,0,0,0,0,0,0,2,29.8,220.45,0,0,1,1,208.6,14.9,1,0.5696744779463104,1,At Risk
0,0,0,0,17,1,0,0,0,0,0,0,0,0,1,1,1,20.5,365.8,0,1,1,0,348.5,10.25,0,0.05341504505010423,2,Fence Sitters
0,1,1,0,8,1,0,1,1,0,0,0,1,0,0,0,2,60.9,551.95,0,0,3,1,487.2,15.225,1,0.32699415262042497,1,At Risk
1,1,0,0,56,1,1,1,1,0,1,1,0,1,2,0,2,73.25,4054.2,0,3,5,0,4102.0,12.208333333333334,0,0.017620919716274067,0,Champions
0,0,0,0,1,1,0,1,0,0,0,0,0,0,0,1,1,45.7,45.7,1,0,1,1,45.7,22.85,1,0.8302432991172339,1,At Risk
0,1,0,0,8,1,0,2,1,0,0,1,1,1,0,0,3,100.3,832.35,1,0,5,1,802.4,16.716666666666665,1,0.6524741879191367,1,At Risk
0,0,0,0,7,1,0,0,0,0,0,0,0,0,0,0,0,19.25,112.3,1,0,1,1,134.75,9.625,1,0.35097613298268815,2,Fence Sitters
0,0,0,1,3,1,0,0,0,0,0,0,0,0,0,0,1,20.85,60.65,0,0,1,1,62.55,10.425,1,0.2064792205698188,2,Fence Sitters
1,0,0,0,71,1,0,1,1,1,1,1,1,0,2,0,3,77.35,5550.1,0,3,6,0,5491.849999999999,11.05,0,0.010114814694501763,0,Champions
1,0,0,0,2,1,1,2,0,0,0,0,1,1,0,1,0,96.0,174.8,1,0,3,1,192.0,24.0,1,0.9393575769332765,1,At Risk
1,0,0,0,1,1,0,2,0,0,0,0,1,1,0,0,0,90.55,90.55,1,0,3,1,90.55,22.6375,1,0.9341892157023121,1,At Risk
0,0,1,0,49,1,1,2,1,1,0,0,1,0,0,1,2,93.85,4733.1,0,3,4,0,4598.65,18.77,0,0.36356032673981115,0,Champions
0,0,0,0,58,1,0,1,0,1,1,1,1,0,2,0,2,70.1,4048.95,0,3,5,0,4065.8,11.683333333333332,0,0.017896653219015898,0,Champions
0,1,1,0,44,0,0,1,0,1,0,0,0,0,0,1,0,30.35,1359.7,1,2,1,0,1335.4,15.175,0,0.5295071471282097,2,Fence Sitters
1,0,1,1,59,1,0,1,0,1,0,1,1,1,2,1,3,75.95,4542.35,0,3,5,0,4481.05,12.658333333333331,0,0.020283307431295586,0,Champions
0,0,0,0,71,1,1,2,1,0,1,1,1,1,2,1,0,108.05,7532.15,1,3,6,0,7671.55,15.435714285714283,0,0.24990141675240857,0,Champions
0,0,0,0,1,1,0,2,0,0,0,0,0,0,0,1,0,69.9,69.9,1,0,1,1,69.9,34.95,1,0.9324956925473729,1,At Risk
1,0,0,0,11,1,1,2,0,0,0,0,0,0,0,0,0,75.25,888.65,0,0,1,1,827.75,37.625,1,0.7811545925256504,1,At Risk
0,1,1,0,62,1,1,2,0,1,1,0,1,1,1,1,0,103.75,6383.35,1,3,5,0,6432.5,17.291666666666668,0,0.3773162447018796,0,Champions
1,0,1,1,35,1,0,1,1,0,0,1,0,0,1,1,2,54.95,1916.0,0,2,3,0,1923.25,13.7375,0,0.043265407247521655,2,Fence Sitters
1,0,0,0,20,1,0,0,0,0,0,0,0,0,0,1,2,19.5,413.0,0,1,1,0,390.0,9.75,0,0.13843562805603565,2,Fence Sitters
0,0,1,1,40,1,0,0,0,0,0,0,0,0,2,0,1,19.6,808.95,0,2,1,0,784.0,9.8,0,0.012398552766720822,2,Fence Sitters
1,0,0,0,39,1,0,1,1,0,0,0,0,0,1,1,0,47.85,1886.4,0,2,2,0,1866.15,15.95,0,0.07687285656967496,2,Fence Sitters
0,0,0,0,1,1,1,2,0,0,0,0,0,1,0,1,0,86.6,86.6,1,0,2,1,86.6,28.866666666666664,1,0.9461592698901293,1,At Risk
1,0,1,1,72,1,1,0,0,0,0,0,0,0,2,0,2,23.75,1679.25,0,3,1,0,1710.0,11.875,0,0.005676872370990484,2,Fence Sitters
1,1,1,0,33,1,1,2,0,1,0,0,0,0,0,1,2,80.6,2656.5,1,2,2,0,2659.8,26.866666666666664,0,0.3898234810593031,1,At Risk
1,0,0,0,12,1,0,1,0,0,0,0,0,0,0,0,2,43.8,540.95,0,0,1,1,525.5999999999999,21.9,1,0.37192432482494303,2,Fence Sitters
0,0,0,0,1,1,0,0,0,0,0,0,0,0,0,0,2,19.75,19.75,0,0,1,1,19.75,9.875,1,0.5321189474929018,2,Fence Sitters
0,0,0,1,27,1,0,0,0,0,0,0,0,0,0,0,1,19.15,537.35,0,2,1,0,517.05,9.575,0,0.04530200935701693,2,Fence Sitters
0,0,1,1,34,1,0,0,0,0,0,0,0,0,1,0,3,19.6,678.8,0,2,1,0,666.4000000000001,9.8,0,0.0242538697329695,2,Fence Sitters
1,0,1,0,56,1,0,2,1,0,1,0,0,0,2,0,2,80.3,4513.65,0,3,3,0,4496.8,20.075,0,0.016480687489128995,0,Champions
1,0,0,0,58,1,1,0,0,0,0,0,0,0,2,0,3,24.35,1423.85,0,3,1,0,1412.3000000000002,12.175,0,0.015199602679508817,2,Fence Sitters
1,0,1,1,22,1,1,0,0,0,0,0,0,0,2,0,3,25.25,555.4,0,1,1,0,555.5,12.625,0,0.021060463450555997,2,Fence Sitters
1,0,1,1,10,1,1,0,0,0,0,0,0,0,2,0,3,26.1,225.55,0,0,1,1,261.0,13.05,0,0.03183305039228756,2,Fence Sitters
0,0,0,0,13,1,0,0,0,0,0,0,0,0,2,0,3,20.0,268.45,0,1,1,0,260.0,10.0,0,0.021653332788412423,2,Fence Sitters
1,0,0,0,35,1,1,2,0,1,0,1,0,0,0,0,3,85.3,2917.5,1,2,3,0,2985.5,21.325,0,0.37774291346249567,0,Champions
1,0,0,0,34,1,0,2,0,0,0,0,0,0,0,1,3,70.0,2416.1,1,2,1,0,2380.0,35.0,0,0.3458269328536522,2,Fence Sitters
1,1,0,0,4,1,1,2,0,0,0,0,1,1,0,1,0,94.3,424.45,1,0,3,1,377.2,23.575,1,0.8895894208637157,1,At Risk
0,0,1,0,72,1,0,0,0,0,0,0,0,0,2,0,2,20.7,1492.1,0,3,1,0,1490.4,10.35,0,0.005547032373371565,2,Fence Sitters
0,0,0,0,2,1,0,1,0,0,0,1,1,1,0,0,0,70.3,132.4,0,0,4,1,140.6,14.06,1,0.5164618146797297,1,At Risk
1,0,0,0,7,1,0,2,0,0,1,0,1,1,0,1,0,95.35,660.9,1,0,4,1,667.4499999999999,19.07,1,0.8807052037952247,1,At Risk
0,1,1,0,27,1,1,2,0,0,0,0,0,0,0,1,0,75.5,1893.95,1,2,1,0,2038.5,37.75,0,0.6311537809953764,1,At Risk
0,0,1,1,4,1,0,2,0,0,0,0,0,0,0,1,1,69.55,284.9,0,0,1,1,278.2,34.775,1,0.7003356409924809,1,At Risk
1,0,0,0,37,1,0,0,0,0,0,0,0,0,2,0,1,19.85,784.25,0,2,1,0,734.45,9.925,0,0.019713251093224696,2,Fence Sitters
0,0,0,0,21,1,0,0,0,0,0,0,0,0,0,0,1,20.0,417.7,0,1,1,0,420.0,10.0,0,0.1754793681687759,2,Fence Sitters
1,1,1,0,53,1,1,2,0,0,0,0,1,1,1,1,3,95.85,5016.25,0,3,3,0,5080.049999999999,23.9625,0,0.2524957640526723,0,Champions
1,0,0,0,18,1,1,2,0,0,0,1,0,1,0,1,0,90.1,1612.75,1,1,3,0,1621.8,22.525,0,0.6469237527609595,1,At Risk
1,0,0,0,2,1,0,2,0,0,0,0,0,0,0,0,0,68.95,119.75,1,0,1,1,137.9,34.475,1,0.860805920169913,1,At Risk
0,0,1,1,32,1,1,2,1,0,0,0,1,1,0,1,3,99.55,3204.65,1,2,4,0,3185.6,19.91,0,0.4367070160339365,0,Champions
0,1,1,0,23,1,0,0,0,0,0,0,0,0,1,1,0,20.75,485.2,0,1,1,0,477.25,10.375,0,0.03650886982398066,2,Fence Sitters
0,0,0,0,3,1,0,1,1,0,0,0,0,0,0,1,1,50.15,160.85,0,0,2,1,150.45,16.716666666666665,1,0.465420227274798,1,At Risk
1,0,1,1,71,0,0,1,1,1,0,1,1,1,2,0,1,58.65,4145.25,0,3,5,0,4164.15,9.775,0,0.011493113670877755,0,Champions
0,0,0,0,9,1,0,2,0,0,0,1,1,1,0,1,2,95.9,827.45,0,0,4,1,863.1,19.18,1,0.7122722615552608,1,At Risk
1,0,0,0,1,1,0,1,0,1,0,0,0,0,0,0,0,49.5,49.5,0,0,2,1,49.5,16.5,1,0.4379129266184113,1,At Risk
0,0,1,1,18,1,0,1,0,0,1,0,0,1,0,0,0,57.45,990.85,1,1,3,0,1034.1,14.3625,0,0.24540013488663592,2,Fence Sitters
0,0,1,1,12,1,0,1,0,0,0,0,0,1,1,0,3,53.65,696.35,1,0,2,1,643.8,17.883333333333333,0,0.1493268036991429,2,Fence Sitters
0,0,1,0,71,1,1,1,1,1,1,1,0,1,2,1,1,80.1,5585.4,0,3,6,0,5687.099999999999,11.44285714285714,0,0.00803586955766781,0,Champions
1,0,0,0,64,1,1,0,0,0,0,0,0,0,1,1,2,24.4,1601.2,0,3,1,0,1561.6,12.2,0,0.026674217503601855,2,Fence Sitters
0,0,0,0,4,0,0,1,0,0,0,1,0,1,0,1,0,40.05,162.45,0,0,2,1,160.2,13.35,1,0.5829142212907829,1,At Risk
1,0,0,0,23,1,0,0,0,0,0,0,0,0,0,1,1,19.5,470.2,0,1,1,0,448.5,9.75,0,0.13902623193049254,2,Fence Sitters
1,0,1,1,39,1,0,1,1,0,0,0,0,0,0,0,3,51.05,2066.0,0,2,2,0,1990.95,17.016666666666666,0,0.06145983566490779,2,Fence Sitters
0,0,1,0,28,1,0,1,1,0,0,1,0,0,1,0,1,54.35,1426.45,0,2,3,0,1521.8,13.5875,0,0.07121542954896352,2,Fence Sitters
1,1,0,0,5,1,0,2,0,1,0,0,1,0,0,1,0,84.7,392.5,0,0,3,1,423.5,21.175,1,0.7347531424021327,1,At Risk
1,1,1,0,45,1,0,2,0,0,1,0,0,1,0,1,0,86.1,3861.45,0,2,3,0,3874.5,21.525,0,0.5347657984692042,0,Champions
0,0,0,0,37,1,0,2,0,0,0,0,0,0,0,1,1,70.35,2552.9,0,2,1,0,2602.95,35.175,0,0.6710430491843686,1,At Risk
1,1,1,0,60,1,0,2,1,1,1,1,1,1,2,1,2,110.0,6668.35,0,3,7,0,6600.0,13.75,0,0.10728880225851051,0,Champions
0,1,0,0,8,1,1,2,0,0,1,0,1,1,0,1,0,100.6,819.4,1,0,4,1,804.8,20.12,1,0.8922053626269539,1,At Risk
1,0,0,0,47,1,1,2,1,0,1,0,1,0,1,0,3,94.9,4615.25,0,2,4,0,4460.3,18.98,0,0.2178056329430259,0,Champions
0,0,1,1,26,1,1,2,0,0,0,0,1,0,0,1,0,83.75,2070.6,1,2,2,0,2177.5,27.916666666666668,0,0.6297126357785862,1,At Risk
1,1,1,1,3,1,0,2,1,0,0,1,1,0,0,1,1,88.3,273.75,1,0,4,1,264.9,17.66,1,0.6222870184215697,1,At Risk
1,0,1,1,50,1,0,2,0,0,0,0,0,0,0,1,2,69.75,3557.7,0,3,1,0,3487.5,34.875,0,0.1610286409001032,2,Fence Sitters
0,0,1,1,27,1,1,1,0,0,0,1,1,1,0,0,2,71.6,1957.1,0,2,4,0,1933.2,14.32,0,0.09593738392550681,0,Champions
1,1,0,0,8,1,0,2,0,0,1,0,1,1,0,1,0,92.1,729.95,1,0,4,1,736.8,18.42,1,0.8261420457476367,1,At Risk
1,0,1,0,62,1,1,0,0,0,0,0,0,0,2,0,2,23.65,1416.75,0,3,1,0,1466.3,11.825,0,0.011787978325579072,2,Fence Sitters
1,0,1,0,71,1,0,1,1,0,1,1,1,1,2,0,2,81.85,5924.4,0,3,6,0,5811.349999999999,11.69285714285714,0,0.008843184020380779,0,Champions
0,0,0,0,66,1,1,0,0,0,0,0,0,0,2,0,1,25.1,1697.7,0,3,1,0,1656.6,12.55,0,0.01741777899650011,2,Fence Sitters
0,0,1,1,68,1,1,2,1,1,1,1,1,1,2,1,2,114.7,7849.85,0,3,7,0,7799.6,14.3375,0,0.14025621950515027,0,Champions
1,0,0,0,13,0,0,1,0,0,1,0,1,1,0,0,0,49.15,649.4,0,1,3,0,638.9499999999999,12.2875,0,0.6626831259979556,1,At Risk
0,0,1,0,56,1,0,2,0,0,0,0,0,1,1,1,0,80.9,4557.5,0,3,2,0,4530.400000000001,26.96666666666667,0,0.2028644133042219,0,Champions
0,0,1,0,38,1,0,2,1,1,0,0,0,0,0,1,0,79.45,3013.05,1,2,3,0,3019.1,19.8625,0,0.4407002220609379,1,At Risk
0,1,0,0,14,1,0,2,0,0,0,0,1,1,0,0,3,90.45,1266.1,1,1,3,0,1266.3,22.6125,0,0.6322663954184906,1,At Risk
1,0,0,1,16,1,0,0,0,0,0,0,0,0,1,1,2,19.3,360.35,0,1,1,0,308.8,9.65,0,0.03625065255612375,2,Fence Sitters
1,0,1,1,14,1,0,2,0,0,0,0,0,0,0,0,0,70.2,1046.5,0,1,1,0,982.8,35.1,0,0.4570006525306632,1,At Risk
0,0,1,1,32,1,0,2,0,0,0,0,0,0,0,1,2,69.75,2347.9,1,2,1,0,2232.0,34.875,0,0.3749292526577031,1,At Risk
1,0,0,0,8,1,0,1,1,0,0,1,0,0,1,0,2,54.25,447.75,0,0,3,1,434.0,13.5625,0,0.10899479622406213,2,Fence Sitters
1,0,1,1,43,1,1,2,0,0,1,0,1,1,0,1,2,99.3,4209.95,0,2,4,0,4269.9,19.86,0,0.5806272925030275,0,Champions
1,0,0,0,52,1,1,1,1,0,1,1,1,0,1,0,3,74.0,3877.65,0,3,5,0,3848.0,12.333333333333334,0,0.04379218747552639,0,Champions
0,0,0,0,3,1,0,1,0,0,0,1,0,0,0,1,1,50.25,152.3,0,0,2,1,150.75,16.75,1,0.5166918041123617,1,At Risk
0,0,0,0,29,1,0,0,0,0,0,0,0,0,1,1,1,19.8,572.2,0,2,1,0,574.2,9.9,0,0.03671829466737881,2,Fence Sitters
1,0,0,0,1,1,0,0,0,0,0,0,0,0,0,0,1,19.65,19.65,1,0,1,1,19.65,9.825,1,0.6258745431276408,1,At Risk
0,1,0,0,12,0,0,1,0,0,1,1,0,1,0,1,0,43.65,526.95,1,0,3,1,523.8,10.9125,1,0.4819711532428981,1,At Risk
1,0,1,1,16,0,0,1,0,0,0,0,0,1,0,1,3,35.5,552.7,0,1,1,0,568.0,17.75,0,0.2355478012698386,2,Fence Sitters
1,0,0,0,40,1,1,1,0,0,1,1,1,1,1,1,1,80.75,3208.65,0,2,5,0,3230.0,13.458333333333334,0,0.13194999552157088,0,Champions
1,0,0,0,5,0,0,1,0,0,1,0,0,1,0,0,0,39.5,210.75,1,0,2,1,197.5,13.166666666666666,1,0.8028624517980979,1,At Risk
0,0,1,0,40,1,1,2,0,0,0,0,1,1,0,1,2,97.1,3706.95,1,2,3,0,3884.0,24.275,0,0.8081183715860367,1,At Risk
1,0,0,0,36,1,0,0,0,0,0,0,0,0,1,0,1,19.55,620.75,0,2,1,0,703.8000000000001,9.775,0,0.03447102234642111,2,Fence Sitters
1,0,0,0,5,1,0,2,0,0,0,0,0,1,0,1,0,80.0,412.5,1,0,2,1,400.0,26.666666666666668,1,0.862820757141499,1,At Risk
1,0,0,0,10,1,0,2,1,0,0,0,1,0,0,1,1,84.7,832.05,1,0,3,1,847.0,21.175,1,0.5946293026628794,1,At Risk
0,0,1,1,2,1,0,2,0,0,0,0,1,1,0,1,2,89.55,185.55,1,0,3,1,179.1,22.3875,1,0.8073858861072848,1,At Risk
0,0,0,0,23,1,1,2,0,0,0,1,1,0,0,1,0,90.6,1943.2,1,1,3,0,2083.8,22.65,0,0.5593835864721621,1,At Risk
0,0,1,1,26,1,0,0,0,0,0,0,0,0,1,1,2,20.05,505.9,0,2,1,0,521.3000000000001,10.025,0,0.02602114043731678,2,Fence Sitters
1,1,1,0,72,1,1,2,1,1,1,0,1,1,2,1,0,112.4,8046.85,0,3,6,0,8092.8,16.057142857142857,0,0.01959330239217905,0,Champions
1,0,1,0,34,1,0,1,0,0,0,1,0,0,0,0,2,50.2,1815.3,0,2,2,0,1706.8000000000002,16.733333333333334,0,0.11514163863610279,2,Fence Sitters
0,0,0,0,10,1,0,1,1,0,0,1,1,0,0,0,2,62.25,612.95,0,0,4,1,622.5,12.45,1,0.19025402264096042,1,At Risk
1,0,0,0,14,1,0,1,1,0,0,1,0,0,1,0,1,55.7,795.15,0,1,3,0,779.8000000000001,13.925,0,0.11743511778163583,2,Fence Sitters
1,0,0,0,23,1,1,2,1,0,0,0,1,0,0,1,2,90.05,2169.8,1,1,3,0,2071.15,22.5125,0,0.37656082371743216,1,At Risk
0,0,1,0,47,1,0,0,0,0,0,0,0,0,2,0,1,19.65,973.1,0,2,1,0,923.55,9.825,0,0.015753546336485662,2,Fence Sitters
0,0,1,0,24,1,0,2,1,0,0,1,0,1,0,1,0,89.25,2210.2,0,1,4,0,2142.0,17.85,0,0.2320224406772513,0,Champions
0,0,1,0,49,1,1,2,0,1,0,0,1,1,0,1,2,99.05,4853.75,1,3,4,0,4853.45,19.81,0,0.6662614184398004,0,Champions
0,1,0,0,20,1,0,1,1,0,0,1,0,0,1,0,1,54.0,1055.9,0,1,3,0,1080.0,13.5,0,0.11577135617132488,2,Fence Sitters
1,0,0,0,2,1,0,2,0,0,0,0,0,0,0,0,2,69.75,144.55,1,0,1,1,139.5,34.875,1,0.7563246582637336,1,At Risk
1,0,0,0,2,1,0,1,0,1,0,0,0,0,0,1,3,49.05,91.1,1,0,2,1,98.1,16.349999999999998,1,0.31303447838068854,1,At Risk
0,0,0,0,22,0,0,1,0,0,1,1,1,1,2,0,2,56.75,1304.85,0,1,4,0,1248.5,11.35,0,0.024598822260625056,2,Fence Sitters
0,0,0,0,7,1,1,2,0,0,1,0,1,1,0,1,2,98.05,713.0,1,0,4,1,686.35,19.61,1,0.913994016742875,1,At Risk
0,0,0,0,1,1,0,0,0,0,0,0,0,0,0,0,1,21.1,21.1,0,0,1,1,21.1,10.55,1,0.5618747977453363,1,At Risk
1,0,1,1,59,1,1,2,0,1,0,1,0,1,0,1,2,96.65,5580.8,0,3,4,0,5702.35,19.33,0,0.19897915251147846,0,Champions
1,0,1,1,58,1,1,0,0,0,0,0,0,0,1,1,3,24.5,1497.9,0,3,1,0,1421.0,12.25,0,0.01727483455561223,2,Fence Sitters
1,0,0,0,41,1,1,2,1,1,1,1,1,1,0,1,2,114.5,4527.45,1,2,7,0,4694.5,14.3125,0,0.42487428505622327,0,Champions
1,1,0,0,59,1,1,2,0,1,0,0,0,0,2,1,3,79.2,4590.35,0,3,2,0,4672.8,26.4,0,0.05663440018862162,0,Champions
1,0,1,1,3,1,0,2,0,0,0,0,0,0,0,1,0,69.55,200.2,0,0,1,1,208.65,34.775,1,0.6960118751072248,1,At Risk
0,0,0,0,32,1,0,0,0,0,0,0,0,0,2,1,2,20.05,614.45,0,2,1,0,641.6,10.025,0,0.014657601384685874,2,Fence Sitters
0,1,1,0,46,1,1,2,0,0,1,0,1,1,0,1,0,98.85,4564.9,0,2,4,0,4547.099999999999,19.77,0,0.7955656248967952,1,At Risk
0,0,0,0,2,1,0,2,0,0,0,0,0,1,0,1,0,80.95,171.15,1,0,2,1,161.9,26.98333333333333,1,0.92385194560183,1,At Risk
1,0,1,1,52,1,0,0,0,0,0,0,0,0,1,0,3,19.6,1012.4,0,3,1,0,1019.2,9.8,0,0.02094934102563601,2,Fence Sitters
1,1,0,0,13,1,0,2,0,0,1,0,0,0,0,1,0,74.3,940.35,1,1,2,0,965.9,24.766666666666666,0,0.6558950824222403,1,At Risk
1,1,0,0,11,1,0,2,0,0,0,0,1,1,0,0,2,89.7,1047.7,1,0,3,1,986.7,22.425,1,0.7715485802762636,1,At Risk
0,0,0,0,32,1,1,2,1,0,0,1,0,0,0,0,2,87.65,2766.4,0,2,3,0,2804.8,21.9125,0,0.17478003790316016,0,Champions
0,1,1,0,17,1,1,2,0,0,1,0,1,1,0,1,3,100.45,1622.45,1,1,4,0,1707.65,20.09,0,0.3812009674571871,1,At Risk
1,0,0,0,16,1,1,2,0,0,0,0,0,0,0,1,3,74.75,1129.35,0,1,1,0,1196.0,37.375,0,0.5407801568551716,1,At Risk
1,0,0,0,51,1,1,2,1,1,1,0,1,1,1,0,2,107.45,5680.9,0,3,6,0,5479.95,15.35,0,0.23258130520929315,0,Champions
0,0,0,0,29,1,0,1,0,0,1,1,1,1,1,1,2,75.35,2243.9,0,2,5,0,2185.15,12.558333333333332,0,0.07844233250399713,0,Champions
0,0,1,0,70,1,0,1,1,1,1,1,0,0,2,0,3,64.95,4523.25,0,3,5,0,4546.5,10.825,0,0.03452720734890045,0,Champions
1,0,1,1,71,1,1,2,1,0,1,1,0,1,2,0,0,100.45,7159.7,0,3,5,0,7131.95,16.741666666666667,0,0.04734379530691943,0,Champions
0,0,1,1,41,1,1,1,0,1,1,0,1,0,1,0,2,68.5,2839.95,0,2,4,0,2808.5,13.7,0,0.1261614780646787,0,Champions
0,0,0,0,1,1,0,2,0,0,0,0,1,0,0,1,0,80.55,80.55,0,0,2,1,80.55,26.85,1,0.9364234348030208,1,At Risk
1,0,1,0,7,1,0,1,1,0,1,1,1,1,0,0,2,81.25,580.1,0,0,6,1,568.75,11.607142857142858,1,0.24331059467781974,0,Champions
0,0,1,1,25,1,0,2,0,0,0,0,1,1,1,1,0,90.4,2178.6,1,2,3,0,2260.0,22.6,0,0.21102023875168363,0,Champions
0,0,1,1,67,1,1,2,1,1,0,1,0,0,1,0,0,89.55,6038.55,0,3,4,0,5999.849999999999,17.91,0,0.06915441108087504,0,Champions
0,0,1,1,5,1,1,1,0,0,0,1,0,0,0,1,1,55.7,259.4,0,0,2,1,278.5,18.566666666666663,1,0.25126403671638636,2,Fence Sitters
0,0,0,1,15,1,1,0,0,0,0,0,0,0,0,1,0,24.8,324.15,0,1,1,0,372.0,12.4,0,0.2347313355299628,2,Fence Sitters
1,0,1,1,20,1,0,0,0,0,0,0,0,0,0,0,0,20.0,417.65,0,1,1,0,400.0,10.0,0,0.11972638618900015,2,Fence Sitters
0,0,1,1,3,1,0,1,0,1,1,0,0,0,0,1,1,56.15,168.15,1,0,3,1,168.45,14.0375,1,0.45591844133835896,1,At Risk
0,0,1,1,54,1,1,2,0,1,0,1,1,1,1,1,0,105.2,5637.85,0,3,5,0,5680.8,17.533333333333335,0,0.13816295860965194,0,Champions
0,0,0,0,42,1,0,0,0,0,0,0,0,0,1,1,1,19.55,839.4,0,2,1,0,821.1,9.775,0,0.038278456535465785,2,Fence Sitters
1,0,1,0,9,1,0,2,0,0,0,0,0,1,0,1,0,79.75,769.1,0,0,2,1,717.75,26.58333333333333,1,0.7680174685680462,1,At Risk
1,0,0,0,63,1,1,2,0,1,0,0,1,1,2,0,2,97.45,6253.0,0,3,4,0,6139.35,19.49,0,0.15676997582710028,0,Champions
1,0,1,0,69,1,1,0,0,0,0,0,0,0,2,0,2,24.25,1641.8,0,3,1,0,1673.25,12.125,0,0.010486868103432386,2,Fence Sitters
1,0,0,0,69,1,1,0,0,0,0,0,0,0,2,0,3,24.6,1678.05,0,3,1,0,1697.4,12.3,0,0.01008074569170411,2,Fence Sitters
0,0,1,0,40,1,0,1,0,1,0,0,0,0,0,1,1,50.15,2058.5,0,2,2,0,2006.0,16.716666666666665,0,0.28730469284284926,2,Fence Sitters
0,0,0,0,60,0,0,1,1,1,1,0,0,0,2,0,2,39.6,2424.5,0,3,3,0,2376.0,9.9,0,0.03609167006731506,2,Fence Sitters
1,0,0,0,4,1,0,2,1,0,1,1,0,1,0,1,2,94.4,387.2,1,0,5,1,377.6,15.733333333333334,1,0.5109250949784332,1,At Risk
1,1,0,0,71,1,1,1,1,1,1,1,1,1,2,0,1,89.85,6293.45,0,3,7,0,6379.349999999999,11.23125,0,0.012673398817219336,0,Champions
1,0,1,0,37,1,1,2,0,0,1,0,0,0,0,1,3,78.95,2839.65,1,2,2,0,2921.15,26.316666666666663,0,0.3345080216583976,1,At Risk
0,0,1,0,32,1,1,2,0,1,0,0,1,1,0,1,3,98.85,3145.9,0,2,4,0,3163.2,19.77,0,0.5285422463916851,0,Champions
0,0,0,0,39,1,1,1,0,0,0,1,0,0,2,1,3,53.85,2200.7,0,2,2,0,2100.15,17.95,0,0.03743559027466704,2,Fence Sitters
1,0,0,0,38,1,1,0,0,0,0,0,0,0,1,1,0,24.25,914.4,0,2,1,0,921.5,12.125,0,0.059456007964599975,2,Fence Sitters
0,0,0,0,52,1,1,2,0,0,1,0,0,1,2,1,3,89.45,4577.75,0,3,3,0,4651.400000000001,22.3625,0,0.055658078229429406,0,Champions
1,0,1,1,48,1,1,2,1,1,0,0,1,1,0,1,3,105.25,4997.5,0,2,5,0,5052.0,17.541666666666668,0,0.34703921413032374,0,Champions
0,0,1,1,70,0,0,1,1,0,1,1,1,1,2,0,2,59.5,4144.8,0,3,5,0,4165.0,9.916666666666666,0,0.017825143941451425,0,Champions
0,0,0,0,20,1,0,2,0,0,0,0,0,0,0,0,3,70.55,1493.55,0,1,1,0,1411.0,35.275,0,0.40622137211281334,1,At Risk
1,0,0,0,50,1,1,1,1,0,1,1,1,1,1,1,3,82.5,4179.1,0,3,6,0,4125.0,11.785714285714286,0,0.06287926344909482,0,Champions
1,0,0,0,19,0,0,1,0,0,0,0,1,1,1,1,3,44.85,893.55,1,1,2,0,852.15,14.95,0,0.19011336911420576,2,Fence Sitters
0,0,1,1,25,1,0,1,1,1,1,0,0,0,1,1,2,61.6,1611.0,0,2,4,0,1540.0,12.32,0,0.08350288716403174,0,Champions
0,0,0,0,12,1,0,1,0,1,0,0,0,0,0,1,2,49.05,593.05,0,0,2,1,588.5999999999999,16.349999999999998,1,0.3581404029285957,1,At Risk
0,1,1,0,39,1,1,2,0,1,1,0,1,1,0,1,0,105.65,4284.8,1,2,5,0,4120.35,17.608333333333334,0,0.7608395760635234,0,Champions
0,0,0,0,7,1,0,2,0,0,1,0,0,0,0,0,1,74.65,544.55,1,0,2,1,522.5500000000001,24.883333333333336,1,0.7606237002398158,1,At Risk
1,0,1,1,23,1,0,1,1,1,1,1,0,0,1,1,1,66.25,1533.8,0,1,5,0,1523.75,11.041666666666666,0,0.05501860606741294,0,Champions
0,0,0,0,27,1,0,0,0,0,0,0,0,0,0,1,0,19.4,529.8,0,2,1,0,523.8,9.7,0,0.23456235577839393,2,Fence Sitters
0,1,0,0,47,1,1,2,0,0,0,0,1,0,0,1,3,86.05,3865.6,0,2,2,0,4044.35,28.683333333333334,0,0.7206632753006851,1,At Risk
0,0,1,1,26,1,0,0,0,0,0,0,0,0,2,1,3,19.15,515.75,0,2,1,0,497.9,9.575,0,0.0061415403620063026,2,Fence Sitters
1,0,1,0,14,1,1,1,1,0,0,0,1,0,0,1,2,64.7,941.0,1,1,3,0,905.8,16.175,0,0.26598710525942093,1,At Risk
1,1,1,0,11,1,1,2,0,0,1,1,1,1,0,1,2,104.05,1133.65,1,0,5,1,1144.55,17.341666666666665,1,0.7864903900633098,1,At Risk
0,0,0,1,2,1,0,0,0,0,0,0,0,0,0,0,1,19.25,48.35,0,0,1,1,38.5,9.625,1,0.20332589060637618,2,Fence Sitters
1,0,1,1,26,1,0,2,1,1,0,0,0,0,0,0,0,81.95,2070.05,0,2,3,0,2130.7000000000003,20.4875,0,0.223119727591793,0,Champions
1,1,1,0,72,1,1,2,1,1,1,1,1,1,2,1,2,114.65,8333.95,0,3,7,0,8254.800000000001,14.33125,0,0.01590836624568493,0,Champions
1,0,1,1,63,1,0,0,0,0,0,0,0,0,2,0,3,20.0,1209.25,0,3,1,0,1260.0,10.0,0,0.012945793418537199,2,Fence Sitters
0,0,1,1,71,1,0,0,0,0,0,0,0,0,2,0,1,19.8,1396.25,0,3,1,0,1405.8,9.9,0,0.006306454080484011,2,Fence Sitters
0,0,1,1,11,1,1,1,1,0,0,0,1,0,0,1,2,65.15,723.35,0,0,3,1,716.6500000000001,16.2875,1,0.2315132739572013,1,At Risk
0,1,1,0,14,1,0,0,0,0,0,0,0,0,1,0,1,19.65,228.65,0,1,1,0,275.1,9.825,0,0.05383330817142404,2,Fence Sitters
1,0,0,1,13,1,1,1,1,1,1,1,1,1,2,0,3,88.95,1161.75,0,1,7,0,1156.35,11.11875,0,0.019916212143060597,0,Champions
0,0,0,1,6,1,0,0,0,0,0,0,0,0,0,1,1,20.2,98.35,0,0,1,1,121.2,10.1,1,0.11483324935717963,2,Fence Sitters
0,1,1,1,11,1,1,2,0,0,0,0,0,0,0,1,3,75.2,775.3,0,0,1,1,827.2,37.6,1,0.4008783220895003,1,At Risk
0,0,1,0,18,1,1,1,0,1,0,0,0,0,0,0,3,56.8,1074.65,0,1,2,0,1022.4,18.933333333333334,0,0.1604691532356977,2,Fence Sitters
0,0,0,0,1,0,0,1,0,0,0,0,0,1,0,1,0,35.55,35.55,1,0,1,1,35.55,17.775,1,0.937650208134543,1,At Risk
1,0,1,0,32,1,0,2,1,0,0,0,0,0,0,1,2,75.5,2324.7,0,2,2,0,2416.0,25.166666666666668,0,0.24062296765579158,2,Fence Sitters
0,0,0,0,29,0,0,1,1,0,0,1,0,0,1,0,1,35.6,1072.6,0,2,2,0,1032.4,11.866666666666667,0,0.10981035054529135,2,Fence Sitters
1,0,0,0,3,1,1,1,0,0,0,0,1,0,0,1,0,60.25,170.5,0,0,2,1,180.75,20.08333333333333,1,0.7227281205796878,1,At Risk
1,0,0,0,2,1,1,2,0,0,0,0,1,1,0,1,0,95.15,196.9,1,0,3,1,190.3,23.7875,1,0.9254399438039107,1,At Risk
0,0,1,1,13,1,0,2,0,0,1,0,1,1,0,1,1,96.65,1162.85,1,1,4,0,1256.45,19.33,0,0.8000002002067883,1,At Risk
1,0,0,0,41,0,0,1,0,1,0,0,0,1,0,1,0,40.35,1677.85,0,2,2,0,1654.35,13.45,0,0.5327421850144516,2,Fence Sitters
1,0,0,0,1,1,0,0,0,0,0,0,0,0,0,0,0,18.85,18.85,0,0,1,1,18.85,9.425,1,0.4373330044132611,2,Fence Sitters
0,0,0,0,7,1,0,1,0,0,0,0,1,0,0,0,1,54.85,370.4,0,0,2,1,383.95,18.28333333333333,1,0.7310902180323567,1,At Risk
1,0,1,0,52,1,0,1,1,0,1,0,1,0,1,1,1,64.3,3410.6,0,3,4,0,3343.6,12.86,0,0.04280620387100507,0,Champions
1,0,1,1,45,1,1,0,0,0,0,0,0,0,2,1,2,24.65,1138.8,0,2,1,0,1109.25,12.325,0,0.022889575866553036,2,Fence Sitters
0,0,1,0,70,1,1,1,0,1,1,1,1,0,2,0,3,76.1,5264.25,0,3,5,0,5327.0,12.683333333333332,0,0.03420964132446031,0,Champions
1,0,0,0,53,1,0,0,0,0,0,0,0,0,2,0,1,18.7,1005.7,0,3,1,0,991.1,9.35,0,0.013530303520130665,2,Fence Sitters
1,1,1,0,62,1,1,2,0,1,1,0,1,0,1,1,3,97.95,5936.55,0,3,4,0,6072.900000000001,19.59,0,0.14321807347836218,0,Champions
1,0,1,0,60,1,1,2,1,1,0,0,0,1,0,1,3,94.1,5475.9,0,3,4,0,5646.0,18.82,0,0.27301836018527337,0,Champions
1,1,1,0,3,1,0,2,0,0,0,0,1,0,0,1,0,80.4,224.05,1,0,2,1,241.2,26.8,1,0.7823447808809981,1,At Risk
1,1,1,0,23,1,0,2,1,0,0,0,1,1,0,1,0,95.1,2326.05,0,1,4,0,2187.3,19.02,0,0.6083607011769381,1,At Risk
0,0,0,1,1,0,0,1,0,1,0,0,0,0,0,1,1,31.35,31.35,1,0,1,1,31.35,15.675,1,0.7161165714113146,1,At Risk
1,0,0,0,67,1,0,1,1,0,1,1,0,1,1,1,2,72.35,4991.5,0,3,5,0,4847.45,12.058333333333332,0,0.06712551627967982,0,Champions
1,0,0,0,12,1,1,2,0,1,0,0,1,0,0,1,2,89.75,1052.4,1,0,3,1,1077.0,22.4375,1,0.7360713072487378,1,At Risk
1,1,1,0,71,1,1,1,1,1,1,1,0,1,2,1,2,82.7,5831.2,0,3,6,0,5871.7,11.814285714285717,0,0.008568109240314762,0,Champions
0,0,0,0,25,1,0,0,0,0,0,0,0,0,1,0,3,19.9,510.8,0,2,1,0,497.5,9.95,0,0.03195006710413624,2,Fence Sitters
1,0,0,0,5,1,1,1,1,0,0,0,0,0,0,1,0,53.8,283.95,0,0,2,1,269.0,17.933333333333334,1,0.3949177823812256,1,At Risk
0,0,0,0,26,1,1,1,0,0,0,0,0,0,1,1,3,51.55,1295.4,0,2,1,0,1340.3,25.775,0,0.12690684810116784,2,Fence Sitters
0,0,1,1,1,1,0,0,0,0,0,0,0,0,1,0,1,19.65,19.65,0,0,1,1,19.65,9.825,0,0.11508909640647196,2,Fence Sitters
0,1,0,0,70,0,0,1,0,1,1,0,1,0,1,1,3,44.05,3011.65,0,3,3,0,3083.5,11.0125,0,0.1568335467882031,2,Fence Sitters
0,0,1,1,72,1,1,2,1,1,1,1,1,1,2,1,0,114.0,8093.15,0,3,7,0,8208.0,14.25,0,0.015246545293291223,0,Champions
0,0,1,0,60,1,0,2,0,1,0,0,1,1,1,1,0,94.4,5610.25,1,3,4,0,5664.0,18.880000000000003,0,0.38685374491740193,0,Champions
1,1,1,1,32,1,1,2,0,1,0,0,1,1,0,1,0,100.4,3217.65,0,2,4,0,3212.8,20.08,0,0.3317273867963303,0,Champions
0,0,0,0,1,1,0,0,0,0,0,0,0,0,0,1,0,19.85,19.85,1,0,1,1,19.85,9.925,1,0.708231353102181,1,At Risk
1,0,0,0,14,1,1,1,0,1,0,0,0,0,1,1,1,54.25,773.2,0,1,2,0,759.5,18.08333333333333,0,0.05304937868392574,2,Fence Sitters
1,0,0,0,13,1,1,2,1,0,0,0,0,0,0,1,3,80.0,1029.35,0,1,2,0,1040.0,26.666666666666668,0,0.3019044625723955,1,At Risk
1,0,0,0,6,1,1,2,0,1,1,1,1,1,0,1,3,109.9,669.45,1,0,6,1,659.4000000000001,15.7,1,0.6755843705589842,1,At Risk
1,0,0,0,46,1,1,1,1,0,1,0,1,1,2,0,1,79.2,3593.8,0,2,5,0,3643.2,13.2,0,0.022994511783706983,0,Champions
0,0,0,0,15,1,0,2,0,0,1,1,1,1,0,1,0,101.35,1553.95,1,1,5,0,1520.25,16.891666666666666,0,0.7243127481754693,1,At Risk
0,1,1,0,43,1,1,2,0,1,0,1,1,0,0,1,0,94.3,3953.15,0,2,4,0,4054.9,18.86,0,0.18743905955964116,0,Champions
0,0,0,0,39,1,0,1,0,0,0,1,0,0,2,1,2,49.8,1971.15,0,2,2,0,1942.2,16.599999999999998,0,0.04705334457105915,2,Fence Sitters
0,1,0,0,21,1,0,1,0,0,1,0,1,0,0,1,2,60.05,1236.15,1,1,3,0,1261.05,15.0125,0,0.314953640818338,1,At Risk
0,0,0,0,57,0,0,1,1,0,1,0,1,1,0,1,0,53.75,3196.0,0,3,4,0,3063.75,10.75,0,0.5994318569451791,0,Champions
1,0,1,0,53,1,0,2,0,0,0,1,1,1,1,1,0,93.45,4872.2,0,3,4,0,4952.85,18.69,0,0.24931245033836585,0,Champions
0,0,1,1,18,1,0,2,1,0,1,0,1,0,0,1,1,87.9,1500.5,0,1,4,0,1582.2,17.580000000000002,0,0.49632228040867626,1,At Risk
1,0,0,0,1,1,1,1,0,0,0,0,0,1,0,1,0,60.15,60.15,1,0,2,1,60.15,20.05,1,0.857724200781251,1,At Risk
1,0,1,0,58,1,1,1,1,0,0,1,0,0,1,1,2,61.05,3478.75,0,3,3,0,3540.9,15.2625,0,0.044847995617880505,0,Champions
1,1,0,0,71,1,1,2,0,0,1,0,1,1,2,0,2,104.05,7413.55,0,3,4,0,7387.55,20.81,0,0.057509097829975035,0,Champions
1,0,0,0,35,1,0,2,0,0,1,1,1,1,1,1,0,99.25,3532.0,0,2,5,0,3473.75,16.541666666666668,0,0.364158167449853,0,Champions
0,0,0,0,3,1,0,2,0,0,1,0,0,1,0,0,3,85.7,256.75,0,0,3,1,257.1,21.425,1,0.755356767853867,1,At Risk
0,0,0,0,38,1,1,2,1,1,0,0,1,1,1,1,0,104.85,3887.25,0,2,5,0,3984.3,17.474999999999998,0,0.37118985121436526,0,Champions
0,0,1,1,35,1,1,1,1,1,1,1,0,0,2,1,3,69.15,2490.15,0,2,5,0,2420.25,11.525,0,0.015689016457513687,0,Champions
0,0,0,0,7,1,1,2,0,0,1,0,1,0,0,1,0,90.45,593.45,1,0,3,1,633.15,22.6125,1,0.835541736080316,1,At Risk
1,0,0,0,47,1,0,1,0,0,1,1,1,1,2,0,1,74.45,3510.3,0,2,5,0,3499.15,12.408333333333331,0,0.03340841481235809,0,Champions
1,0,0,0,14,1,0,1,0,1,0,0,0,0,0,0,0,50.45,765.45,0,1,2,0,706.3000000000001,16.816666666666666,0,0.2700465923675914,2,Fence Sitters
1,1,1,0,20,1,0,1,0,1,0,0,0,1,0,1,0,60.0,1259.35,0,1,3,0,1200.0,15.0,0,0.17934284515338608,2,Fence Sitters
0,0,1,0,66,1,1,1,1,1,0,1,1,1,2,0,0,85.25,5538.35,0,3,6,0,5626.5,12.178571428571429,0,0.06509808598293333,0,Champions
0,0,1,0,15,1,0,0,0,0,0,0,0,0,0,1,3,19.45,340.85,0,1,1,0,291.75,9.725,0,0.10846002002742378,2,Fence Sitters
1,0,0,0,42,1,0,0,0,0,0,0,0,0,2,1,2,20.75,844.45,0,2,1,0,871.5,10.375,0,0.01830723228625252,2,Fence Sitters
1,0,1,0,17,1,1,2,1,0,0,0,0,0,0,0,0,78.9,1348.95,0,1,2,0,1341.3000000000002,26.3,0,0.3184280070600841,1,At Risk
0,0,0,0,37,1,1,2,0,1,0,1,1,1,1,1,3,104.5,3778.0,0,2,5,0,3866.5,17.416666666666668,0,0.3321713855283133,0,Champions
1,0,0,0,12,1,0,1,0,1,0,0,0,0,0,1,0,49.4,611.65,0,0,2,1,592.8,16.466666666666665,1,0.26314148133620735,2,Fence Sitters
0,0,1,0,53,1,0,2,0,1,0,0,1,1,1,1,2,94.25,4867.95,1,3,4,0,4995.25,18.85,0,0.3424737294669943,0,Champions
1,0,0,0,60,1,1,0,0,0,0,0,0,0,2,0,1,25.0,1505.05,0,3,1,0,1500.0,12.5,0,0.013720397595620487,2,Fence Sitters
0,0,1,1,18,0,0,1,0,0,0,0,0,0,0,0,3,25.55,467.85,0,1,0,0,459.9,25.55,0,0.08879690234412108,2,Fence Sitters
0,0,0,0,1,1,1,2,0,0,0,0,0,0,0,1,0,74.9,74.9,1,0,1,1,74.9,37.45,1,0.9417306721089272,1,At Risk
1,0,0,0,3,1,0,2,0,0,0,0,0,0,0,1,0,70.15,194.2,0,0,1,1,210.45,35.075,1,0.8088075514175,1,At Risk
1,0,0,1,9,1,0,1,0,0,0,1,1,1,0,1,3,69.4,571.45,0,0,4,1,624.6,13.88,1,0.11877425863777956,0,Champions
1,0,0,0,1,1,0,2,0,0,0,0,1,0,0,1,0,80.25,80.25,1,0,2,1,80.25,26.75,1,0.9468737134868038,1,At Risk
0,0,1,0,56,1,1,2,1,1,1,0,0,0,1,1,0,93.15,5253.95,0,3,4,0,5216.400000000001,18.630000000000003,0,0.23423451564948386,0,Champions
0,0,1,1,17,1,0,2,0,0,0,0,0,0,0,1,0,69.0,1149.65,1,1,1,0,1173.0,34.5,0,0.6175235919500309,1,At Risk
1,0,1,1,11,1,1,1,0,0,0,1,0,1,0,1,0,66.35,740.8,1,0,3,1,729.8499999999999,16.5875,1,0.3099071859229059,1,At Risk
0,0,0,0,7,1,0,2,0,0,0,0,0,0,0,1,0,69.55,521.35,0,0,1,1,486.85,34.775,1,0.8271997236962716,1,At Risk
1,0,1,1,69,1,0,0,0,0,0,0,0,0,2,0,2,20.2,1412.65,0,3,1,0,1393.8,10.1,0,0.006074682395617771,2,Fence Sitters
0,0,0,0,19,1,1,2,0,0,0,0,0,1,0,1,2,86.0,1532.45,1,1,2,0,1634.0,28.666666666666668,0,0.804496687062113,1,At Risk
1,0,1,1,3,1,0,2,0,0,0,0,0,1,0,1,0,80.3,250.05,1,0,2,1,240.9,26.766666666666666,1,0.7531996355284275,1,At Risk
0,0,1,1,54,1,0,0,0,0,0,0,0,0,2,0,3,20.4,1090.6,0,3,1,0,1101.6,10.2,0,0.009923121566353775,2,Fence Sitters
0,0,1,0,62,1,1,0,0,0,0,0,0,0,1,1,3,23.75,1446.8,0,3,1,0,1472.5,11.875,0,0.03709150753926789,2,Fence Sitters
0,0,0,0,24,1,1,2,0,1,0,0,1,0,0,1,3,90.55,2282.55,1,1,3,0,2173.2,22.6375,0,0.5790213686292455,1,At Risk
1,0,1,1,62,1,1,1,0,0,0,0,1,1,0,1,3,70.45,4300.45,0,3,3,0,4367.900000000001,17.6125,0,0.16148431520794146,0,Champions
0,0,0,0,17,1,1,1,1,0,0,0,0,1,0,0,2,65.75,1111.2,0,1,3,0,1117.75,16.4375,0,0.3476768977371202,1,At Risk
0,0,0,0,9,0,0,1,0,0,0,0,0,0,0,1,1,24.6,190.1,0,0,0,1,221.4,24.6,1,0.722109787956146,1,At Risk
0,0,1,1,64,1,0,1,1,0,1,1,1,0,2,0,1,69.25,4447.75,0,3,5,0,4432.0,11.541666666666666,0,0.0168304770533381,0,Champions
1,0,0,0,2,1,1,2,0,0,0,0,0,0,0,1,0,75.9,143.35,1,0,1,1,151.8,37.95,1,0.8958037817523629,1,At Risk
0,0,1,1,1,1,0,1,0,0,0,0,0,0,0,1,1,45.85,45.85,1,0,1,1,45.85,22.925,1,0.7587182519817486,1,At Risk
1,0,1,0,16,0,0,1,0,0,0,1,1,1,0,1,0,49.95,810.2,1,1,3,0,799.2,12.4875,0,0.40610744311482044,1,At Risk
1,0,1,0,72,1,1,0,0,0,0,0,0,0,2,0,2,24.65,1830.05,0,3,1,0,1774.8,12.325,0,0.008688343917940293,2,Fence Sitters
0,0,0,0,30,1,1,2,1,1,1,0,0,0,1,0,2,90.4,2820.65,0,2,4,0,2712.0,18.08,0,0.10916470560727314,0,Champions
1,0,1,0,49,1,1,2,1,0,0,0,1,1,0,1,1,100.85,4847.35,0,3,4,0,4941.65,20.17,0,0.3211863626525475,0,Champions
0,0,1,0,61,1,1,1,1,0,1,1,0,1,2,0,3,75.35,4729.3,0,3,5,0,4596.349999999999,12.558333333333332,0,0.01795444230621111,0,Champions
0,0,1,1,47,1,1,2,0,1,0,0,1,0,0,0,0,87.2,4017.45,0,2,3,0,4098.400000000001,21.8,0,0.3374245428389476,0,Champions
0,0,0,0,20,1,0,1,1,0,1,0,0,1,0,0,3,64.4,1398.6,0,1,4,0,1288.0,12.88,0,0.13560297604252544,0,Champions
0,0,1,1,34,1,0,2,0,0,0,0,1,0,0,0,0,78.3,2564.3,1,2,2,0,2662.2,26.1,0,0.6782949767083796,1,At Risk
1,0,1,1,70,1,1,0,0,0,0,0,0,0,2,0,2,24.7,1685.9,0,3,1,0,1729.0,12.35,0,0.008580821381808428,2,Fence Sitters
0,0,0,1,54,1,0,2,1,1,0,1,1,1,1,1,0,105.85,5826.65,0,3,6,0,5715.9,15.12142857142857,0,0.12014544942556758,0,Champions
0,1,1,0,61,1,1,2,0,1,1,1,1,0,1,1,1,98.3,6066.55,0,3,5,0,5996.3,16.383333333333333,0,0.21911893580345035,0,Champions
0,0,0,0,3,1,1,2,0,0,0,0,0,0,0,1,0,76.95,228.4,1,0,1,1,230.85,38.475,1,0.9432748268182234,1,At Risk
0,0,0,0,13,1,0,0,0,0,0,0,0,0,1,0,1,19.45,270.2,0,1,1,0,252.85,9.725,0,0.06190756789154988,2,Fence Sitters
1,1,0,0,16,1,1,2,0,0,0,0,1,1,0,1,0,96.15,1529.2,1,1,3,0,1538.4,24.0375,0,0.8688840858572171,1,At Risk
1,0,1,1,3,1,0,1,0,1,0,0,1,0,0,1,3,58.7,168.6,0,0,3,1,176.10000000000002,14.675,1,0.17763941639328154,2,Fence Sitters
0,0,0,0,25,1,0,0,0,0,0,0,0,0,0,1,1,20.15,536.35,0,2,1,0,503.75,10.075,0,0.16116463653558177,2,Fence Sitters
0,0,0,0,30,1,1,1,1,0,0,0,0,1,0,1,1,64.5,1888.45,0,2,3,0,1935.0,16.125,0,0.24502536249558063,2,Fence Sitters
1,0,1,0,21,0,0,1,1,0,0,0,0,0,0,0,0,28.5,629.35,0,1,1,0,598.5,14.25,0,0.47372193492167314,2,Fence Sitters
0,0,0,0,1,1,0,1,0,0,0,0,0,0,0,0,0,45.3,45.3,1,0,1,1,45.3,22.65,1,0.8706741238351274,1,At Risk
1,0,0,0,15,1,0,0,0,0,0,0,0,0,0,0,2,19.4,289.3,1,1,1,0,291.0,9.7,0,0.1981729345137927,2,Fence Sitters
0,1,1,0,23,1,0,2,0,0,0,0,1,1,0,1,0,90.45,2117.25,0,1,3,0,2080.35,22.6125,0,0.6726170318145114,1,At Risk
1,0,1,1,45,1,1,2,1,1,0,0,1,1,0,1,0,105.15,4730.9,0,2,5,0,4731.75,17.525000000000002,0,0.3429777652525249,0,Champions
1,0,1,1,24,1,1,2,0,1,1,0,0,0,1,0,2,83.15,2033.05,0,1,3,0,1995.6,20.7875,0,0.11261211997457331,0,Champions
1,0,0,0,11,1,1,2,0,0,0,1,1,0,0,0,0,90.15,987.95,1,0,3,1,991.65,22.5375,1,0.7714504184359862,1,At Risk
0,0,0,0,1,1,0,1,0,0,0,0,0,0,0,0,1,45.05,45.05,1,0,1,1,45.05,22.525,1,0.8273898041406595,1,At Risk
1,0,1,0,56,1,1,2,0,0,1,1,1,1,2,0,2,103.2,5744.35,0,3,5,0,5779.2,17.2,0,0.09319063702447043,0,Champions
1,0,0,0,1,1,0,2,0,1,0,0,0,0,0,0,0,75.8,75.8,1,0,2,1,75.8,25.266666666666666,1,0.8083250097694195,1,At Risk
0,0,0,0,1,1,0,0,0,0,0,0,0,0,0,0,0,19.45,19.45,0,0,1,1,19.45,9.725,1,0.6412223300508001,1,At Risk
1,0,0,0,7,1,0,2,0,0,0,0,0,1,0,1,0,79.3,523.15,1,0,2,1,555.1,26.433333333333334,1,0.8599592968089509,1,At Risk
1,1,1,0,55,1,0,2,0,0,1,1,1,0,2,0,3,88.8,4805.3,0,3,4,0,4884.0,17.759999999999998,0,0.028385705402320407,0,Champions
1,0,0,0,2,0,0,1,0,0,0,1,0,0,0,1,0,30.9,59.05,1,0,1,1,61.8,15.45,1,0.6942221671282465,1,At Risk
1,0,1,1,72,1,1,1,1,0,1,1,1,1,2,1,3,85.9,6110.75,0,3,6,0,6184.8,12.271428571428572,0,0.009015007868902941,0,Champions
1,1,0,0,45,0,0,1,0,0,0,0,0,1,1,0,0,34.2,1596.6,0,2,1,0,1539.0000000000002,17.1,0,0.20550377934170558,2,Fence Sitters
1,0,0,0,47,1,0,0,0,0,0,0,0,0,2,0,1,20.15,1046.2,0,2,1,0,947.05,10.075,0,0.021942283084945825,2,Fence Sitters
1,1,0,0,46,1,0,2,0,1,0,0,1,1,1,0,3,95.25,4424.2,1,2,4,0,4381.5,19.05,0,0.2952199851811483,0,Champions
0,0,0,0,2,1,0,1,0,1,0,0,0,0,0,1,1,50.3,92.75,0,0,2,1,100.6,16.766666666666666,1,0.6874215948215063,1,At Risk
1,0,1,0,2,1,0,2,1,0,0,1,0,0,0,1,0,80.15,194.55,0,0,3,1,160.3,20.0375,1,0.40569132864668656,1,At Risk
1,0,1,0,12,1,0,1,0,1,0,0,0,0,0,1,0,51.25,612.1,0,0,2,1,615.0,17.083333333333332,1,0.24586977448082517,2,Fence Sitters
1,1,1,0,68,1,1,2,0,1,0,0,0,1,0,1,2,89.6,6127.6,1,3,3,0,6092.799999999999,22.4,0,0.40534435763929016,0,Champions
0,0,1,1,69,1,0,2,0,0,0,1,1,1,2,1,3,95.2,6671.7,0,3,4,0,6568.8,19.04,0,0.07602408806506054,0,Champions
0,1,0,1,56,1,0,2,1,0,0,0,1,1,1,0,3,94.8,5264.3,0,3,4,0,5308.8,18.96,0,0.1791342312930394,0,Champions
1,1,0,0,4,1,1,2,1,0,0,0,0,0,0,1,0,80.25,303.7,0,0,2,1,321.0,26.75,1,0.38910487910977115,1,At Risk
0,0,1,0,64,1,1,1,0,1,1,1,1,0,2,1,2,76.1,4818.8,0,3,5,0,4870.4,12.683333333333332,0,0.0314093322474434,0,Champions
0,0,1,0,59,1,1,2,1,1,1,0,1,1,1,1,0,110.15,6448.05,1,3,6,0,6498.85,15.735714285714286,0,0.3594453500016808,0,Champions
0,0,1,1,62,1,1,2,1,1,1,1,1,1,2,0,2,115.55,7159.05,0,3,7,0,7164.099999999999,14.44375,0,0.06305665568451706,0,Champions
0,0,1,1,63,1,1,0,0,0,0,0,0,0,2,0,3,24.65,1574.5,0,3,1,0,1552.9499999999998,12.325,0,0.009226121117509834,2,Fence Sitters
1,0,0,0,53,0,0,1,1,1,1,1,1,0,1,1,0,53.6,2879.2,0,3,5,0,2840.8,8.933333333333334,0,0.08366832429342151,0,Champions
0,0,1,1,5,1,0,0,0,0,0,0,0,0,0,0,1,19.45,86.05,0,0,1,1,97.25,9.725,1,0.1660714156837522,2,Fence Sitters
0,1,1,0,49,1,1,2,1,1,1,0,0,0,0,1,0,88.2,4159.45,0,3,4,0,4321.8,17.64,0,0.3349874874904096,0,Champions
1,0,1,1,62,1,1,2,1,0,0,0,1,1,2,1,2,101.15,6638.35,0,3,4,0,6271.3,20.23,0,0.04454788657799407,0,Champions
1,0,1,0,55,1,0,1,1,1,0,1,0,0,2,0,1,56.8,3112.05,0,3,4,0,3124.0,11.36,0,0.025902970311859865,0,Champions
1,1,1,0,71,1,0,2,1,1,1,1,1,0,2,1,0,99.4,7168.25,0,3,6,0,7057.400000000001,14.2,0,0.040443219119405904,0,Champions
1,0,1,1,72,1,0,0,0,0,0,0,0,0,2,1,3,20.1,1326.25,0,3,1,0,1447.2,10.05,0,0.004057710721923093,2,Fence Sitters
0,0,1,1,36,0,0,1,1,0,1,1,1,1,1,0,3,60.7,2234.55,0,2,5,0,2185.2000000000003,10.116666666666667,0,0.06591900169478267,0,Champions
0,0,1,0,25,1,0,0,0,0,0,0,0,0,1,1,2,20.95,495.15,0,2,1,0,523.75,10.475,0,0.03327480072029561,2,Fence Sitters
1,1,1,0,72,1,1,2,1,1,1,1,1,1,2,1,2,114.85,8317.95,0,3,7,0,8269.199999999999,14.35625,0,0.01590836624568493,0,Champions
1,0,0,0,36,1,0,0,0,0,0,0,0,0,1,1,2,19.25,679.8,0,2,1,0,693.0,9.625,0,0.026834916997258425,2,Fence Sitters
0,0,0,0,1,1,0,1,0,0,0,0,1,1,0,1,1,62.8,62.8,0,0,3,1,62.8,15.7,1,0.8162647175525195,1,At Risk
1,0,1,0,72,1,1,2,1,0,1,0,1,1,2,1,0,105.5,7544.0,0,3,5,0,7596.0,17.583333333333332,0,0.08013133528170414,0,Champions
0,0,1,1,59,1,0,0,0,0,0,0,0,0,2,0,1,19.85,1188.25,0,3,1,0,1171.15,9.925,0,0.01577625021793088,2,Fence Sitters
0,1,1,0,7,1,0,2,0,0,0,0,1,1,0,1,0,89.5,676.7,1,0,3,1,626.5,22.375,1,0.8114677495513919,1,At Risk
1,0,0,0,1,1,0,1,0,0,1,1,1,1,1,0,3,74.1,74.1,0,0,5,1,74.1,12.35,0,0.1348221492171083,0,Champions
1,0,1,1,30,1,1,2,0,1,1,1,1,1,0,1,0,107.5,3242.5,0,2,6,0,3225.0,15.357142857142858,0,0.24061700892326052,0,Champions
0,0,0,0,64,1,0,0,0,0,0,0,0,0,2,0,1,19.55,1240.15,0,3,1,0,1251.2,9.775,0,0.015628354937081937,2,Fence Sitters
0,0,0,0,63,1,1,1,1,1,1,1,0,0,1,0,2,68.8,4111.35,0,3,5,0,4334.4,11.466666666666669,0,0.05461280901958057,0,Champions
0,1,1,0,72,1,1,1,1,1,1,0,1,1,2,0,3,84.45,5899.85,0,3,6,0,6080.400000000001,12.064285714285717,0,0.012905604917893942,0,Champions
0,0,1,0,8,1,0,2,1,0,0,0,0,0,0,0,0,75.0,632.95,1,0,2,1,600.0,25.0,1,0.6699199593166952,1,At Risk
1,0,0,0,62,1,1,1,0,1,1,1,1,1,2,0,2,84.5,5193.2,0,3,6,0,5239.0,12.071428571428571,0,0.03319180305267238,0,Champions
0,0,1,1,67,1,1,2,0,1,1,1,1,1,2,1,2,111.2,7530.8,0,3,6,0,7450.400000000001,15.885714285714286,0,0.21635181488125418,0,Champions
0,0,0,0,6,1,0,1,0,0,0,0,0,0,0,0,0,44.75,270.95,1,0,1,1,268.5,22.375,1,0.809644196201092,1,At Risk
1,0,1,1,70,1,1,1,1,0,0,1,1,1,2,1,2,80.6,5460.2,0,3,5,0,5642.0,13.433333333333332,0,0.02972916256714252,0,Champions
1,1,0,0,20,1,0,2,0,0,0,0,1,0,0,0,2,80.7,1614.2,0,1,2,0,1614.0,26.9,0,0.5647633182049371,1,At Risk
1,0,0,0,5,1,1,2,0,0,0,0,0,0,0,0,0,75.6,402.5,0,0,1,1,378.0,37.8,1,0.819932545223304,1,At Risk
1,0,1,1,24,0,0,1,1,1,1,0,1,1,1,0,0,57.6,1367.75,0,1,5,0,1382.4,9.6,0,0.12816776152266535,0,Champions
1,0,1,0,11,1,0,1,0,0,0,0,0,0,0,1,0,44.05,483.7,1,0,1,1,484.55,22.025,1,0.3826302963413186,2,Fence Sitters
0,0,1,0,72,1,1,2,0,1,1,1,1,1,2,1,3,110.6,7962.2,0,3,6,0,7963.2,15.8,0,0.08414180249868057,0,Champions
1,0,1,1,66,1,0,1,1,1,0,1,0,0,2,1,3,58.2,3810.8,0,3,4,0,3841.2,11.64,0,0.00894150911034251,0,Champions
1,0,1,1,45,1,0,1,1,0,1,1,1,1,2,1,1,81.0,3533.6,0,2,6,0,3645.0,11.571428571428571,0,0.01566172616599721,0,Champions
1,0,1,1,69,1,0,0,0,0,0,0,0,0,2,0,2,19.7,1396.9,0,3,1,0,1359.3,9.85,0,0.007382379564544525,2,Fence Sitters
0,1,1,0,15,1,1,2,0,0,0,0,0,1,0,1,2,85.6,1345.55,1,1,2,0,1284.0,28.53333333333333,0,0.6937207819879666,1,At Risk
1,0,0,0,28,1,0,1,0,0,1,0,1,0,0,1,2,59.55,1646.45,0,2,3,0,1667.4,14.8875,0,0.22233052704825979,2,Fence Sitters
1,0,0,0,70,1,1,2,1,1,1,1,1,1,1,0,3,115.55,8127.6,1,3,7,0,8088.5,14.44375,0,0.5294974696687348,0,Champions
1,0,0,0,36,1,0,1,1,1,1,1,0,1,1,1,1,75.55,2680.15,0,2,6,0,2719.8,10.792857142857144,0,0.10019530134310448,0,Champions
0,1,0,0,16,1,1,2,0,0,0,0,1,0,0,1,0,86.6,1281.0,1,1,2,0,1385.6,28.866666666666664,0,0.8826716650642957,1,At Risk
1,0,0,0,18,1,1,2,0,0,0,0,1,0,0,1,0,85.2,1553.9,1,1,2,0,1533.6,28.4,0,0.8653763709882302,1,At Risk
1,0,1,0,34,1,1,2,0,0,0,0,1,1,0,1,0,97.65,3207.55,1,2,3,0,3320.1000000000004,24.4125,0,0.8063462509976917,1,At Risk
0,0,1,1,42,0,0,1,0,1,1,0,0,1,1,1,3,45.1,2049.05,0,2,3,0,1894.2,11.275,0,0.14594058418237782,2,Fence Sitters
0,0,0,0,48,1,1,1,1,0,0,1,0,1,1,1,2,70.95,3629.2,0,2,4,0,3405.6000000000004,14.19,0,0.08343625620219694,0,Champions
0,0,1,0,47,1,1,2,0,1,1,1,1,1,0,1,0,109.55,5124.55,1,2,6,0,5148.849999999999,15.65,0,0.5716521220245748,0,Champions
1,0,1,1,39,1,1,2,0,1,1,1,0,0,1,1,0,89.55,3474.45,1,2,4,0,3492.45,17.91,0,0.1434991439773496,0,Champions
1,0,1,1,11,1,0,0,0,0,0,0,0,0,2,0,3,20.9,202.3,0,0,1,1,229.9,10.45,0,0.01929370470388338,2,Fence Sitters
0,0,0,0,7,1,0,0,0,0,0,0,0,0,0,1,1,19.95,147.5,0,0,1,1,139.65,9.975,1,0.24201426597137882,2,Fence Sitters
1,0,0,0,3,1,1,0,0,0,0,0,0,0,0,0,1,24.6,86.35,0,0,1,1,73.80000000000001,12.3,1,0.34930698547215483,2,Fence Sitters
0,0,0,0,8,1,0,1,1,0,1,0,0,1,0,1,0,66.7,579.0,0,0,4,1,533.6,13.34,1,0.3105949960595461,1,At Risk
0,0,0,1,1,1,0,0,0,0,0,0,0,0,0,1,1,19.45,19.45,1,0,1,1,19.45,9.725,1,0.4810816372149553,2,Fence Sitters
0,0,1,1,32,1,0,2,1,1,1,0,0,1,1,0,1,94.8,3131.55,0,2,5,0,3033.6,15.8,0,0.1272231269103289,0,Champions
0,0,1,1,60,1,0,1,1,1,1,1,0,0,1,1,2,65.85,3928.3,0,3,5,0,3951.0,10.975,0,0.04184800372734751,0,Champions
1,0,1,0,10,1,0,0,0,0,0,0,0,0,0,1,2,19.95,187.75,0,0,1,1,199.5,9.975,1,0.19725514016982174,2,Fence Sitters
1,0,1,0,71,1,1,0,0,0,0,0,0,0,2,1,2,24.65,1710.15,0,3,1,0,1750.15,12.325,0,0.008350794023988719,2,Fence Sitters
1,0,1,1,4,1,0,0,0,0,0,0,0,0,0,0,1,20.35,76.35,1,0,1,1,81.4,10.175,1,0.18119598544758256,2,Fence Sitters
1,1,0,0,1,1,0,2,0,0,0,0,0,0,0,1,0,69.25,69.25,1,0,1,1,69.25,34.625,1,0.9401358471550567,1,At Risk
1,0,1,1,43,0,0,1,1,1,0,1,1,0,1,1,2,51.25,2151.6,0,2,4,0,2203.75,10.25,0,0.04335639238525061,0,Champions
0,0,1,0,59,1,1,2,0,0,1,0,1,1,1,1,2,99.5,5961.1,1,3,4,0,5870.5,19.9,0,0.6222704543509179,0,Champions
1,0,1,0,23,1,0,1,0,0,1,1,0,0,0,0,0,54.25,1221.55,0,1,3,0,1247.75,13.5625,0,0.12484183210081023,2,Fence Sitters
1,0,1,0,72,1,0,0,0,0,0,0,0,0,2,0,2,19.4,1496.45,0,3,1,0,1396.8,9.7,0,0.007267996685937197,2,Fence Sitters
0,0,1,0,22,1,0,1,1,0,0,1,0,0,1,1,3,56.25,1292.2,0,1,3,0,1237.5,14.0625,0,0.08234994536565002,2,Fence Sitters
1,0,0,0,1,0,0,1,0,0,0,0,0,0,0,1,1,25.15,25.15,0,0,0,1,25.15,25.15,1,0.8119993321832526,1,At Risk
0,0,0,0,69,1,1,0,0,0,0,0,0,0,2,0,2,23.95,1713.1,0,3,1,0,1652.55,11.975,0,0.016937073930801395,2,Fence Sitters
0,0,0,0,50,0,0,1,1,0,0,1,0,0,1,1,1,35.4,1748.9,0,3,2,0,1770.0,11.8,0,0.04936861892975095,2,Fence Sitters
1,1,0,0,1,0,0,1,0,0,0,0,0,0,0,1,0,25.2,25.2,1,0,0,1,25.2,25.2,1,0.8924393918237535,1,At Risk
0,0,0,0,2,1,0,1,0,0,0,0,0,0,0,1,1,45.0,96.45,1,0,1,1,90.0,22.5,1,0.7758128519838958,1,At Risk
1,0,1,0,15,1,0,2,0,1,0,0,0,0,0,0,2,75.35,1114.55,0,1,2,0,1130.25,25.116666666666664,0,0.41376618149043576,1,At Risk
0,0,0,0,31,1,0,0,0,0,0,0,0,0,2,0,2,20.4,609.1,0,2,1,0,632.4,10.2,0,0.016161082741456775,2,Fence Sitters
0,0,0,0,1,1,0,0,0,0,0,0,0,0,0,0,1,20.15,20.15,1,0,1,1,20.15,10.075,1,0.6370578049385306,1,At Risk
0,0,1,0,66,1,1,2,0,1,1,0,1,1,0,1,3,105.0,7133.25,1,3,5,0,6930.0,17.5,0,0.7568005719524122,0,Champions
0,0,0,1,3,1,0,1,0,0,0,0,1,0,0,1,3,54.7,169.45,1,0,2,1,164.10000000000002,18.23333333333333,1,0.5864969799636166,1,At Risk
1,0,0,0,8,1,0,0,0,0,0,0,0,0,2,0,1,20.0,141.6,0,0,1,1,160.0,10.0,0,0.03151991004294949,2,Fence Sitters
0,0,1,1,64,1,0,1,1,0,1,0,1,1,1,1,3,73.05,4688.65,0,3,5,0,4675.2,12.175,0,0.07793847831086873,0,Champions
1,0,1,0,28,1,0,0,0,0,0,0,0,0,0,0,1,20.5,563.05,0,2,1,0,574.0,10.25,0,0.14144282257716215,2,Fence Sitters
1,0,1,0,57,1,1,2,0,0,1,0,1,1,1,1,3,100.75,5985.0,0,3,4,0,5742.75,20.15,0,0.1726003563876776,0,Champions
1,0,1,1,14,1,1,2,0,0,1,0,0,1,0,1,0,87.25,1258.6,1,1,3,0,1221.5,21.8125,0,0.5891389664907276,1,At Risk
0,0,0,0,19,1,0,0,0,0,0,0,0,0,2,1,1,19.95,373.5,0,1,1,0,379.05,9.975,0,0.02309363837476351,2,Fence Sitters
0,0,1,0,10,1,0,2,0,0,0,0,1,0,0,1,0,79.95,857.2,1,0,2,1,799.5,26.65,1,0.858142981238311,1,At Risk
1,0,1,0,51,0,0,1,0,1,0,0,1,1,0,1,0,49.65,2553.35,0,3,3,0,2532.15,12.4125,0,0.4350010871389919,2,Fence Sitters
1,0,1,0,67,1,1,1,1,1,1,0,0,0,2,0,1,65.65,4322.85,0,3,4,0,4398.55,13.13,0,0.017032047702071652,0,Champions
0,0,1,1,11,1,0,0,0,0,0,0,0,0,0,1,0,20.45,250.8,0,0,1,1,224.95,10.225,1,0.13033999457938247,2,Fence Sitters
0,0,1,1,72,0,0,1,1,0,1,1,1,1,2,0,2,60.95,4549.05,0,3,5,0,4388.400000000001,10.158333333333331,0,0.007436467189812733,0,Champions
0,0,1,1,66,1,0,0,0,0,0,0,0,0,1,1,0,20.35,1359.5,0,3,1,0,1343.1,10.175,0,0.014009905722935907,2,Fence Sitters
1,0,0,0,18,1,1,2,0,0,0,1,1,0,0,1,0,88.35,1639.3,1,1,3,0,1590.3,22.0875,0,0.7190839566045245,1,At Risk
1,0,0,0,9,1,0,0,0,0,0,0,0,0,0,1,0,19.5,178.85,0,0,1,1,175.5,9.75,1,0.31956708816807167,2,Fence Sitters
1,0,0,0,9,1,1,2,0,0,0,0,0,0,0,1,3,75.2,633.85,0,0,1,1,676.8000000000001,37.6,1,0.5289894069014116,1,At Risk
0,0,1,0,48,1,1,2,1,1,1,0,1,1,0,1,2,111.45,5315.1,0,2,6,0,5349.6,15.921428571428573,0,0.467970830433784,0,Champions
0,0,0,0,10,1,0,2,0,0,0,0,0,0,0,0,1,70.15,735.5,0,0,1,1,701.5,35.075,1,0.645663029465021,1,At Risk
1,0,0,0,9,1,1,2,0,0,0,0,1,1,0,1,0,94.75,889.9,1,0,3,1,852.75,23.6875,1,0.8970044468380357,1,At Risk
1,1,0,0,13,1,1,2,0,0,0,0,1,1,0,1,0,95.05,1290.0,1,1,3,0,1235.65,23.7625,0,0.8457064193906461,1,At Risk
0,0,0,0,4,1,1,2,0,1,0,0,0,0,0,0,0,78.45,330.05,1,0,2,1,313.8,26.15,1,0.791867954711563,1,At Risk
0,0,0,0,4,1,0,2,0,0,0,0,0,0,0,1,0,70.2,237.95,1,0,1,1,280.8,35.1,1,0.8695259608528785,1,At Risk
1,0,1,0,72,1,1,1,1,1,1,1,1,1,2,0,2,92.0,6474.4,0,3,7,0,6624.0,11.5,0,0.014106364123851798,0,Champions
1,0,1,1,51,1,0,1,1,1,1,1,1,1,2,0,3,85.5,4421.95,0,3,7,0,4360.5,10.6875,0,0.013889970717387666,0,Champions
0,0,1,0,59,0,0,1,0,1,0,0,0,1,0,1,2,41.05,2452.7,1,3,2,0,2421.95,13.683333333333332,0,0.5931313659762716,2,Fence Sitters
0,0,1,0,10,1,1,2,0,0,0,0,1,0,0,1,0,85.6,813.85,1,0,2,1,856.0,28.53333333333333,1,0.8863490286952641,1,At Risk
0,1,1,0,61,1,1,2,0,1,0,0,0,0,0,1,0,82.15,4904.85,0,3,2,0,5011.150000000001,27.383333333333336,0,0.4841651357979585,0,Champions
0,0,0,0,54,1,0,2,1,0,1,1,0,0,1,0,0,84.4,4484.05,0,3,4,0,4557.6,16.880000000000003,0,0.10771858292695692,0,Champions
1,0,0,0,33,1,1,1,1,1,0,0,0,0,0,1,1,60.9,2033.85,0,2,3,0,2009.7,15.225,0,0.17465390181972956,2,Fence Sitters
1,0,0,0,27,1,0,0,0,0,0,0,0,0,2,1,2,20.25,538.2,0,2,1,0,546.75,10.125,0,0.01702697222672256,2,Fence Sitters
1,1,0,0,1,1,0,2,0,0,0,0,1,0,0,1,0,79.2,79.2,1,0,2,1,79.2,26.4,1,0.9473500988587211,1,At Risk
0,0,0,0,23,1,0,2,0,1,0,0,1,1,0,0,1,95.3,2192.9,0,1,4,0,2191.9,19.06,0,0.8070661977636941,1,At Risk
0,0,0,1,1,1,0,0,0,0,0,0,0,0,0,0,1,19.85,19.85,0,0,1,1,19.85,9.925,1,0.5943826909808317,1,At Risk
0,0,1,1,45,1,0,1,1,1,1,1,1,1,2,1,1,84.35,3858.05,0,2,7,0,3795.75,10.54375,0,0.011995831952281863,0,Champions
1,0,1,1,39,1,0,0,0,0,0,0,0,0,2,1,2,19.85,854.8,0,2,1,0,774.1500000000001,9.925,0,0.013522076832874172,2,Fence Sitters
0,0,0,0,5,1,0,1,0,0,1,0,1,1,1,1,1,70.0,347.4,1,0,4,1,350.0,14.0,0,0.3158117943032606,1,At Risk
0,0,1,1,72,1,1,1,1,1,1,1,1,0,2,0,2,82.3,5815.15,0,3,6,0,5925.599999999999,11.757142857142856,0,0.00891303353861882,0,Champions
1,0,1,1,58,1,1,1,0,1,0,0,1,0,0,1,2,66.8,3970.4,0,3,3,0,3874.4,16.7,0,0.11725863974569051,0,Champions
1,0,0,0,70,0,0,1,1,1,1,1,0,0,2,1,2,44.6,3058.15,0,3,4,0,3122.0,8.92,0,0.03317130042518583,0,Champions
0,0,1,1,61,1,0,2,0,1,0,1,1,1,1,1,2,98.45,6145.2,0,3,5,0,6005.45,16.408333333333335,0,0.11785685435686047,0,Champions
0,0,0,0,2,1,0,2,0,0,0,0,0,0,0,0,1,70.7,129.2,0,0,1,1,141.4,35.35,1,0.8495129250321616,1,At Risk
1,0,1,1,46,1,1,0,0,0,0,0,0,0,1,0,1,24.95,1165.9,0,2,1,0,1147.7,12.475,0,0.061421118208597865,2,Fence Sitters
1,0,0,0,1,1,1,1,0,0,0,0,0,0,0,1,2,49.95,49.95,1,0,1,1,49.95,24.975,1,0.6386640668718322,1,At Risk
1,0,1,0,22,1,0,2,0,0,0,0,0,0,0,1,0,69.25,1554.0,1,1,1,0,1523.5,34.625,0,0.6182482302185532,1,At Risk
1,0,0,0,48,1,0,2,1,0,1,1,1,1,2,1,3,102.5,4904.25,0,2,6,0,4920.0,14.642857142857142,0,0.1128070100622335,0,Champions
0,0,0,0,64,1,1,1,0,1,1,1,1,1,2,0,3,86.55,5632.55,0,3,6,0,5539.2,12.364285714285714,0,0.033256016509891996,0,Champions
0,0,1,1,72,1,1,0,0,0,0,0,0,0,2,0,2,24.3,1643.25,0,3,1,0,1749.6,12.15,0,0.008009175028468754,2,Fence Sitters
1,0,1,1,12,1,0,1,0,0,1,0,1,0,0,1,3,58.35,740.55,0,0,3,1,700.2,14.5875,1,0.08558467558936678,2,Fence Sitters
1,1,1,0,34,1,1,2,0,1,1,0,0,1,0,1,0,94.25,3217.55,1,2,4,0,3204.5,18.85,0,0.43190894837967986,0,Champions
1,0,1,1,72,1,0,1,1,1,1,0,0,1,2,0,3,68.75,4888.2,0,3,5,0,4950.0,11.458333333333334,0,0.008202818389917143,0,Champions
0,0,1,0,29,1,1,2,0,1,1,0,0,0,0,1,0,85.8,2440.25,0,2,3,0,2488.2,21.45,0,0.7107263013768477,1,At Risk
0,0,1,1,33,1,0,0,0,0,0,0,0,0,1,0,3,20.1,620.55,0,2,1,0,663.3000000000001,10.05,0,0.02365297079810255,2,Fence Sitters
1,0,0,0,1,1,0,0,0,0,0,0,0,0,0,0,1,20.35,20.35,0,0,1,1,20.35,10.175,1,0.6327883982315128,1,At Risk
1,0,1,1,62,1,1,2,0,1,1,1,1,1,1,1,0,110.8,6840.95,0,3,6,0,6869.599999999999,15.828571428571427,0,0.11960531778564348,0,Champions
0,0,1,0,41,1,1,1,0,0,1,0,1,1,1,1,0,73.0,3001.2,1,2,4,0,2993.0,14.6,0,0.32207812546398445,0,Champions
1,0,0,0,64,1,1,2,0,0,1,0,1,1,1,1,3,100.05,6254.2,1,3,4,0,6403.2,20.01,0,0.3446970918072322,0,Champions
1,0,0,0,4,1,0,2,0,0,1,0,0,1,0,1,3,82.85,319.6,0,0,3,1,331.4,20.7125,1,0.7344761258722804,1,At Risk
1,0,0,0,24,1,1,2,1,0,0,1,0,0,0,1,0,84.35,1938.05,0,1,3,0,2024.4,21.0875,0,0.37713495057503205,1,At Risk
1,0,1,1,14,1,0,0,0,0,0,0,0,0,1,0,1,19.55,294.5,0,1,1,0,273.7,9.775,0,0.04284073513172066,2,Fence Sitters
0,0,0,1,3,1,0,0,0,0,0,0,0,0,0,0,1,19.95,58.3,0,0,1,1,59.85,9.975,1,0.2560125174425139,2,Fence Sitters
1,1,0,0,4,1,0,2,0,1,1,0,1,1,0,1,3,99.8,442.85,1,0,5,1,399.2,16.633333333333333,1,0.7108859476962271,1,At Risk
1,0,0,1,18,0,0,1,0,0,0,0,0,1,0,1,0,35.0,553.0,1,1,1,0,630.0,17.5,0,0.6156989826114622,1,At Risk
0,0,0,0,8,1,0,1,0,0,0,0,1,1,0,1,0,66.25,546.45,0,0,3,1,530.0,16.5625,1,0.7671074483379801,1,At Risk
1,0,0,0,35,1,1,0,0,0,0,0,0,0,2,0,2,23.3,797.1,0,2,1,0,815.5,11.65,0,0.02929928376967808,2,Fence Sitters
1,0,0,0,1,1,1,2,0,0,0,0,0,0,0,0,0,76.0,76.0,1,0,1,1,76.0,38.0,1,0.9492608686919346,1,At Risk
0,0,0,1,66,1,1,0,0,0,0,0,0,0,2,1,3,25.3,1673.8,0,3,1,0,1669.8,12.65,0,0.00905055521374749,2,Fence Sitters
0,0,0,1,8,0,0,1,1,0,0,1,0,1,2,1,1,44.55,343.45,0,0,3,1,356.4,11.1375,0,0.03177658855890687,2,Fence Sitters
1,0,1,0,71,1,1,2,1,0,1,0,1,1,1,1,3,104.1,7412.25,0,3,5,0,7391.099999999999,17.349999999999998,0,0.19253274253180905,0,Champions
1,0,1,1,43,1,1,2,0,0,1,0,0,1,0,1,2,92.55,4039.0,0,2,3,0,3979.65,23.1375,0,0.3998276752606494,0,Champions
1,1,0,0,2,1,1,2,0,0,0,0,1,1,0,1,0,93.85,170.85,1,0,3,1,187.7,23.4625,1,0.9116949400033818,1,At Risk
0,1,0,0,29,1,0,2,0,1,1,0,1,1,0,1,2,101.45,2948.6,0,2,5,0,2942.05,16.908333333333335,0,0.6902510341226232,1,At Risk
1,0,1,0,15,1,0,2,0,0,1,0,1,0,0,1,0,84.3,1308.4,1,1,3,0,1264.5,21.075,0,0.6859067670556,1,At Risk
0,0,1,1,65,1,1,2,1,1,1,1,0,0,2,0,3,94.55,6078.75,0,3,5,0,6145.75,15.758333333333333,0,0.05901504481242623,0,Champions
0,0,0,0,35,1,1,2,0,0,1,1,1,0,0,0,0,95.5,3418.2,0,2,4,0,3342.5,19.1,0,0.5215016110256195,0,Champions
0,0,0,0,64,1,0,2,1,1,0,0,1,1,1,1,3,100.3,6603.8,0,3,5,0,6419.2,16.716666666666665,0,0.2926323651781189,0,Champions
1,0,1,1,58,0,0,1,0,0,1,1,1,1,2,1,3,55.5,3166.9,0,3,4,0,3219.0,11.1,0,0.013173625678300193,0,Champions
1,1,0,0,18,1,0,1,0,1,0,0,0,0,0,1,3,49.85,865.75,0,1,2,0,897.3000000000001,16.616666666666667,0,0.12033152788490606,2,Fence Sitters
0,0,1,1,67,1,1,2,0,1,0,0,0,1,0,1,2,89.55,6373.1,0,3,3,0,5999.849999999999,22.3875,0,0.2919678670889563,0,Champions
0,0,1,1,63,1,0,0,0,0,0,0,0,0,2,1,1,19.15,1177.05,0,3,1,0,1206.4499999999998,9.575,0,0.009795923782638803,2,Fence Sitters
1,0,1,0,60,1,1,2,0,1,0,0,1,1,0,1,0,99.8,5985.75,0,3,4,0,5988.0,19.96,0,0.6558777619978221,0,Champions
0,1,0,0,9,1,1,2,0,0,0,0,0,1,0,1,3,84.4,732.5,1,0,2,1,759.6,28.133333333333336,1,0.7526973111766062,1,At Risk
1,0,1,1,70,1,1,2,1,1,1,1,1,1,2,1,3,113.05,7869.05,0,3,7,0,7913.5,14.13125,0,0.11438651577364375,0,Champions
0,0,1,0,15,1,1,2,0,0,1,0,1,1,0,1,0,101.1,1504.05,1,1,4,0,1516.5,20.22,0,0.750605966531265,1,At Risk
1,0,0,1,48,1,0,0,0,0,0,0,0,0,1,0,1,19.95,936.7,0,2,1,0,957.6,9.975,0,0.03458477367843174,2,Fence Sitters
0,0,1,0,12,1,0,1,0,0,1,1,1,1,0,1,0,74.15,741.4,0,0,5,1,889.8000000000001,12.358333333333334,1,0.320508403057854,0,Champions
0,1,1,0,71,1,1,2,1,1,1,1,0,0,1,1,0,92.0,6585.2,0,3,5,0,6532.0,15.333333333333334,0,0.06107157500003866,0,Champions
0,1,0,0,44,1,0,2,0,0,1,0,0,0,0,0,0,73.85,3122.4,0,2,2,0,3249.4,24.616666666666664,0,0.572296409583578,1,At Risk
0,0,0,0,1,1,1,1,0,0,0,0,0,0,0,1,0,50.45,50.45,1,0,1,1,50.45,25.225,1,0.8640372531312001,1,At Risk
0,0,1,1,45,1,1,0,0,0,0,0,0,0,2,0,1,24.45,1088.25,0,2,1,0,1100.25,12.225,0,0.029855750943179025,2,Fence Sitters
1,0,0,0,23,1,1,0,0,0,0,0,0,0,1,0,3,24.8,615.35,0,1,1,0,570.4,12.4,0,0.05284093067735317,2,Fence Sitters
1,0,1,0,43,1,1,1,0,0,0,1,1,0,1,1,2,64.85,2908.2,0,2,3,0,2788.55,16.2125,0,0.07801521559358045,0,Champions
0,0,0,0,35,1,0,0,0,0,0,0,0,0,0,0,2,20.75,739.9,0,2,1,0,726.25,10.375,0,0.15030156298391337,2,Fence Sitters
0,0,1,0,9,1,0,1,1,1,0,1,1,0,0,1,1,68.95,593.85,0,0,5,1,620.5500000000001,11.491666666666667,1,0.09253561741666941,0,Champions
0,0,0,0,12,1,1,2,0,0,0,1,1,1,0,1,1,99.95,1132.75,1,0,4,1,1199.4,19.99,1,0.8395739485826244,1,At Risk
1,1,1,0,65,1,1,2,1,1,1,0,1,1,0,1,3,109.4,7227.45,0,3,6,0,7111.0,15.62857142857143,0,0.21033390815586214,0,Champions
1,0,0,0,2,1,1,2,0,0,1,0,1,0,0,1,0,91.4,193.6,1,0,3,1,182.8,22.85,1,0.878443061504669,1,At Risk
0,0,0,0,27,1,1,1,0,0,0,0,0,0,0,0,1,49.0,1291.35,0,2,1,0,1323.0,24.5,0,0.46536630688595665,2,Fence Sitters
1,0,0,0,40,1,0,1,0,0,1,0,0,0,1,1,1,50.25,2023.55,0,2,2,0,2010.0,16.75,0,0.07672706505991496,2,Fence Sitters
1,1,0,0,5,1,0,2,0,0,1,0,0,0,0,1,3,75.55,349.65,1,0,2,1,377.75,25.183333333333334,1,0.5262903457608126,1,At Risk
0,0,1,1,8,1,0,0,0,0,0,0,0,0,1,0,3,19.9,153.95,0,0,1,1,159.2,9.95,0,0.05554041042580085,2,Fence Sitters
1,1,1,0,58,1,1,2,0,1,0,0,1,1,1,1,2,97.8,5458.8,0,3,4,0,5672.4,19.56,0,0.18819391810703406,0,Champions
1,0,1,1,52,1,0,2,1,0,1,0,1,1,1,0,0,100.3,5244.45,0,3,5,0,5215.599999999999,16.716666666666665,0,0.17346707175989745,0,Champions
0,0,1,0,3,1,0,1,0,0,1,1,0,0,0,1,1,55.8,154.55,0,0,3,1,167.39999999999998,13.95,1,0.37596513125388775,1,At Risk
0,0,0,1,41,1,0,2,1,1,1,1,1,1,2,1,0,111.15,4507.15,0,2,7,0,4557.150000000001,13.89375,0,0.10235795058190263,0,Champions
0,0,0,0,20,1,1,2,0,0,0,1,1,1,0,1,1,98.55,2031.95,0,1,4,0,1971.0,19.71,0,0.7433566683160477,1,At Risk
0,0,0,1,1,1,1,1,0,0,0,0,0,0,0,1,0,50.05,50.05,0,0,1,1,50.05,25.025,1,0.7601572466231541,1,At Risk
0,0,0,1,4,1,1,2,0,0,0,1,0,0,0,0,3,80.8,332.45,1,0,2,1,323.2,26.933333333333334,1,0.6403594339895188,1,At Risk
0,0,0,0,23,1,0,0,0,0,0,0,0,0,0,0,0,20.85,473.9,0,1,1,0,479.55,10.425,0,0.2647612295154979,2,Fence Sitters
1,1,0,0,6,1,0,0,0,0,0,0,0,0,0,0,2,19.5,106.8,0,0,1,1,117.0,9.75,1,0.19210047817721837,2,Fence Sitters
0,0,1,1,8,1,0,0,0,0,0,0,0,0,0,1,1,19.35,152.6,0,0,1,1,154.8,9.675,1,0.11887183533638838,2,Fence Sitters
0,0,0,0,18,1,1,1,1,0,1,0,1,0,0,0,1,69.5,1199.4,0,1,4,0,1251.0,13.9,0,0.22903067248050502,0,Champions
0,1,0,0,52,0,0,1,1,0,0,0,1,1,0,1,3,48.8,2555.05,0,3,3,0,2537.6,12.2,0,0.3286327570440959,2,Fence Sitters
0,0,0,0,31,1,0,2,0,1,0,0,1,1,0,1,0,94.5,2979.2,0,2,4,0,2929.5,18.9,0,0.7349697065052793,1,At Risk
0,0,1,1,29,1,0,0,0,0,0,0,0,0,0,1,1,20.65,654.85,0,2,1,0,598.8499999999999,10.325,0,0.06597610970161646,2,Fence Sitters
1,0,1,0,36,1,1,2,1,1,1,1,0,1,2,1,3,106.05,3834.4,0,2,6,0,3817.8,15.15,0,0.08254970294689593,0,Champions
1,0,1,0,16,1,1,2,0,1,0,0,1,1,0,1,0,100.0,1534.75,1,1,4,0,1600.0,20.0,0,0.7583764488352193,1,At Risk
0,0,1,0,42,1,1,2,0,0,1,1,1,1,1,1,0,108.3,4586.15,0,2,5,0,4548.599999999999,18.05,0,0.6821617573459607,0,Champions
0,0,0,0,1,1,0,0,0,0,0,0,0,0,0,0,0,20.55,20.55,1,0,1,1,20.55,10.275,1,0.6198589999807835,1,At Risk
1,0,0,0,60,1,0,2,0,1,1,0,1,1,2,1,0,99.65,5941.05,0,3,5,0,5979.0,16.608333333333334,0,0.155165506589589,0,Champions
0,0,0,0,5,1,1,2,0,1,1,0,0,0,0,1,0,85.3,424.15,1,0,3,1,426.5,21.325,1,0.8700294314413697,1,At Risk
0,0,1,0,22,1,1,2,1,0,0,1,1,0,0,0,3,95.9,2234.95,0,1,4,0,2109.8,19.18,0,0.3515111163809349,0,Champions
0,0,1,0,36,1,0,0,0,0,0,0,0,0,1,0,1,20.0,666.75,0,2,1,0,720.0,10.0,0,0.04020447686986103,2,Fence Sitters
1,0,0,0,4,1,0,2,0,0,0,0,0,0,0,0,0,70.4,281.0,1,0,1,1,281.6,35.2,1,0.8195516986428011,1,At Risk
0,0,0,0,9,1,0,1,1,0,0,1,0,1,0,0,1,64.95,547.8,0,0,4,1,584.5500000000001,12.99,1,0.1370874946647626,0,Champions
0,0,1,1,1,1,0,2,0,1,0,0,0,0,0,0,3,74.6,74.6,0,0,2,1,74.6,24.866666666666664,1,0.5428024013717255,1,At Risk
0,0,1,1,12,1,0,1,1,0,0,0,0,0,0,1,0,49.2,571.15,0,0,2,1,590.4000000000001,16.400000000000002,1,0.2989579602887312,2,Fence Sitters
1,0,0,0,23,1,1,1,0,0,0,1,1,1,1,1,1,73.75,1756.6,0,1,4,0,1696.25,14.75,0,0.1666999107460054,0,Champions
0,0,0,0,62,1,1,2,1,1,0,0,0,1,1,1,2,92.3,5731.45,0,3,4,0,5722.599999999999,18.46,0,0.27248524966445836,0,Champions
0,0,0,0,37,1,1,2,0,0,0,1,1,1,0,0,2,98.8,3475.55,1,2,4,0,3655.6,19.76,0,0.6173303470395382,0,Champions
1,0,0,0,8,1,0,0,0,0,0,0,0,0,0,0,1,19.2,156.85,0,0,1,1,153.6,9.6,1,0.15666377311318086,2,Fence Sitters
0,0,1,0,31,1,1,2,0,0,1,0,1,0,0,0,3,88.65,2683.2,0,2,3,0,2748.15,22.1625,0,0.3203267043621215,0,Champions
0,0,1,1,13,1,1,2,0,0,0,0,0,0,0,1,3,74.4,896.75,1,1,1,0,967.2,37.2,0,0.48785961516620535,1,At Risk
1,0,0,0,24,1,1,2,0,0,1,0,1,1,0,1,0,98.75,2407.3,1,1,4,0,2370.0,19.75,0,0.8520295104125248,1,At Risk
0,0,1,1,45,1,1,2,0,1,1,0,0,1,0,1,2,95.95,4456.65,0,2,4,0,4317.75,19.19,0,0.38037416213367486,0,Champions
1,1,1,0,69,1,1,2,0,1,0,1,1,1,2,0,3,105.4,6998.95,0,3,5,0,7272.6,17.566666666666666,0,0.09779401364472294,0,Champions
0,0,0,0,2,1,0,0,0,0,0,0,0,0,0,0,1,20.25,36.8,0,0,1,1,40.5,10.125,1,0.3354056673552818,2,Fence Sitters
0,0,1,1,61,1,1,2,1,1,0,0,1,1,1,1,0,106.0,6547.7,1,3,5,0,6466.0,17.666666666666668,0,0.14054822693501862,0,Champions
0,0,0,0,41,1,1,2,0,1,1,0,1,1,0,1,0,104.7,4346.4,1,2,5,0,4292.7,17.45,0,0.7826291537984553,0,Champions
1,0,0,0,44,0,0,1,0,0,1,0,1,1,1,1,0,49.05,2265.0,0,2,3,0,2158.2,12.2625,0,0.15090646734345584,2,Fence Sitters
0,0,0,0,39,0,0,1,0,0,1,1,0,0,1,0,1,35.55,1309.15,0,2,2,0,1386.4499999999998,11.85,0,0.03913044669900186,2,Fence Sitters
0,0,1,1,72,0,0,1,1,1,1,1,1,1,2,1,3,65.1,4754.3,0,3,6,0,4687.2,9.3,0,0.007454341953078863,0,Champions
1,1,0,0,13,1,0,2,0,0,1,0,1,1,0,1,0,96.85,1235.55,0,1,4,0,1259.05,19.37,0,0.8181228584861279,1,At Risk
1,0,1,1,51,1,0,1,1,1,0,1,0,1,1,1,3,69.75,3562.5,0,3,5,0,3557.25,11.625,0,0.034195158790140935,0,Champions
1,1,1,0,71,1,0,2,0,1,1,0,1,1,2,1,0,99.2,7213.75,0,3,5,0,7043.2,16.533333333333335,0,0.07737049209596046,0,Champions
0,1,0,0,22,1,1,2,0,0,0,0,1,1,0,1,0,96.7,2082.95,1,1,3,0,2127.4,24.175,0,0.9037917454125525,1,At Risk
1,0,0,0,2,1,0,1,0,1,0,1,0,0,0,1,3,55.05,102.75,1,0,3,1,110.1,13.7625,1,0.5908371414293914,1,At Risk
1,0,0,0,56,1,1,2,0,1,1,0,1,1,1,1,0,106.8,5914.4,0,3,5,0,5980.8,17.8,0,0.30727357586254744,0,Champions
0,0,0,0,1,1,0,1,1,0,0,0,0,0,0,0,1,51.25,51.25,0,0,2,1,51.25,17.083333333333332,1,0.552799933367222,1,At Risk
1,0,1,1,23,1,0,1,1,1,0,1,0,0,1,1,1,57.75,1282.85,0,1,4,0,1328.25,11.55,0,0.046102453172976766,0,Champions
1,1,1,0,66,1,1,1,0,1,1,0,1,0,1,1,2,70.85,4738.85,0,3,4,0,4676.099999999999,14.169999999999998,0,0.06585996806177634,0,Champions
1,0,0,0,1,1,0,0,0,0,0,0,0,0,0,0,1,19.55,19.55,0,0,1,1,19.55,9.775,1,0.5646101124639855,1,At Risk
0,1,0,0,19,1,1,2,0,1,0,0,1,0,0,1,0,88.2,1775.8,1,1,3,0,1675.8,22.05,0,0.6745571552603831,1,At Risk
0,0,0,0,11,1,0,2,1,0,1,0,0,0,0,1,2,79.5,795.65,0,0,3,1,874.5,19.875,1,0.40818373607225816,1,At Risk
1,0,1,1,8,1,0,0,0,0,0,0,0,0,1,1,1,19.75,145.0,1,0,1,1,158.0,9.875,0,0.05625961142796889,2,Fence Sitters
1,0,1,1,52,1,1,2,1,1,1,0,0,1,0,0,2,98.15,4993.4,0,3,5,0,5103.8,16.358333333333334,0,0.2253449383212917,0,Champions
0,0,0,0,3,1,0,0,0,0,0,0,0,0,0,1,0,20.25,61.45,0,0,1,1,60.75,10.125,1,0.3957638104462431,2,Fence Sitters
1,0,1,1,51,1,0,2,1,1,0,0,0,0,0,1,2,79.15,4018.55,0,3,3,0,4036.65,19.7875,0,0.12372669908288314,0,Champions
0,1,0,0,15,1,1,2,0,0,0,0,0,0,0,0,0,75.65,1146.65,1,1,1,0,1134.75,37.825,0,0.8314979333068495,1,At Risk
0,1,1,0,64,1,1,2,0,1,1,0,0,1,0,1,0,94.25,6081.4,0,3,4,0,6032.0,18.85,0,0.48866562271393377,0,Champions
1,0,0,0,37,0,0,1,0,0,1,0,0,1,0,1,3,40.2,1478.85,0,2,2,0,1487.4,13.4,0,0.354303604967254,2,Fence Sitters
0,0,0,0,13,1,0,0,0,0,0,0,0,0,2,0,1,19.95,243.65,0,1,1,0,259.35,9.975,0,0.027547236744330107,2,Fence Sitters
0,0,1,0,49,1,1,1,1,0,0,0,0,0,1,1,0,55.35,2633.95,0,3,2,0,2712.15,18.45,0,0.11981903902287892,2,Fence Sitters
1,1,0,0,45,1,1,2,0,0,1,0,1,1,1,1,2,102.15,4735.35,0,2,4,0,4596.75,20.43,0,0.25489552742904903,0,Champions
1,0,0,0,18,1,0,2,0,0,0,0,0,0,0,1,0,71.1,1247.75,0,1,1,0,1279.8,35.55,0,0.6423112697714847,1,At Risk
0,1,0,0,1,1,1,2,0,0,0,0,0,0,0,1,0,74.7,74.7,1,0,1,1,74.7,37.35,1,0.9283339176825384,1,At Risk
0,0,1,0,68,0,0,1,1,0,1,0,1,1,2,1,2,54.1,3794.5,0,3,4,0,3678.8,10.82,0,0.030752280305812642,0,Champions
0,0,0,0,54,1,0,0,0,0,0,0,0,0,2,0,3,19.65,1008.7,0,3,1,0,1061.1,9.825,0,0.01701075147042331,2,Fence Sitters
1,1,1,1,23,1,0,2,0,1,1,0,0,1,0,1,2,88.45,2130.55,0,1,4,0,2034.35,17.69,0,0.3835265128698591,0,Champions
0,0,0,0,17,1,0,2,0,0,1,0,0,0,0,1,0,76.65,1313.55,1,1,2,0,1303.0500000000002,25.55,0,0.623972976411972,1,At Risk
0,0,1,0,71,1,1,1,1,1,1,1,0,1,2,0,3,80.4,5727.15,0,3,6,0,5708.400000000001,11.485714285714286,0,0.009306635761558492,0,Champions
1,0,1,1,67,1,0,0,0,0,0,0,0,0,2,1,2,19.25,1372.9,0,3,1,0,1289.75,9.625,0,0.006752455389664135,2,Fence Sitters
1,0,1,1,14,1,1,2,0,0,0,0,1,0,0,1,0,84.8,1203.9,0,1,2,0,1187.2,28.266666666666666,0,0.5807623621958687,1,At Risk
1,1,0,0,1,0,0,1,0,0,0,0,0,0,0,1,1,25.8,25.8,1,0,0,1,25.8,25.8,1,0.8575756672531973,1,At Risk
1,0,0,1,63,1,0,0,0,0,0,0,0,0,2,0,3,19.5,1215.1,0,3,1,0,1228.5,9.75,0,0.01224071426040405,2,Fence Sitters
1,0,0,0,41,1,1,1,0,0,1,1,0,1,1,1,0,68.6,2877.05,0,2,4,0,2812.6,13.72,0,0.10577458899674706,0,Champions
1,0,1,0,17,1,1,2,0,0,0,0,1,1,0,0,0,92.6,1579.7,0,1,3,0,1574.1999999999998,23.15,0,0.7217919861445271,1,At Risk
0,0,1,0,56,1,1,2,1,0,0,0,1,1,1,1,0,100.55,5514.95,0,3,4,0,5630.8,20.11,0,0.25832213243587016,0,Champions
1,0,0,0,5,1,0,0,0,0,0,0,0,0,0,0,3,20.55,96.1,0,0,1,1,102.75,10.275,1,0.1834392040359019,2,Fence Sitters
1,0,0,0,2,0,0,1,1,1,0,0,0,1,0,1,0,42.6,72.4,1,0,3,1,85.2,10.65,1,0.6701226288646057,1,At Risk
1,0,1,0,3,1,0,0,0,0,0,0,0,0,0,1,1,19.6,55.25,0,0,1,1,58.8,9.8,1,0.2944792253801368,2,Fence Sitters
0,0,0,0,37,1,1,1,1,1,1,1,0,0,1,0,0,67.45,2443.3,0,2,5,0,2495.65,11.241666666666667,0,0.08520897041059199,0,Champions
1,0,0,0,29,1,0,1,1,1,1,0,0,1,0,1,2,68.85,1970.5,1,2,5,0,1996.65,11.475,0,0.15680231697724198,0,Champions
0,0,0,0,8,1,0,1,0,0,0,0,0,0,0,0,1,43.55,335.4,0,0,1,1,348.4,21.775,1,0.6035672394349388,1,At Risk
1,0,0,0,63,1,1,2,0,1,1,1,1,1,0,1,3,109.85,7002.95,0,3,6,0,6920.549999999999,15.69285714285714,0,0.3984413855862315,0,Champions
1,0,1,1,7,1,0,0,0,0,0,0,0,0,0,0,1,20.65,158.95,0,0,1,1,144.54999999999998,10.325,1,0.12995869977688387,2,Fence Sitters
1,0,0,0,3,1,0,2,0,1,0,0,1,1,0,0,0,95.4,293.15,0,0,4,1,286.20000000000005,19.08,1,0.8197315493924688,1,At Risk
0,0,1,1,72,1,0,0,0,0,0,0,0,0,2,0,2,21.0,1493.75,0,3,1,0,1512.0,10.5,0,0.00411466542086754,2,Fence Sitters
1,0,0,0,19,1,0,1,0,0,0,0,0,1,0,1,0,56.2,1093.4,0,1,2,0,1067.8,18.73333333333333,0,0.6112578776984935,1,At Risk
1,0,1,0,59,1,0,0,0,0,0,0,0,0,2,0,2,18.4,1057.85,0,3,1,0,1085.6,9.2,0,0.013749938591654102,2,Fence Sitters
0,0,1,1,2,1,0,2,0,0,1,1,0,1,0,0,3,90.0,190.05,1,0,4,1,180.0,18.0,1,0.5097727206830807,1,At Risk
1,0,1,1,35,1,1,0,0,0,0,0,0,0,0,1,0,25.75,882.55,0,2,1,0,901.25,12.875,0,0.11974316941353065,2,Fence Sitters
0,0,0,0,14,1,0,0,0,0,0,0,0,0,0,0,3,19.6,300.4,0,1,1,0,274.40000000000003,9.8,0,0.13941411282403457,2,Fence Sitters
1,0,0,0,14,1,0,2,0,0,1,0,0,0,0,0,0,75.35,1025.95,1,1,2,0,1054.9,25.116666666666664,0,0.7321105707250966,1,At Risk
1,0,1,1,69,1,0,0,0,0,0,0,0,0,2,0,3,19.8,1436.95,0,3,1,0,1366.2,9.9,0,0.005623813798059489,2,Fence Sitters
0,1,1,0,7,1,1,1,1,1,0,1,0,0,0,0,0,64.2,475.0,0,0,4,1,449.4,12.84,1,0.10634012272024553,2,Fence Sitters
0,0,1,1,69,1,0,1,1,1,1,1,1,0,2,1,2,75.75,5388.15,0,3,6,0,5226.75,10.821428571428571,0,0.019555952380674604,0,Champions
1,0,1,1,72,1,1,1,0,1,0,1,1,1,2,1,0,78.95,5730.15,0,3,5,0,5684.400000000001,13.158333333333331,0,0.06628074500736995,0,Champions
0,0,0,0,8,1,1,2,0,1,0,0,1,1,0,0,0,100.85,819.55,1,0,4,1,806.8,20.17,1,0.8770366464248607,1,At Risk
1,0,1,1,4,1,0,1,1,0,0,0,0,0,0,0,0,50.3,217.1,0,0,2,1,201.2,16.766666666666666,1,0.3069535909360967,1,At Risk
0,0,1,1,63,1,0,2,0,1,1,0,0,0,0,1,3,80.3,4896.35,0,3,3,0,5058.9,20.075,0,0.18390246965927412,0,Champions
0,0,0,0,72,1,0,0,0,0,0,0,0,0,2,0,2,19.85,1434.1,0,3,1,0,1429.2,9.925,0,0.007179677153320394,2,Fence Sitters
1,0,0,0,46,1,0,0,0,0,0,0,0,0,2,1,0,21.1,937.1,0,2,1,0,970.6,10.55,0,0.02858916565746499,2,Fence Sitters
1,0,1,0,5,1,0,2,0,0,0,0,0,0,0,0,0,69.95,330.15,1,0,1,1,349.75,34.975,1,0.7138139411562376,1,At Risk
0,0,1,0,30,1,0,1,0,0,1,0,0,0,0,1,1,50.0,1474.9,0,2,2,0,1500.0,16.666666666666668,0,0.42395307951534084,2,Fence Sitters
0,0,0,0,63,1,1,2,0,1,1,0,1,1,2,1,2,104.75,6536.5,0,3,5,0,6599.25,17.458333333333332,0,0.24972540588558104,0,Champions
1,0,0,0,60,1,0,0,0,0,0,0,0,0,2,0,2,19.85,1128.1,0,3,1,0,1191.0,9.925,0,0.02081098603077011,2,Fence Sitters
1,0,1,0,63,1,1,2,0,1,1,0,1,1,1,1,0,107.5,6873.75,1,3,5,0,6772.5,17.916666666666668,0,0.349053308609555,0,Champions
0,0,1,1,25,1,0,2,0,0,0,1,1,0,0,0,0,85.9,2199.05,0,2,3,0,2147.5,21.475,0,0.29757442894651864,1,At Risk
0,0,0,0,1,1,0,1,0,0,0,0,0,0,0,1,1,45.85,45.85,1,0,1,1,45.85,22.925,1,0.8302432991172339,1,At Risk
0,1,1,0,6,1,1,2,0,0,1,0,0,0,0,1,0,80.8,457.1,0,0,2,1,484.8,26.933333333333334,1,0.7963124229202962,1,At Risk
0,0,0,0,22,1,1,0,0,0,0,0,0,0,2,0,1,25.25,566.5,0,1,1,0,555.5,12.625,0,0.03554841949070829,2,Fence Sitters
1,0,1,1,31,1,1,1,0,1,0,1,1,1,2,0,2,80.55,2471.6,0,2,5,0,2497.05,13.425,0,0.04573329321678586,0,Champions
1,0,1,1,39,1,0,2,0,0,1,1,0,0,0,1,2,81.5,3107.3,0,2,3,0,3178.5,20.375,0,0.23857266405455457,0,Champions
0,0,0,0,26,1,0,0,0,0,0,0,0,0,0,0,1,20.9,518.3,0,2,1,0,543.4,10.45,0,0.17670360875326177,2,Fence Sitters
1,0,1,0,53,1,0,2,1,1,1,0,1,1,1,1,2,106.1,5769.75,1,3,6,0,5623.299999999999,15.157142857142857,0,0.21518032623197547,0,Champions
1,0,0,0,1,1,0,2,0,1,0,1,1,0,0,0,0,91.7,91.7,1,0,4,1,91.7,18.34,1,0.7453895560378991,1,At Risk
0,0,0,0,12,1,1,1,1,1,0,1,0,0,0,1,0,67.25,832.3,0,0,4,1,807.0,13.45,1,0.14039860407530327,0,Champions
1,0,0,0,16,1,1,2,0,1,1,0,0,1,0,1,3,95.6,1555.65,1,1,4,0,1529.6,19.12,0,0.5740570506841186,1,At Risk
1,0,0,0,2,1,0,0,0,0,0,0,0,0,0,0,1,20.35,45.3,0,0,1,1,40.7,10.175,1,0.3177488336190959,2,Fence Sitters
0,0,0,1,39,0,0,1,1,0,0,1,1,0,1,0,2,45.05,1790.6,0,2,3,0,1756.9499999999998,11.2625,0,0.05077717360996664,2,Fence Sitters
0,0,0,0,1,1,1,2,0,0,0,0,0,0,0,1,0,74.95,74.95,1,0,1,1,74.95,37.475,1,0.9417306721089272,1,At Risk
1,0,1,1,7,0,0,1,1,0,0,1,0,0,0,0,1,34.65,246.6,0,0,2,1,242.55,11.55,1,0.17085221079425483,2,Fence Sitters
0,1,0,0,4,1,0,2,0,0,0,0,0,0,0,0,0,69.35,261.65,0,0,1,1,277.4,34.675,1,0.8691222056096793,1,At Risk
0,1,0,0,10,1,1,2,0,0,0,0,1,1,0,1,0,95.35,898.35,1,0,3,1,953.5,23.8375,1,0.9152883700393488,1,At Risk
1,0,0,0,55,1,0,2,0,1,1,0,0,0,0,1,0,81.55,4509.5,0,3,3,0,4485.25,20.3875,0,0.5820190277588653,0,Champions
0,0,1,1,72,1,0,1,0,1,1,0,1,1,2,1,2,75.4,5480.25,0,3,5,0,5428.8,12.566666666666668,0,0.0377396444511182,0,Champions
1,0,1,0,10,1,0,1,0,0,1,0,1,1,0,1,3,67.8,653.15,0,0,4,1,678.0,13.56,1,0.16834519074864357,1,At Risk
0,1,0,0,11,1,1,2,0,1,1,1,1,1,0,1,0,111.4,1183.05,0,0,6,1,1225.4,15.914285714285716,1,0.6373168127759277,1,At Risk
1,0,1,1,15,1,0,1,0,0,0,0,0,0,0,0,0,46.3,639.45,0,1,1,0,694.5,23.15,0,0.28034875934468,2,Fence Sitters
1,0,1,1,23,1,0,0,0,0,0,0,0,0,2,0,2,20.4,478.75,0,1,1,0,469.2,10.2,0,0.012798096528970059,2,Fence Sitters
0,0,0,1,1,1,0,0,0,0,0,0,0,0,0,0,1,20.05,20.05,0,0,1,1,20.05,10.025,1,0.550878445717115,1,At Risk
1,1,0,0,3,1,0,1,0,0,0,0,0,0,0,0,0,45.0,127.1,1,0,1,1,135.0,22.5,1,0.7274080882350574,1,At Risk
0,0,1,1,47,1,0,2,1,1,1,0,0,1,1,1,0,96.1,4391.45,0,2,5,0,4516.7,16.016666666666666,0,0.14809588744739632,0,Champions
1,0,0,1,15,1,0,0,0,0,0,0,0,0,1,0,1,19.65,270.6,0,1,1,0,294.75,9.825,0,0.04532092578040574,2,Fence Sitters
0,0,0,0,66,1,0,2,0,1,1,0,1,1,0,0,0,99.5,6710.5,1,3,5,0,6567.0,16.583333333333332,0,0.8247029738428826,0,Champions
1,1,1,0,68,1,0,1,0,1,1,1,0,0,1,1,2,60.65,3975.9,0,3,4,0,4124.2,12.13,0,0.03711616545531172,0,Champions
1,0,1,1,17,1,0,2,0,0,1,1,1,1,1,0,2,98.6,1704.95,1,1,5,0,1676.1999999999998,16.433333333333334,0,0.21766830501490242,0,Champions
1,0,0,0,7,1,0,1,0,0,0,1,1,0,0,1,1,59.5,415.95,1,0,3,1,416.5,14.875,1,0.3535274364889659,1,At Risk
0,1,1,0,12,1,0,2,0,0,0,0,0,1,0,1,0,80.45,950.2,1,0,2,1,965.4,26.816666666666663,1,0.804776561131976,1,At Risk
1,1,1,0,21,1,1,1,0,1,1,0,0,1,1,0,2,71.7,1497.05,0,1,4,0,1505.7,14.34,0,0.06922699170728269,0,Champions
0,0,0,0,21,0,0,1,0,1,0,1,0,0,0,1,1,36.0,780.15,0,1,2,0,756.0,12.0,0,0.2393028323947903,2,Fence Sitters
1,0,1,1,56,1,1,1,1,0,0,0,1,0,1,0,2,65.2,3512.15,0,3,3,0,3651.2,16.3,0,0.0354854838092439,0,Champions
1,0,1,1,6,1,1,1,0,0,0,0,0,0,0,1,3,48.95,273.25,0,0,1,1,293.70000000000005,24.475,1,0.21994124295156445,2,Fence Sitters
1,1,0,0,65,0,0,1,0,1,1,0,1,1,2,1,2,53.5,3517.9,0,3,4,0,3477.5,10.7,0,0.043862012930864724,0,Champions
0,0,1,0,42,1,1,1,1,0,0,1,1,1,1,0,3,80.45,3375.9,0,2,5,0,3378.9,13.408333333333331,0,0.15026542760549058,0,Champions
1,0,1,1,68,1,1,2,1,0,1,1,1,1,2,1,2,109.05,7508.55,0,3,6,0,7415.4,15.578571428571427,0,0.07926602104833994,0,Champions
0,0,1,1,48,1,1,0,0,0,0,0,0,0,2,0,2,26.3,1245.05,0,2,1,0,1262.4,13.15,0,0.02877551578636655,2,Fence Sitters
1,1,0,0,50,1,1,2,0,1,0,1,1,1,1,1,0,106.8,5347.95,0,3,5,0,5340.0,17.8,0,0.23017253906654114,0,Champions
1,1,0,0,7,1,0,1,0,1,1,0,1,0,0,1,0,64.95,493.65,0,0,4,1,454.65,12.99,1,0.13126857411747192,1,At Risk
1,0,1,1,63,1,0,0,0,0,0,0,0,0,2,0,0,19.35,1263.85,0,3,1,0,1219.0500000000002,9.675,0,0.016070566224368872,2,Fence Sitters
0,0,0,0,17,1,0,0,0,0,0,0,0,0,0,0,3,21.1,385.55,0,1,1,0,358.70000000000005,10.55,0,0.1541780398651584,2,Fence Sitters
1,0,1,1,42,1,0,2,0,0,0,0,1,0,0,1,3,77.95,3384.0,1,2,2,0,3273.9,25.98333333333333,0,0.41199863308830575,1,At Risk
0,0,1,1,4,1,0,0,0,0,0,0,0,0,0,0,1,18.85,84.2,0,0,1,1,75.4,9.425,1,0.10752222980363019,2,Fence Sitters
1,0,0,1,62,1,1,0,0,0,0,0,0,0,2,0,2,26.0,1638.7,0,3,1,0,1612.0,13.0,0,0.01204004472957253,2,Fence Sitters
0,1,0,0,2,1,0,2,0,1,0,0,0,0,0,1,0,74.7,165.4,1,0,2,1,149.4,24.9,1,0.794241909170379,1,At Risk
1,0,1,0,2,1,0,2,0,0,0,0,0,0,0,1,0,70.35,120.25,0,0,1,1,140.7,35.175,1,0.7042161315802845,1,At Risk
0,0,1,0,48,1,1,2,1,1,1,0,1,0,2,1,2,96.9,4473.45,0,2,5,0,4651.200000000001,16.150000000000002,0,0.0813920492722473,0,Champions
0,0,1,0,27,1,0,0,0,0,0,0,0,0,2,0,2,19.55,520.55,0,2,1,0,527.85,9.775,0,0.013289189331171266,2,Fence Sitters
1,0,1,1,70,1,0,1,0,1,1,1,1,1,2,1,2,80.4,5717.85,0,3,6,0,5628.0,11.485714285714286,0,0.02491842725790251,0,Champions
0,1,0,0,1,1,1,2,0,0,1,0,1,0,0,1,0,88.8,88.8,1,0,3,1,88.8,22.2,1,0.8961145804479954,1,At Risk
0,0,1,0,46,1,1,2,0,1,1,0,1,0,1,1,0,94.65,4312.5,0,2,4,0,4353.900000000001,18.93,0,0.35612282186144195,0,Champions
0,0,0,0,30,1,0,2,0,0,0,0,1,1,0,1,0,90.25,2755.35,1,2,3,0,2707.5,22.5625,0,0.854399538943676,1,At Risk
1,0,0,0,15,1,1,1,1,0,0,0,0,1,0,1,2,64.65,994.55,1,1,3,0,969.75,16.1625,0,0.2337211745852325,1,At Risk
0,0,1,1,69,1,1,2,0,1,1,0,1,0,1,0,3,95.75,6511.25,0,3,4,0,6606.75,19.15,0,0.0878550479897695,0,Champions
0,0,0,0,65,1,0,0,0,0,0,0,0,0,2,1,3,19.55,1218.65,0,3,1,0,1270.75,9.775,0,0.010363768485472545,2,Fence Sitters
0,1,1,1,72,1,0,2,1,0,1,1,1,1,2,1,3,104.1,7447.7,0,3,6,0,7495.2,14.87142857142857,0,0.03311326005343946,0,Champions
0,1,1,0,13,1,0,2,0,1,0,1,0,1,0,1,2,89.05,1169.35,1,1,4,0,1157.65,17.81,0,0.36195000174279823,1,At Risk
0,0,0,0,17,1,0,0,0,0,0,0,0,0,1,1,1,20.1,279.5,0,1,1,0,341.70000000000005,10.05,0,0.057669793461668666,2,Fence Sitters
0,0,1,0,51,1,1,2,1,0,1,1,1,1,1,1,0,111.55,5720.35,0,3,6,0,5689.05,15.935714285714283,0,0.41466050643931773,0,Champions
0,0,1,1,51,1,0,1,1,1,0,1,0,0,2,0,3,60.5,3121.45,0,3,4,0,3085.5,12.1,0,0.021057689195810574,0,Champions
1,0,1,0,72,1,1,1,1,1,1,1,1,1,2,1,2,90.95,6468.6,0,3,7,0,6548.400000000001,11.36875,0,0.0114493426639781,0,Champions
0,0,1,1,67,1,1,2,0,1,1,0,0,0,1,0,0,87.4,5918.8,1,3,3,0,5855.8,21.85,0,0.30293610617302597,0,Champions
0,0,0,0,34,1,0,0,0,0,0,0,0,0,0,0,1,19.7,675.6,0,2,1,0,669.8,9.85,0,0.17839455771698434,2,Fence Sitters
0,0,1,0,67,0,0,1,1,1,0,1,0,1,2,1,2,50.95,3521.7,0,3,4,0,3413.65,10.19,0,0.015217882114391172,0,Champions
1,0,1,0,49,1,0,0,0,0,0,0,0,0,1,1,2,20.05,923.1,0,3,1,0,982.45,10.025,0,0.02266619370309198,2,Fence Sitters
0,0,1,1,53,1,0,0,0,0,0,0,0,0,2,1,1,19.4,1110.35,0,3,1,0,1028.1999999999998,9.7,0,0.011697959111239687,2,Fence Sitters
0,0,0,0,27,1,1,1,0,0,1,1,0,0,0,0,0,59.45,1611.65,0,2,3,0,1605.15,14.8625,0,0.20184899751316568,2,Fence Sitters
1,1,0,0,23,1,0,2,0,1,0,0,1,1,0,1,0,94.75,2293.6,1,1,4,0,2179.25,18.95,0,0.6533218628935338,1,At Risk
0,0,0,0,69,1,1,1,1,1,1,1,0,1,2,1,3,81.5,5553.25,0,3,6,0,5623.5,11.642857142857142,0,0.02505385547186163,0,Champions
1,0,1,1,2,0,0,1,0,0,0,1,0,0,0,0,2,29.05,44.75,0,0,1,1,58.1,14.525,1,0.3487543231776528,2,Fence Sitters
1,0,0,0,35,1,1,2,0,0,0,0,1,0,0,1,0,86.45,3029.1,1,2,2,0,3025.75,28.816666666666663,0,0.8775165356637512,1,At Risk
1,0,1,0,46,1,0,1,1,1,0,1,0,1,1,0,1,70.6,3231.05,0,2,5,0,3247.6,11.766666666666666,0,0.09346646541366475,0,Champions
1,0,0,0,54,1,1,2,0,1,0,0,1,1,2,1,2,97.2,5129.45,0,3,4,0,5248.8,19.44,0,0.15614754775359962,0,Champions
1,0,1,0,56,1,1,2,0,1,0,0,1,1,1,1,0,98.25,5508.35,1,3,4,0,5502.0,19.65,0,0.23793340980852418,0,Champions
1,0,1,0,9,1,0,2,0,0,1,0,0,0,0,1,2,75.75,655.9,1,0,2,1,681.75,25.25,1,0.6792823058858067,1,At Risk
0,0,0,0,20,1,1,1,1,0,0,1,0,0,0,0,2,59.2,1191.2,0,1,3,0,1184.0,14.8,0,0.1776369600717445,2,Fence Sitters
0,0,0,0,11,1,0,2,0,1,0,0,0,0,0,1,1,75.9,866.4,0,0,2,1,834.9000000000001,25.3,1,0.8231938985467137,1,At Risk
1,1,1,0,30,1,1,2,0,1,0,0,1,0,0,1,0,90.05,2627.2,0,2,3,0,2701.5,22.5125,0,0.48697991135177354,1,At Risk
0,0,1,0,68,1,0,1,1,1,1,0,0,1,2,0,2,70.95,4741.45,0,3,5,0,4824.6,11.825,0,0.036383623257635854,0,Champions
0,1,1,0,38,1,1,2,0,1,1,0,1,1,0,1,0,102.6,4009.2,0,2,5,0,3898.8,17.099999999999998,0,0.7079038950673049,0,Champions
1,1,1,0,17,1,1,2,1,0,1,0,0,0,0,1,2,85.35,1463.45,1,1,3,0,1450.9499999999998,21.3375,0,0.31134057890355304,1,At Risk
0,0,0,0,48,1,1,2,0,1,1,0,1,1,1,1,3,106.1,5082.8,1,2,5,0,5092.799999999999,17.683333333333334,0,0.5948477751998611,0,Champions
1,0,0,0,1,1,0,1,0,0,0,0,0,0,0,0,0,43.8,43.8,0,0,1,1,43.8,21.9,1,0.7338055264631994,1,At Risk
0,0,1,1,63,0,0,1,1,1,1,0,1,1,2,0,0,59.0,3707.6,0,3,5,0,3717.0,9.833333333333334,0,0.04946774119292807,0,Champions
1,0,0,0,3,1,0,1,0,0,1,0,1,1,1,1,0,69.95,220.45,0,0,4,1,209.85,13.99,0,0.16957163351086302,1,At Risk
1,0,0,0,48,1,1,0,0,0,0,0,0,0,1,0,2,24.35,1133.7,0,2,1,0,1168.8000000000002,12.175,0,0.06551769347197434,2,Fence Sitters
0,0,0,0,66,0,0,1,0,0,0,1,0,0,1,0,3,29.45,1983.15,0,3,1,0,1943.7,14.725,0,0.09399289327034388,2,Fence Sitters
1,0,1,1,68,1,1,2,0,1,1,0,0,0,2,1,3,84.4,5746.75,0,3,3,0,5739.200000000001,21.1,0,0.03275020553796747,0,Champions
0,1,0,0,17,1,0,1,0,0,0,0,0,0,0,1,0,45.05,770.6,1,1,1,0,765.8499999999999,22.525,0,0.6339826288592236,1,At Risk
1,0,1,1,7,1,0,0,0,0,0,0,0,0,1,0,1,20.65,134.05,0,0,1,1,144.54999999999998,10.325,0,0.05079952412929113,2,Fence Sitters
0,0,1,0,72,1,1,1,1,1,1,1,1,1,2,1,2,87.1,6230.1,0,3,7,0,6271.2,10.8875,0,0.007637756935547639,0,Champions
1,0,1,0,29,1,0,0,0,0,0,0,0,0,0,0,1,19.85,573.05,0,2,1,0,575.6500000000001,9.925,0,0.13915166547320298,2,Fence Sitters
0,0,1,0,37,1,0,2,0,0,1,1,0,1,0,1,0,90.35,3419.3,0,2,4,0,3342.95,18.07,0,0.3054200919794044,0,Champions
1,0,0,0,34,1,1,2,1,1,1,0,1,1,0,1,1,109.8,3587.25,1,2,6,0,3733.2,15.685714285714283,0,0.3228485825602911,0,Champions
1,1,0,0,42,1,1,2,0,0,0,0,1,0,0,1,0,84.65,3541.35,1,2,2,0,3555.3,28.21666666666667,0,0.7450630479566398,1,At Risk
1,0,1,1,59,1,1,1,1,1,0,1,0,0,1,0,1,65.5,3801.3,0,3,4,0,3864.5,13.1,0,0.029667319862849727,0,Champions
0,0,1,1,11,1,0,2,0,0,0,0,1,0,0,1,2,79.5,868.5,1,0,2,1,874.5,26.5,1,0.7248283238989296,1,At Risk
0,1,1,1,60,1,1,2,1,0,0,0,0,0,0,1,0,80.95,4859.1,0,3,2,0,4857.0,26.98333333333333,0,0.07370284811676202,0,Champions
1,0,0,0,27,1,0,1,0,1,0,1,0,0,0,1,1,56.15,1439.35,0,2,3,0,1516.05,14.0375,0,0.19706829078758964,2,Fence Sitters
1,0,0,0,1,1,1,2,0,0,0,0,0,1,0,0,1,85.8,85.8,1,0,2,1,85.8,28.6,1,0.9489957249709166,1,At Risk
0,1,0,0,1,1,0,2,0,0,0,0,1,0,0,1,0,79.1,79.1,1,0,2,1,79.1,26.366666666666664,1,0.9431232647078505,1,At Risk
0,0,1,0,17,0,0,1,1,0,1,0,0,0,0,0,1,34.4,592.75,0,1,2,0,584.8,11.466666666666669,0,0.3115509070742539,2,Fence Sitters
0,0,1,0,58,1,0,0,0,0,0,0,0,0,2,0,1,20.75,1185.95,0,3,1,0,1203.5,10.375,0,0.01676985620983175,2,Fence Sitters
0,0,1,1,1,1,0,0,0,0,0,0,0,0,1,0,1,18.8,18.8,0,0,1,1,18.8,9.4,0,0.0450318610009119,2,Fence Sitters
1,0,1,1,3,1,0,1,0,0,0,0,0,0,0,0,1,44.3,134.5,1,0,1,1,132.89999999999998,22.15,1,0.5042271695678106,1,At Risk
1,0,0,0,53,1,1,2,1,1,1,0,0,0,0,0,0,90.8,4921.2,0,3,4,0,4812.4,18.16,0,0.26945773749577095,0,Champions
0,0,0,0,35,1,1,0,0,0,0,0,0,0,0,1,0,25.6,901.25,0,2,1,0,896.0,12.8,0,0.44335722189936316,2,Fence Sitters
0,0,1,1,50,1,1,2,1,0,1,0,1,1,0,0,3,105.95,5341.8,1,3,5,0,5297.5,17.658333333333335,0,0.5910204386394471,0,Champions
0,0,1,1,68,1,1,1,0,1,0,1,0,1,2,0,3,70.8,4859.95,0,3,4,0,4814.4,14.16,0,0.01951723356145957,0,Champions
0,0,1,0,47,1,1,0,0,0,0,0,0,0,0,0,0,25.4,1139.2,0,2,1,0,1193.8,12.7,0,0.4586841364621948,2,Fence Sitters
1,1,1,0,65,1,1,2,0,1,1,0,1,1,0,1,2,108.8,7082.45,0,3,5,0,7072.0,18.133333333333333,0,0.4275072086229766,0,Champions
0,0,0,0,5,1,0,2,0,0,0,0,0,0,0,1,0,69.75,324.6,1,0,1,1,348.75,34.875,1,0.8715693267050927,1,At Risk
0,0,1,0,51,1,1,2,0,0,0,0,1,1,0,1,0,94.65,4812.75,1,3,3,0,4827.150000000001,23.6625,0,0.7726316324728771,1,At Risk
1,0,0,0,46,1,1,2,0,0,0,0,1,1,0,0,2,96.05,4399.5,1,2,3,0,4418.3,24.0125,0,0.7779232940026607,1,At Risk
1,0,0,0,9,1,1,2,0,0,0,0,0,0,0,1,0,76.85,663.55,0,0,1,1,691.65,38.425,1,0.7821497043572722,1,At Risk
1,0,0,0,8,1,0,0,0,0,0,0,0,0,2,0,1,20.25,174.65,0,0,1,1,162.0,10.125,0,0.03243735634421221,2,Fence Sitters
0,0,0,0,14,1,1,0,0,0,0,0,0,0,1,1,3,24.8,321.7,0,1,1,0,347.2,12.4,0,0.09013896704874762,2,Fence Sitters
1,0,0,0,45,1,1,2,1,1,1,1,1,1,0,1,0,115.65,5125.5,0,2,7,0,5204.25,14.45625,0,0.3083465735311944,0,Champions
1,0,0,0,8,1,1,2,0,0,0,0,0,0,0,1,3,74.6,548.9,0,0,1,1,596.8,37.3,1,0.5663187012080982,1,At Risk
0,1,0,1,1,1,0,1,0,0,1,0,0,0,0,1,1,50.15,50.15,1,0,2,1,50.15,16.716666666666665,1,0.7898005101360095,1,At Risk
0,0,1,1,66,1,0,2,1,1,1,0,1,1,1,1,2,103.15,7031.3,0,3,6,0,6807.900000000001,14.735714285714286,0,0.15217136270900852,0,Champions
0,0,1,1,72,1,1,1,1,1,1,1,0,0,2,0,3,72.1,5016.65,0,3,5,0,5191.2,12.016666666666666,0,0.008280569773188836,0,Champions
1,0,1,0,41,1,1,2,1,1,1,1,1,1,0,1,2,113.6,4594.95,1,2,7,0,4657.599999999999,14.2,0,0.4163320964165744,0,Champions
1,0,1,1,23,1,1,0,0,0,0,0,0,0,2,0,1,25.1,611.45,0,1,1,0,577.3000000000001,12.55,0,0.019137169197619108,2,Fence Sitters
1,0,0,0,29,1,0,2,0,0,0,0,1,0,0,1,0,78.9,2384.15,1,2,2,0,2288.1000000000004,26.3,0,0.8257351409895408,1,At Risk
1,0,0,0,4,1,1,2,1,0,0,0,0,0,0,1,0,80.15,319.85,0,0,2,1,320.6,26.71666666666667,1,0.3977782345200471,1,At Risk
0,0,1,1,6,1,1,0,0,0,0,0,0,0,2,0,1,25.4,153.3,0,0,1,1,152.39999999999998,12.7,0,0.03639941454007372,2,Fence Sitters
1,1,1,0,67,1,1,2,1,1,1,1,0,1,1,1,3,105.4,7035.6,0,3,6,0,7061.8,15.05714285714286,0,0.18254100651106486,0,Champions
0,1,0,1,7,1,0,1,0,0,0,0,0,0,0,1,1,45.75,344.2,0,0,1,1,320.25,22.875,1,0.4199893616062574,1,At Risk
0,0,1,1,56,1,1,0,0,0,0,0,0,0,1,1,1,24.45,1431.65,0,3,1,0,1369.2,12.225,0,0.02552850489652392,2,Fence Sitters
1,0,1,0,72,1,1,0,0,0,0,0,0,0,2,0,3,25.0,1849.2,0,3,1,0,1800.0,12.5,0,0.007121713497669941,2,Fence Sitters
0,0,1,0,72,1,1,1,1,1,1,0,1,1,2,1,0,85.25,6083.1,0,3,6,0,6138.0,12.178571428571429,0,0.024048326218251915,0,Champions
0,0,1,1,23,1,0,0,0,0,0,0,0,0,2,0,3,19.6,426.65,0,1,1,0,450.8,9.8,0,0.010196725841190694,2,Fence Sitters
1,0,0,1,35,1,1,1,0,0,0,0,0,0,0,0,1,50.15,1655.35,0,2,1,0,1755.25,25.075,0,0.1481035590126812,2,Fence Sitters
0,1,1,0,27,1,0,2,0,0,0,0,0,0,0,1,0,70.55,1943.9,0,2,1,0,1904.85,35.275,0,0.5125764815084027,1,At Risk
1,0,1,1,26,1,1,1,0,1,0,1,0,0,0,1,0,60.05,1616.15,1,2,3,0,1561.3,15.0125,0,0.09298881931873822,2,Fence Sitters
0,0,1,1,12,1,1,0,0,0,0,0,0,0,1,0,1,26.4,314.95,0,0,1,1,316.79999999999995,13.2,0,0.12119821314074161,2,Fence Sitters
1,0,0,0,40,1,0,0,0,0,0,0,0,0,2,0,1,20.15,804.85,0,2,1,0,806.0,10.075,0,0.02071549477841482,2,Fence Sitters
0,0,1,1,7,0,0,1,1,1,1,0,1,1,0,0,1,58.85,465.7,0,0,5,1,411.95,9.808333333333334,1,0.18642635052611406,0,Champions
0,0,1,1,70,1,1,2,1,1,0,0,1,0,0,1,3,97.55,6669.05,0,3,4,0,6828.5,19.51,0,0.09397423366790104,0,Champions
0,0,1,1,60,1,0,0,0,0,0,0,0,0,2,0,3,19.65,1161.75,0,3,1,0,1179.0,9.825,0,0.012604237866247106,2,Fence Sitters
0,0,1,1,39,0,0,1,0,0,0,0,0,0,1,1,3,25.25,947.75,0,2,0,0,984.75,25.25,0,0.04960367664530477,2,Fence Sitters
0,0,1,0,72,1,1,2,1,1,1,1,1,1,2,0,3,114.45,8375.05,0,3,7,0,8240.4,14.30625,0,0.02790145216901849,0,Champions
1,0,0,0,1,0,0,1,0,0,0,0,1,0,0,1,0,34.7,34.7,1,0,1,1,34.7,17.35,1,0.9198064509838931,1,At Risk
0,0,1,1,54,1,1,1,0,1,0,1,1,0,1,1,0,70.7,3770.0,0,3,4,0,3817.8,14.14,0,0.047253507381959665,0,Champions
0,0,0,0,3,1,1,2,0,0,0,0,0,1,0,1,0,85.3,264.8,1,0,2,1,255.9,28.433333333333334,1,0.9190500017433613,1,At Risk
1,0,1,1,63,1,0,1,1,1,1,1,1,0,2,0,3,75.55,4707.85,0,3,6,0,4759.65,10.792857142857144,0,0.020853690765787167,0,Champions
0,0,1,1,71,1,1,2,0,1,0,1,0,0,2,1,0,84.8,6152.4,0,3,3,0,6020.8,21.2,0,0.03875187607859442,0,Champions
1,0,0,0,42,1,0,0,0,0,0,0,0,0,1,1,1,20.65,958.1,0,2,1,0,867.3,10.325,0,0.03256017156324879,2,Fence Sitters
0,0,0,0,47,1,0,0,0,0,0,0,0,0,2,0,2,20.45,943.0,0,2,1,0,961.15,10.225,0,0.017865864925590016,2,Fence Sitters
1,0,1,1,66,1,1,2,0,1,1,0,1,1,1,1,3,102.45,6615.15,1,3,5,0,6761.7,17.075,0,0.17005310565491585,0,Champions
1,0,1,0,21,1,1,2,1,0,1,0,1,1,0,1,2,104.4,2200.25,1,1,5,0,2192.4,17.400000000000002,0,0.6433138892609533,1,At Risk
0,0,0,0,11,0,0,1,0,1,0,1,0,0,0,1,0,35.65,425.1,0,0,2,1,392.15,11.883333333333333,1,0.21870852772902355,2,Fence Sitters
0,0,0,1,1,1,1,2,0,0,1,0,1,1,0,1,0,99.75,99.75,1,0,4,1,99.75,19.95,1,0.9375831145523245,1,At Risk
1,1,1,0,55,1,1,2,0,1,1,1,0,0,0,0,0,90.45,5044.8,0,3,4,0,4974.75,18.09,0,0.25861348060358486,0,Champions
0,0,0,0,69,1,1,2,0,1,1,1,1,0,2,1,3,97.65,6743.55,0,3,5,0,6737.85,16.275000000000002,0,0.1507192749810261,0,Champions
1,1,0,0,3,1,0,2,0,0,1,0,0,0,0,0,0,73.85,196.4,0,0,2,1,221.55,24.616666666666664,1,0.7276869517350854,1,At Risk
0,0,0,0,4,1,0,1,0,0,1,1,1,1,0,1,0,74.4,299.7,1,0,5,1,297.6,12.4,1,0.36534580421326507,1,At Risk
0,1,0,0,30,1,1,1,0,0,1,1,1,0,2,1,3,69.1,2093.9,0,2,4,0,2073.0,13.82,0,0.028235023030924445,0,Champions
1,0,0,0,5,1,1,2,0,0,1,1,0,0,0,1,0,82.75,417.75,0,0,3,1,413.75,20.6875,1,0.8455663874512416,1,At Risk
1,0,1,0,71,1,1,0,0,0,0,0,0,0,2,1,3,24.4,1725.4,0,3,1,0,1732.4,12.2,0,0.006844608341614159,2,Fence Sitters
1,0,0,0,29,1,1,1,0,1,0,0,0,0,1,1,0,55.25,1620.2,0,2,2,0,1602.25,18.416666666666668,0,0.06957613980872099,2,Fence Sitters
0,0,1,0,52,1,1,1,0,1,0,1,0,0,0,0,2,61.35,3169.55,0,3,3,0,3190.2000000000003,15.3375,0,0.10643866393920962,0,Champions
0,0,0,0,68,1,1,1,1,1,1,0,0,1,1,0,3,76.75,5233.25,0,3,5,0,5219.0,12.791666666666666,0,0.22091231376751796,0,Champions
1,0,1,1,46,1,0,0,0,0,0,0,0,0,2,0,1,19.4,967.85,0,2,1,0,892.4,9.7,0,0.014107085022619564,2,Fence Sitters
0,0,0,0,8,1,0,1,0,0,0,0,0,1,0,1,3,54.75,438.05,0,0,2,1,438.0,18.25,1,0.41088036447503823,1,At Risk
0,0,1,0,72,1,0,0,0,0,0,0,0,0,2,0,3,19.7,1421.9,0,3,1,0,1418.4,9.85,0,0.005067993702298104,2,Fence Sitters
1,0,0,0,17,1,0,0,0,0,0,0,0,0,1,0,2,19.9,323.15,0,1,1,0,338.29999999999995,9.95,0,0.04932746966995583,2,Fence Sitters
0,0,0,0,3,1,0,2,0,1,1,1,1,1,0,1,0,107.95,318.6,0,0,6,1,323.85,15.421428571428573,1,0.644104134979653,1,At Risk
1,1,0,0,2,1,0,2,0,1,0,0,1,0,0,1,2,83.8,163.7,0,0,3,1,167.6,20.95,1,0.7265278293425589,1,At Risk
1,0,0,0,9,1,0,2,1,0,0,0,0,0,0,1,3,74.25,639.65,1,0,2,1,668.25,24.75,1,0.45817739077295083,1,At Risk
1,0,0,0,51,0,0,1,0,1,1,0,1,1,1,1,3,56.4,2928.5,0,3,4,0,2876.4,11.28,0,0.16655282917172265,0,Champions
1,0,1,1,6,1,0,0,0,0,0,0,0,0,2,0,1,20.1,100.35,0,0,1,1,120.6,10.05,0,0.02275891502425822,2,Fence Sitters
1,0,1,0,3,1,1,2,0,0,0,0,1,1,0,0,0,94.9,273.2,0,0,3,1,284.70000000000005,23.725,1,0.8640607215423859,1,At Risk
1,1,0,0,17,1,1,2,0,0,0,0,1,1,0,1,0,94.2,1608.15,0,1,3,0,1601.4,23.55,0,0.7614714183117025,1,At Risk
0,0,1,0,30,1,1,1,0,0,0,0,0,0,0,0,0,49.9,1441.95,0,2,1,0,1497.0,24.95,0,0.4148186045692515,2,Fence Sitters
0,0,0,0,31,1,1,1,0,1,0,1,1,0,0,1,0,71.05,2168.15,0,2,4,0,2202.55,14.21,0,0.16488541169914891,0,Champions
1,0,0,0,45,1,0,1,1,0,1,1,1,1,2,0,2,81.65,3618.7,0,2,6,0,3674.250000000001,11.664285714285716,0,0.020311581845509366,0,Champions
0,0,1,0,64,1,1,2,1,1,1,0,0,0,1,0,2,89.45,5692.65,0,3,4,0,5724.8,17.89,0,0.1822123840537464,0,Champions
0,0,0,0,1,1,1,1,0,0,0,0,1,0,0,1,0,59.85,59.85,1,0,2,1,59.85,19.95,1,0.8380840514349782,1,At Risk
1,1,0,0,1,1,0,2,0,0,0,0,0,0,0,1,0,69.6,69.6,1,0,1,1,69.6,34.8,1,0.9457013118673095,1,At Risk
0,1,1,1,61,1,1,2,0,1,0,0,1,1,1,0,0,99.0,5969.3,0,3,4,0,6039.0,19.8,0,0.17513585079305763,0,Champions
0,0,0,0,1,1,0,0,0,0,0,0,0,0,0,0,1,19.05,19.05,0,0,1,1,19.05,9.525,1,0.33023895056693403,2,Fence Sitters
0,0,0,0,9,0,0,1,0,0,0,0,1,1,0,1,0,45.4,418.8,1,0,2,1,408.6,15.133333333333333,1,0.8604026260167211,1,At Risk
0,0,1,1,72,1,1,2,1,1,1,1,1,1,2,0,2,114.45,8100.55,0,3,7,0,8240.4,14.30625,0,0.01372676029883251,0,Champions
1,0,0,0,1,1,0,0,0,0,0,0,0,0,0,0,1,19.5,19.5,1,0,1,1,19.5,9.75,1,0.5585409147390626,1,At Risk
1,0,1,0,7,1,0,1,0,0,0,0,0,0,0,1,1,44.25,313.45,0,0,1,1,309.75,22.125,1,0.4576237721406821,1,At Risk
1,0,1,0,66,1,1,2,0,1,1,1,0,0,1,1,2,90.55,6130.95,0,3,4,0,5976.3,18.11,0,0.13441696442242432,0,Champions
0,0,0,0,1,1,0,2,0,0,0,0,0,0,0,1,0,69.9,69.9,1,0,1,1,69.9,34.95,1,0.9324956925473729,1,At Risk
0,0,1,1,40,1,0,0,0,0,0,0,0,0,0,1,2,20.4,745.3,0,2,1,0,816.0,10.2,0,0.06197054665987626,2,Fence Sitters
0,0,0,0,16,1,1,1,0,1,1,0,0,1,0,1,2,71.4,1212.1,0,1,4,0,1142.4,14.28,0,0.5165092347682717,1,At Risk
1,0,0,0,2,1,0,2,0,1,0,0,1,0,0,1,2,87.15,183.75,1,0,3,1,174.3,21.7875,1,0.7538532624932962,1,At Risk
0,0,1,0,67,1,1,0,0,0,0,0,0,0,2,0,3,24.85,1583.5,0,3,1,0,1664.95,12.425,0,0.010335481939649553,2,Fence Sitters
1,0,1,0,41,1,0,2,1,1,1,0,1,1,1,1,2,104.45,4162.05,0,2,6,0,4282.45,14.921428571428573,0,0.17278637227473678,0,Champions
1,0,1,1,56,1,0,0,0,0,0,0,0,0,2,1,3,19.8,1119.9,0,3,1,0,1108.8,9.9,0,0.012758739580709914,2,Fence Sitters
1,0,0,0,72,1,1,2,1,1,1,1,1,1,2,1,2,116.45,8013.55,0,3,7,0,8384.4,14.55625,0,0.02274770760554029,0,Champions
1,0,1,1,3,1,1,2,0,0,0,0,0,1,0,1,2,84.75,264.85,1,0,2,1,254.25,28.25,1,0.7956263154263488,1,At Risk
1,0,1,0,54,1,0,0,0,0,0,0,0,0,2,0,3,20.05,1102.4,0,3,1,0,1082.7,10.025,0,0.01343507083624328,2,Fence Sitters
0,1,0,0,52,1,1,2,0,1,1,1,1,1,0,1,0,110.75,5832.0,0,3,6,0,5759.0,15.821428571428571,0,0.48296736882095403,0,Champions
1,0,0,0,50,1,0,2,0,0,1,1,0,1,2,1,2,89.7,4304.5,0,3,4,0,4485.0,17.94,0,0.06023959364497094,0,Champions
0,0,0,0,14,1,1,2,0,0,0,1,1,0,0,1,0,89.95,1178.4,1,1,3,0,1259.3,22.4875,0,0.7016113882135855,1,At Risk
0,0,1,0,27,1,0,1,1,0,0,0,0,0,1,0,3,48.7,1421.75,0,2,2,0,1314.9,16.233333333333334,0,0.10183611243760073,2,Fence Sitters
1,1,1,0,72,1,1,2,1,1,1,1,0,0,2,1,2,96.6,6827.5,0,3,5,0,6955.2,16.099999999999998,0,0.022345452919172663,0,Champions
0,0,0,0,62,1,0,1,1,1,0,0,1,1,1,1,3,74.3,4698.05,0,3,5,0,4606.599999999999,12.383333333333333,0,0.12486110605892192,0,Champions
1,0,0,0,12,1,0,1,0,1,0,1,0,0,0,1,0,54.3,654.5,0,0,3,1,651.5999999999999,13.575,1,0.25412549381298893,2,Fence Sitters
1,1,0,0,44,1,0,1,0,0,1,1,1,1,1,0,2,74.85,3268.05,0,2,5,0,3293.4,12.475,0,0.07868867458908964,0,Champions
0,0,1,1,54,1,0,2,0,1,0,1,0,0,2,1,2,79.95,4362.05,0,3,3,0,4317.3,19.9875,0,0.02130287099175182,0,Champions
1,0,0,0,68,1,0,0,0,0,0,0,0,0,2,0,2,20.05,1386.9,0,3,1,0,1363.4,10.025,0,0.009973716089089781,2,Fence Sitters
0,0,0,0,20,1,0,0,0,0,0,0,0,0,0,0,1,19.4,415.4,0,1,1,0,388.0,9.7,0,0.1963225284812812,2,Fence Sitters
0,0,1,1,50,1,1,1,0,0,1,0,0,0,1,0,2,54.9,2614.1,0,3,2,0,2745.0,18.3,0,0.11967818995643398,2,Fence Sitters
0,0,0,0,58,1,1,0,0,0,0,0,0,0,2,1,3,24.45,1513.6,0,3,1,0,1418.1,12.225,0,0.01601984265160895,2,Fence Sitters
0,0,1,1,35,1,1,2,0,1,0,0,1,0,0,1,2,89.65,3161.6,0,2,3,0,3137.75,22.4125,0,0.2988513184330896,0,Champions
1,0,0,0,2,1,0,1,0,0,0,0,0,0,0,1,0,45.4,80.95,0,0,1,1,90.8,22.7,1,0.747586526088113,1,At Risk
0,0,1,1,63,1,1,1,1,0,1,1,0,1,2,0,1,75.7,4676.7,0,3,5,0,4769.1,12.616666666666667,0,0.01950438263821855,0,Champions
1,0,1,0,58,1,1,2,1,1,1,0,1,1,1,1,3,110.65,6526.65,0,3,6,0,6417.700000000001,15.80714285714286,0,0.1923339114903728,0,Champions
1,0,1,1,27,1,0,0,0,0,0,0,0,0,1,1,1,20.55,583.3,0,2,1,0,554.85,10.275,0,0.023551623039578185,2,Fence Sitters
1,0,1,0,71,1,1,2,1,1,1,1,1,1,2,1,3,115.15,8078.1,0,3,7,0,8175.650000000001,14.39375,0,0.025029478365967854,0,Champions
1,0,0,0,63,1,0,1,0,0,1,0,0,1,1,0,3,58.55,3503.5,0,3,3,0,3688.65,14.6375,0,0.06231735776696854,0,Champions
0,0,1,0,71,1,1,2,0,1,1,0,0,1,0,1,2,93.25,6669.45,0,3,4,0,6620.75,18.65,0,0.23324426631441403,0,Champions
1,1,0,0,41,1,1,2,1,1,1,0,1,1,0,1,0,113.2,4689.5,1,2,6,0,4641.2,16.17142857142857,0,0.3842434166284323,0,Champions
0,1,0,0,13,1,0,2,0,0,0,0,1,1,0,1,0,90.5,1201.15,1,1,3,0,1176.5,22.625,0,0.8370597718076291,1,At Risk
0,0,0,0,2,1,0,2,0,0,0,0,1,0,0,0,0,79.0,143.65,1,0,2,1,158.0,26.33333333333333,1,0.9418868253143082,1,At Risk
1,0,1,1,68,1,0,0,0,0,0,0,0,0,2,1,2,19.35,1292.65,0,3,1,0,1315.8000000000002,9.675,0,0.008702761783058354,2,Fence Sitters
0,0,1,1,1,1,0,1,1,0,0,0,0,0,0,1,1,48.75,48.75,0,0,2,1,48.75,16.25,1,0.6033428900742696,1,At Risk
0,1,0,0,65,1,1,2,1,0,1,1,1,1,2,1,0,109.05,7108.2,0,3,6,0,7088.25,15.578571428571427,0,0.12691950133902358,0,Champions
0,1,1,0,72,1,1,0,0,0,0,0,0,0,2,1,2,25.0,1802.55,0,3,1,0,1800.0,12.5,0,0.008948623035450473,2,Fence Sitters
1,0,0,0,28,1,1,1,0,0,0,1,0,0,0,1,3,54.9,1505.15,0,2,2,0,1537.2,18.3,0,0.1607588766987288,2,Fence Sitters
0,0,1,1,72,1,1,0,0,0,0,0,0,0,2,0,3,24.75,1859.1,0,3,1,0,1782.0,12.375,0,0.005594529688080213,2,Fence Sitters
1,0,0,0,2,1,0,2,1,1,0,0,1,0,0,1,0,91.15,168.5,0,0,4,1,182.3,18.23,1,0.5347051209321345,1,At Risk
1,0,0,1,18,1,0,0,0,0,0,0,0,0,1,0,2,20.15,390.85,1,1,1,0,362.7,10.075,0,0.045668301358700494,2,Fence Sitters
0,1,1,0,60,1,1,2,0,1,1,0,1,1,1,1,0,104.35,6339.45,0,3,5,0,6261.0,17.391666666666666,0,0.3495191722566921,0,Champions
1,1,0,0,26,1,1,1,0,0,0,1,0,1,0,1,0,66.05,1652.4,0,2,3,0,1717.3,16.5125,0,0.2122959726355578,2,Fence Sitters
0,0,0,1,1,1,0,2,0,0,0,0,0,0,0,1,0,71.65,71.65,1,0,1,1,71.65,35.825,1,0.9064303535101761,1,At Risk
1,0,0,0,4,1,0,0,0,0,0,0,0,0,0,0,1,20.35,77.5,1,0,1,1,81.4,10.175,1,0.2991786851091392,2,Fence Sitters
0,0,1,1,68,1,1,1,1,1,1,1,1,1,2,1,3,92.2,6392.85,0,3,7,0,6269.6,11.525,0,0.03056764185453767,0,Champions
1,0,0,0,38,1,0,2,0,1,1,1,0,0,0,1,3,84.25,3264.5,1,2,4,0,3201.5,16.85,0,0.32866714216985127,0,Champions
1,1,1,0,42,1,1,2,1,0,1,0,1,1,1,1,2,105.2,4599.15,0,2,5,0,4418.400000000001,17.533333333333335,0,0.3371146594147139,0,Champions
1,0,1,0,57,1,0,0,0,0,0,0,0,0,2,1,2,19.6,1134.25,0,3,1,0,1117.2,9.8,0,0.015996727116310484,2,Fence Sitters
0,0,1,0,54,0,0,1,0,1,0,0,0,0,0,0,0,30.4,1621.35,0,3,1,0,1641.6,15.2,0,0.4889844776833402,2,Fence Sitters
1,0,0,0,12,1,0,2,0,0,0,0,0,1,0,0,2,78.1,947.3,1,0,2,1,937.2,26.03333333333333,1,0.7818472423971954,1,At Risk
1,0,1,0,44,1,0,1,1,1,1,0,0,0,1,1,1,61.5,2722.2,0,2,4,0,2706.0,12.3,0,0.05889898189592554,0,Champions
0,0,1,1,42,1,1,1,1,1,0,0,1,0,0,1,2,69.4,3058.3,0,2,4,0,2914.8,13.88,0,0.08958313801483953,0,Champions
0,0,1,1,72,1,1,0,0,0,0,0,0,0,2,0,2,24.75,1769.6,0,3,1,0,1782.0,12.375,0,0.008009175028468754,2,Fence Sitters
1,0,1,1,71,1,1,1,1,1,1,1,1,1,2,0,1,91.05,6293.75,0,3,7,0,6464.55,11.38125,0,0.014094633019220811,0,Champions
1,0,1,0,19,1,1,2,0,0,1,0,0,1,0,0,1,89.65,1761.05,1,1,3,0,1703.35,22.4125,0,0.57171070078567,1,At Risk
1,0,1,0,23,1,1,1,0,0,0,1,1,1,0,1,3,73.65,1642.75,0,1,4,0,1693.95,14.73,0,0.1663533282681063,0,Champions
1,0,0,0,30,1,0,0,0,0,0,0,0,0,2,0,3,19.4,578.5,0,2,1,0,582.0,9.7,0,0.015290832493919512,2,Fence Sitters
0,0,0,0,35,1,1,0,0,0,0,0,0,0,1,0,2,26.2,954.9,0,2,1,0,917.0,13.1,0,0.14025304469308766,2,Fence Sitters
1,0,0,0,10,1,1,2,1,0,0,0,1,1,0,1,0,98.7,973.25,1,0,4,1,987.0,19.74,1,0.8372160268339074,1,At Risk
0,0,0,0,1,1,0,1,0,0,0,0,0,0,0,1,2,43.85,43.85,0,0,1,1,43.85,21.925,1,0.6040244489670878,1,At Risk
0,0,0,0,22,1,0,2,0,0,0,0,0,0,0,1,1,69.7,1490.4,0,1,1,0,1533.4,34.85,0,0.6716426500048589,1,At Risk
0,0,1,1,7,0,0,1,1,1,1,0,0,0,2,0,1,38.55,280.0,0,0,3,1,269.85,9.6375,0,0.01701880465460443,2,Fence Sitters
1,0,0,0,36,0,0,1,1,1,1,1,0,1,2,1,1,53.1,1901.25,0,2,5,0,1911.6,8.85,0,0.0398439401031656,0,Champions
1,0,1,1,34,1,0,0,0,0,0,0,0,0,0,0,1,20.65,716.4,0,2,1,0,702.0999999999999,10.325,0,0.07042161359254119,2,Fence Sitters
0,0,1,1,72,1,1,1,1,1,1,0,0,0,2,0,3,64.45,4720.0,0,3,4,0,4640.400000000001,12.89,0,0.008985453213885311,0,Champions
0,0,1,1,36,1,1,0,0,0,0,0,0,0,2,0,3,25.1,930.95,0,2,1,0,903.6,12.55,0,0.0203204340616847,2,Fence Sitters
1,0,0,0,1,1,0,2,0,0,1,0,0,0,0,0,0,76.35,76.35,1,0,2,1,76.35,25.45,1,0.9049720447564678,1,At Risk
1,0,0,0,23,1,1,2,0,1,0,0,0,0,0,1,0,79.15,1676.95,1,1,2,0,1820.45,26.383333333333336,0,0.647443988380299,1,At Risk
0,1,1,0,32,1,1,2,0,0,0,0,0,1,0,1,0,85.0,2642.05,1,2,2,0,2720.0,28.33333333333333,0,0.7508085955295646,1,At Risk
1,0,1,1,71,1,1,2,1,1,1,1,0,0,1,1,3,95.15,6770.85,0,3,5,0,6755.650000000001,15.858333333333334,0,0.03583498772129735,0,Champions
1,1,0,0,23,1,1,2,0,0,1,0,0,0,0,1,1,79.35,1835.3,0,1,2,0,1825.05,26.45,0,0.4108596077262907,1,At Risk
0,0,1,0,17,1,0,2,0,0,1,0,1,1,1,1,2,96.65,1588.25,0,1,4,0,1643.0500000000002,19.33,0,0.5222530225893902,1,At Risk
0,0,0,0,1,1,0,1,0,0,1,1,1,1,0,1,0,75.5,75.5,0,0,5,1,75.5,12.583333333333334,1,0.5648680509333207,1,At Risk
0,0,1,1,12,1,0,0,0,0,0,0,0,0,2,0,1,19.7,258.35,0,0,1,1,236.4,9.85,0,0.021402060784404774,2,Fence Sitters
1,0,1,0,72,1,0,0,0,0,0,0,0,0,2,0,3,20.5,1502.25,0,3,1,0,1476.0,10.25,0,0.004486810920373624,2,Fence Sitters
0,0,0,0,1,1,0,0,0,0,0,0,0,0,0,0,1,19.2,19.2,0,0,1,1,19.2,9.6,1,0.33023895056693403,2,Fence Sitters
0,1,1,0,72,1,1,2,0,1,0,0,1,1,2,0,2,98.35,6929.4,0,3,4,0,7081.2,19.67,0,0.10060549928386334,0,Champions
0,0,1,1,60,1,1,2,0,0,0,0,0,0,0,0,2,74.35,4453.3,0,3,1,0,4461.0,37.175,0,0.2699432007024769,2,Fence Sitters
1,0,1,1,61,0,0,1,0,1,1,1,1,0,2,0,3,51.35,3244.4,0,3,4,0,3132.35,10.27,0,0.012705230884713429,0,Champions
1,0,1,0,6,1,0,1,0,0,0,0,0,0,0,0,1,45.65,323.45,0,0,1,1,273.9,22.825,1,0.5331267632631345,1,At Risk
0,1,1,0,32,1,1,2,0,0,0,0,0,1,0,0,0,85.3,2661.1,1,2,2,0,2729.6,28.433333333333334,0,0.7482258880654511,1,At Risk
1,0,0,1,31,1,1,2,0,0,0,0,1,0,0,1,3,86.55,2697.4,1,2,2,0,2683.05,28.85,0,0.6555878395076358,1,At Risk
0,0,0,0,19,1,0,2,0,1,0,0,0,0,0,1,3,73.85,1424.5,1,1,2,0,1403.15,24.616666666666664,0,0.5822468846324158,1,At Risk
0,0,1,1,72,1,0,0,0,0,0,0,0,0,2,0,2,20.3,1401.15,0,3,1,0,1461.6,10.15,0,0.004460923576461669,2,Fence Sitters
1,0,0,0,32,1,1,1,0,1,0,0,0,0,0,1,0,54.2,1739.6,0,2,2,0,1734.4,18.066666666666663,0,0.2561487754290312,2,Fence Sitters
0,0,1,0,65,1,1,2,0,1,0,0,0,1,0,1,0,90.65,5931.0,0,3,3,0,5892.25,22.6625,0,0.6504941043846807,0,Champions
1,0,1,1,45,0,0,1,1,0,0,0,1,1,0,1,2,50.9,2333.85,0,2,3,0,2290.5,12.725,0,0.08994873534771884,2,Fence Sitters
0,0,0,0,42,1,1,0,0,0,0,0,0,0,1,0,0,25.05,949.85,0,2,1,0,1052.1,12.525,0,0.18321901056774376,2,Fence Sitters
0,0,0,0,8,1,1,2,0,0,0,0,0,0,0,1,0,74.85,572.45,0,0,1,1,598.8,37.425,1,0.8213731900134065,1,At Risk
0,0,0,1,32,1,0,0,0,0,0,0,0,0,2,0,1,20.5,696.8,0,2,1,0,656.0,10.25,0,0.01459730678030098,2,Fence Sitters
1,1,1,0,22,1,1,1,1,1,0,1,0,0,0,1,1,63.55,1381.8,0,1,4,0,1398.1,12.71,0,0.09305268236644805,0,Champions
0,1,1,0,57,0,0,1,0,0,0,0,1,1,0,1,0,44.85,2572.95,1,3,2,0,2556.4500000000003,14.95,0,0.5654864612505375,2,Fence Sitters
0,0,0,0,1,1,0,1,1,0,0,0,0,0,0,0,0,47.95,47.95,0,0,2,1,47.95,15.983333333333334,1,0.6979274988574933,1,At Risk
0,1,0,0,1,1,0,1,0,0,0,0,0,0,0,0,0,45.1,45.1,1,0,1,1,45.1,22.55,1,0.8899369910954937,1,At Risk
1,0,1,0,1,1,0,1,0,0,0,0,0,0,0,1,0,45.0,45.0,0,0,1,1,45.0,22.5,1,0.7724529085170247,1,At Risk
0,0,0,0,24,1,0,2,0,0,0,1,1,1,0,1,0,96.0,2122.45,1,1,4,0,2304.0,19.2,0,0.5899982188724401,1,At Risk
0,0,0,0,1,1,0,0,0,0,0,0,0,0,0,0,2,20.05,20.05,1,0,1,1,20.05,10.025,1,0.5321189474929018,2,Fence Sitters
0,1,0,0,54,1,1,2,0,1,0,0,0,1,0,1,0,90.05,4931.8,0,3,3,0,4862.7,22.5125,0,0.6726027383594971,1,At Risk
1,0,0,0,4,1,1,0,0,0,0,0,0,0,2,1,3,25.3,116.95,0,0,1,1,101.2,12.65,0,0.03883012301196956,2,Fence Sitters
0,0,1,1,65,1,1,2,1,0,1,1,1,1,2,0,2,108.65,6937.95,1,3,6,0,7062.25,15.521428571428572,0,0.10920815287499111,0,Champions
1,0,1,0,56,1,1,0,0,0,0,0,0,0,1,0,0,24.3,1261.7,0,3,1,0,1360.8,12.15,0,0.04098376786943589,2,Fence Sitters
0,0,0,0,45,1,0,1,1,0,1,0,1,1,0,1,0,75.95,3273.8,0,2,5,0,3417.75,12.658333333333331,0,0.32935573862876244,0,Champions
1,0,1,1,71,1,0,0,0,0,0,0,0,0,2,0,3,19.7,1415.85,0,3,1,0,1398.7,9.85,0,0.004778738222132192,2,Fence Sitters
0,0,1,0,59,1,0,1,1,1,1,0,1,0,1,0,3,66.4,3958.2,0,3,5,0,3917.6,11.066666666666668,0,0.07521451551207524,0,Champions
0,0,0,0,69,0,0,1,0,1,1,0,0,0,1,1,2,35.75,2492.25,0,3,2,0,2466.75,11.916666666666666,0,0.13683076662479554,2,Fence Sitters
0,0,0,0,19,1,0,0,0,0,0,0,0,0,1,0,1,18.8,279.2,0,1,1,0,357.2,9.4,0,0.03227082065110383,2,Fence Sitters
1,0,1,1,55,1,0,0,0,0,0,0,0,0,2,0,3,19.4,1083.0,0,3,1,0,1067.0,9.7,0,0.01415151761222511,2,Fence Sitters
1,0,0,0,38,1,0,0,0,0,0,0,0,0,1,0,1,19.3,755.5,0,2,1,0,733.4,9.65,0,0.03194146112236415,2,Fence Sitters
0,0,0,0,10,1,0,1,0,0,0,0,0,0,0,1,0,45.55,402.6,1,0,1,1,455.5,22.775,1,0.7750548552769716,1,At Risk
1,1,1,0,47,1,1,1,1,1,1,0,0,0,0,1,3,67.45,3252.0,0,2,4,0,3170.15,13.49,0,0.11020522384233636,0,Champions
1,0,1,0,2,0,0,1,0,0,0,0,0,1,0,1,0,35.1,68.75,1,0,1,1,70.2,17.55,1,0.7790973449395909,1,At Risk
0,0,0,0,1,1,0,1,0,0,0,0,0,0,0,0,3,46.2,46.2,1,0,1,1,46.2,23.1,1,0.6397263467915935,1,At Risk
1,0,0,0,1,1,0,1,0,0,0,0,0,0,0,0,0,45.15,45.15,1,0,1,1,45.15,22.575,1,0.8487411290154245,1,At Risk
0,1,0,0,1,0,0,1,0,1,1,0,0,1,0,1,0,43.3,43.3,1,0,3,1,43.3,10.825,1,0.9439414923189451,1,At Risk
0,0,1,1,46,1,0,0,0,0,0,0,0,0,2,1,1,20.1,936.85,0,2,1,0,924.6,10.05,0,0.011618950895926138,2,Fence Sitters
1,1,0,0,38,1,0,1,1,1,0,0,0,0,0,1,3,57.15,2250.65,1,2,3,0,2171.7,14.2875,0,0.20396943800413725,2,Fence Sitters
1,0,1,0,65,1,0,1,1,0,1,1,0,0,2,0,3,58.9,3857.1,0,3,4,0,3828.5,11.78,0,0.012165492086831226,0,Champions
1,0,1,0,19,1,0,2,1,0,0,0,0,0,0,1,0,73.2,1441.1,1,1,2,0,1390.8,24.4,0,0.43493054864555103,1,At Risk
0,0,0,0,52,1,0,2,0,1,0,0,0,1,0,1,0,85.35,4338.6,1,3,3,0,4438.2,21.3375,0,0.7323208326018757,1,At Risk
0,0,1,1,71,1,0,0,0,0,0,0,0,0,2,0,1,19.45,1378.45,0,3,1,0,1380.95,9.725,0,0.00620562791481004,2,Fence Sitters
1,0,0,0,1,1,0,1,0,0,0,0,0,0,0,0,1,45.95,45.95,1,0,1,1,45.95,22.975,1,0.8132573282433231,1,At Risk
1,1,0,0,52,0,0,1,0,1,1,1,1,0,0,1,0,50.5,2566.3,0,3,4,0,2626.0,10.1,0,0.13212713887364913,0,Champions
0,0,1,0,6,1,1,0,0,0,0,0,0,0,1,0,1,25.1,171.0,0,0,1,1,150.60000000000002,12.55,0,0.15798018577382228,2,Fence Sitters
1,1,1,0,26,1,0,1,0,0,1,0,0,1,1,0,1,60.7,1597.4,0,2,3,0,1578.2,15.175,0,0.05997103081878974,2,Fence Sitters
0,1,0,0,48,1,1,2,0,1,0,0,1,1,1,1,0,99.0,4744.35,0,2,4,0,4752.0,19.8,0,0.46227808339311016,0,Champions
1,0,1,1,64,1,1,2,1,0,0,1,1,1,1,1,2,104.4,6721.6,0,3,5,0,6681.6,17.400000000000002,0,0.16846538706092706,0,Champions
1,0,0,0,3,1,0,2,0,1,0,0,1,0,0,0,0,83.75,247.25,1,0,3,1,251.25,20.9375,1,0.7486629580428485,1,At Risk
0,0,0,0,1,1,0,1,0,0,0,0,0,0,0,1,2,44.05,44.05,0,0,1,1,44.05,22.025,1,0.6040244489670878,1,At Risk
0,0,1,1,72,1,1,0,0,0,0,0,0,0,2,0,3,24.1,1734.65,0,3,1,0,1735.2,12.05,0,0.005594529688080213,2,Fence Sitters
0,0,0,0,1,1,0,1,0,0,0,0,0,0,0,1,1,45.55,45.55,0,0,1,1,45.55,22.775,1,0.8241760578546677,1,At Risk
1,0,1,1,51,1,1,2,1,1,0,0,0,1,0,1,0,93.8,4539.35,0,3,4,0,4783.8,18.76,0,0.19071258358965842,0,Champions
1,0,1,1,41,1,0,0,0,0,0,0,0,0,2,0,2,19.7,804.25,0,2,1,0,807.6999999999999,9.85,0,0.01354290078133707,2,Fence Sitters
1,0,1,1,72,1,0,1,1,1,1,0,1,0,2,1,3,70.65,5011.15,0,3,5,0,5086.8,11.775,0,0.007411835197411194,0,Champions
1,0,1,0,43,1,1,1,1,1,0,1,1,1,2,0,3,86.45,3574.5,0,2,6,0,3717.35,12.35,0,0.028132770150356326,0,Champions
0,0,1,0,72,1,1,2,1,1,1,1,1,1,2,1,3,114.1,8086.4,0,3,7,0,8215.199999999999,14.2625,0,0.022934390884825098,0,Champions
0,0,1,0,47,1,1,2,0,0,0,0,1,1,1,1,3,95.2,4563.0,0,2,3,0,4474.400000000001,23.8,0,0.38200998865366814,0,Champions
0,0,0,0,72,1,1,1,1,1,1,1,1,1,2,0,3,88.55,6362.35,0,3,7,0,6375.599999999999,11.06875,0,0.010707304702061457,0,Champions
0,0,0,0,3,1,0,0,0,0,0,0,0,0,0,1,3,20.75,67.1,0,0,1,1,62.25,10.375,1,0.193611985985056,2,Fence Sitters
0,0,0,0,1,1,0,2,0,0,0,0,0,0,0,1,0,70.05,70.05,1,0,1,1,70.05,35.025,1,0.9210450103318375,1,At Risk
0,0,0,0,2,1,1,2,0,0,0,0,0,1,0,1,0,86.0,165.45,1,0,2,1,172.0,28.666666666666668,1,0.9263405163727603,1,At Risk
0,0,0,0,26,0,0,1,1,1,0,0,0,1,0,1,2,44.65,1156.55,0,2,3,0,1160.9,11.1625,0,0.4453374757477039,1,At Risk
0,0,1,1,29,1,0,1,1,0,0,0,0,1,0,1,1,60.2,1834.15,0,2,3,0,1745.8000000000002,15.05,0,0.07470304227367659,2,Fence Sitters
1,1,1,0,35,1,1,2,1,1,0,1,1,0,0,1,2,100.5,3653.35,1,2,5,0,3517.5,16.75,0,0.2241280453104994,0,Champions
0,0,0,0,27,1,0,1,1,1,0,0,0,0,1,0,2,55.45,1477.65,0,2,3,0,1497.15,13.8625,0,0.12787359463187278,2,Fence Sitters
0,0,1,1,24,1,0,1,1,1,0,1,0,1,0,1,3,70.3,1706.45,0,1,5,0,1687.1999999999998,11.716666666666669,0,0.06689899406549034,0,Champions
0,0,1,1,67,1,0,1,1,0,1,1,0,0,2,1,2,60.4,3953.7,0,3,4,0,4046.8,12.08,0,0.011589929377611967,0,Champions
1,0,0,0,16,1,1,2,0,0,0,0,0,0,0,0,0,72.65,1194.3,1,1,1,0,1162.4,36.325,0,0.647646612219961,1,At Risk
1,0,0,0,23,1,0,1,0,1,1,0,0,0,1,0,2,55.8,1327.85,0,1,3,0,1283.4,13.95,0,0.09784322578827283,2,Fence Sitters
0,0,0,0,14,0,0,1,0,1,0,0,0,0,0,1,1,31.1,419.7,0,1,1,0,435.4,15.55,0,0.6391966926203232,1,At Risk
1,0,1,1,1,1,0,0,0,0,0,0,0,0,0,1,0,21.0,21.0,1,0,1,1,21.0,10.5,1,0.5691881387941051,1,At Risk
1,1,0,0,1,1,0,1,0,0,0,0,0,0,0,0,1,45.1,45.1,1,0,1,1,45.1,22.55,1,0.8353932135557617,1,At Risk
0,1,0,0,4,0,0,1,0,1,0,0,1,1,0,1,3,50.95,207.35,0,0,3,1,203.8,12.7375,1,0.4008003630830502,1,At Risk
0,0,0,1,16,1,1,1,1,1,0,0,0,1,0,1,0,69.1,1083.7,0,1,4,0,1105.6,13.82,0,0.09787392219206119,0,Champions
1,0,1,0,46,0,0,1,0,0,0,0,1,1,0,1,0,43.95,2007.85,0,2,2,0,2021.7,14.65,0,0.43697513707960617,2,Fence Sitters
0,0,0,1,68,1,1,1,1,1,0,1,1,1,2,1,2,86.5,5882.75,0,3,6,0,5882.0,12.357142857142858,0,0.028288405316761363,0,Champions
0,0,0,0,38,1,1,1,1,1,1,1,0,0,0,0,0,69.95,2657.55,0,2,5,0,2658.1,11.658333333333331,0,0.11184386213325763,0,Champions
0,1,1,0,30,1,0,1,0,1,0,0,0,0,0,1,2,50.4,1527.5,1,2,2,0,1512.0,16.8,0,0.2538648021185127,2,Fence Sitters
1,1,0,0,5,1,0,2,0,0,0,0,0,1,0,0,0,78.95,378.4,1,0,2,1,394.75,26.316666666666663,1,0.84416786423766,1,At Risk
0,0,0,0,17,1,0,2,0,1,1,0,0,1,0,1,3,90.95,1612.2,0,1,4,0,1546.15,18.19,0,0.5227622882256704,1,At Risk
0,0,1,1,4,1,0,0,0,0,0,0,0,0,2,0,1,19.9,76.65,0,0,1,1,79.6,9.95,0,0.02785663801713704,2,Fence Sitters
1,0,0,0,12,1,0,0,0,0,0,0,0,0,1,0,0,20.15,260.7,0,0,1,1,241.8,10.075,0,0.0761932906939406,2,Fence Sitters
0,0,1,1,72,1,1,1,1,1,1,1,1,1,2,1,3,90.6,6441.85,0,3,7,0,6523.2,11.325,0,0.010312754742701614,0,Champions
0,0,0,0,3,1,0,2,0,0,0,0,1,1,0,1,0,92.0,266.8,0,0,3,1,276.0,23.0,1,0.9151784050152983,1,At Risk
0,0,0,0,56,1,1,2,0,1,0,1,0,1,0,1,0,94.45,5124.6,1,3,4,0,5289.2,18.89,0,0.3217286241129572,0,Champions
1,0,0,0,41,1,1,0,0,0,0,0,0,0,1,1,1,24.85,962.25,0,2,1,0,1018.85,12.425,0,0.059136391701756094,2,Fence Sitters
0,0,0,0,40,0,0,1,0,1,0,1,0,0,1,0,3,36.0,1382.9,0,2,2,0,1440.0,12.0,0,0.09092491962672129,2,Fence Sitters
1,0,0,0,7,1,0,1,1,1,0,1,1,1,0,1,0,78.5,571.05,0,0,6,1,549.5,11.214285714285714,1,0.2048716907691931,0,Champions
0,0,0,0,69,1,0,0,0,0,0,0,0,0,2,0,3,19.95,1399.35,0,3,1,0,1376.55,9.975,0,0.006983182672480472,2,Fence Sitters
0,0,1,1,7,1,0,0,0,0,0,0,0,0,1,0,1,20.65,150.0,0,0,1,1,144.54999999999998,10.325,0,0.05239625775972407,2,Fence Sitters
1,0,1,1,5,0,0,1,0,1,0,0,0,0,0,1,0,30.5,167.2,0,0,1,1,152.5,15.25,1,0.19676817821165507,2,Fence Sitters
1,0,1,1,72,1,1,2,1,1,1,1,1,0,2,0,3,106.1,7657.4,0,3,6,0,7639.2,15.157142857142857,0,0.02086953409662415,0,Champions
0,0,1,1,44,1,0,0,0,0,0,0,0,0,1,1,2,20.5,865.05,0,2,1,0,902.0,10.25,0,0.02477735988555573,2,Fence Sitters
1,0,0,0,65,1,1,2,0,1,1,0,1,0,1,1,0,95.5,6153.85,0,3,4,0,6207.5,19.1,0,0.23269248249403604,0,Champions
1,0,0,0,3,1,1,1,0,0,0,1,1,0,0,0,0,64.6,174.2,0,0,3,1,193.8,16.15,1,0.5867378512133578,1,At Risk
0,0,0,0,24,1,0,1,0,0,0,1,0,0,0,1,3,51.1,1269.6,0,1,2,0,1226.4,17.033333333333335,0,0.15933655549308687,2,Fence Sitters
1,0,0,0,44,1,1,2,0,1,1,0,0,0,0,1,2,84.8,3862.55,1,2,3,0,3731.2,21.2,0,0.5564258975183183,1,At Risk
1,1,1,0,72,1,1,1,1,1,1,1,1,1,2,0,3,89.1,6352.4,0,3,7,0,6415.2,11.1375,0,0.01072981973630642,0,Champions
0,0,0,0,24,1,0,1,1,0,0,1,0,0,0,0,0,54.95,1348.5,0,1,3,0,1318.8000000000002,13.7375,0,0.19101517267788454,2,Fence Sitters
0,0,0,0,1,1,0,1,0,0,1,0,0,0,0,0,1,50.9,50.9,1,0,2,1,50.9,16.966666666666665,1,0.8521120039560193,1,At Risk
0,0,1,0,22,1,0,0,0,0,0,0,0,0,0,1,2,20.45,471.55,0,1,1,0,449.9,10.225,0,0.11485869041877153,2,Fence Sitters
0,0,1,1,70,1,1,1,0,1,1,1,1,1,2,1,3,85.95,5931.75,0,3,6,0,6016.5,12.278571428571428,0,0.02428865007698886,0,Champions
0,0,1,1,25,1,1,1,0,0,0,0,1,0,0,0,0,60.35,1404.65,0,2,2,0,1508.75,20.116666666666667,0,0.35196282220851116,1,At Risk
0,0,1,1,37,1,0,0,0,0,0,0,0,0,2,0,2,19.8,726.1,0,2,1,0,732.6,9.9,0,0.014098443839159059,2,Fence Sitters
1,1,1,1,22,1,1,2,0,0,0,0,1,0,0,0,2,85.35,1961.6,0,1,2,0,1877.7,28.45,0,0.4329359618909933,1,At Risk
1,0,1,1,59,1,1,1,0,0,1,1,1,0,2,1,2,72.1,4194.85,0,3,4,0,4253.9,14.419999999999998,0,0.028875024810605304,0,Champions
0,0,1,1,49,1,1,2,0,0,1,0,1,1,0,1,0,99.8,4872.45,1,3,4,0,4890.2,19.96,0,0.8094988871389974,1,At Risk
0,0,1,1,47,1,1,2,0,0,1,1,1,1,0,1,2,107.35,5118.95,1,2,5,0,5045.45,17.891666666666666,0,0.5951647867150179,0,Champions
1,0,1,1,31,1,0,0,0,0,0,0,0,0,0,1,1,19.55,658.95,1,2,1,0,606.0500000000001,9.775,0,0.07387427688875035,2,Fence Sitters
0,0,1,1,1,1,0,2,0,0,0,0,0,1,0,1,0,81.05,81.05,0,0,2,1,81.05,27.016666666666666,1,0.8781599799153795,1,At Risk
0,0,0,0,3,1,0,0,0,0,0,0,0,0,0,1,0,20.5,76.95,0,0,1,1,61.5,10.25,1,0.3765321842243668,2,Fence Sitters
1,0,1,0,53,1,1,2,0,1,1,1,1,1,1,1,2,111.8,5809.75,0,3,6,0,5925.4,15.971428571428572,0,0.2503732233293779,0,Champions
0,0,0,0,1,1,0,0,0,0,0,0,0,0,0,0,1,20.2,20.2,0,0,1,1,20.2,10.1,1,0.6370578049385306,1,At Risk
0,0,0,0,20,1,0,0,0,0,0,0,0,0,1,1,1,19.7,415.9,0,1,1,0,394.0,9.85,0,0.04388257834061145,2,Fence Sitters
1,0,0,0,3,1,0,2,1,1,0,0,0,0,0,1,0,79.1,246.5,1,0,3,1,237.3,19.775,1,0.3921223727996738,1,At Risk
1,0,0,0,51,1,0,0,0,0,0,0,0,0,1,1,2,19.85,996.95,0,3,1,0,1012.35,9.925,0,0.025388439636432995,2,Fence Sitters
1,0,1,0,51,1,0,1,1,1,0,1,0,0,1,1,2,60.5,3145.15,0,3,4,0,3085.5,12.1,0,0.08390184726319747,0,Champions
1,0,1,1,13,1,0,0,0,0,0,0,0,0,2,0,1,19.55,265.3,0,1,1,0,254.15,9.775,0,0.0194467435176989,2,Fence Sitters
1,0,0,0,1,1,0,0,0,0,0,0,0,0,0,0,1,20.9,20.9,0,0,1,1,20.9,10.45,1,0.628841781577882,1,At Risk
0,0,0,1,1,1,0,0,0,0,0,0,0,0,0,1,1,21.05,21.05,0,0,1,1,21.05,10.525,1,0.48180255272229316,2,Fence Sitters
0,0,0,0,63,1,1,1,1,1,1,1,0,0,1,0,0,71.5,4576.3,0,3,5,0,4504.5,11.916666666666666,0,0.09604907488877375,0,Champions
0,0,0,0,3,1,0,1,0,0,0,0,0,1,0,0,1,54.65,189.1,0,0,2,1,163.95,18.216666666666665,1,0.782886970304067,1,At Risk
0,0,0,0,46,1,0,0,0,0,0,0,0,0,2,0,3,19.2,908.15,0,2,1,0,883.1999999999999,9.6,0,0.009130640369799976,2,Fence Sitters
0,0,0,0,1,1,1,1,0,0,0,0,0,0,0,1,3,49.8,49.8,0,0,1,1,49.8,24.9,1,0.5820296712235249,1,At Risk
0,0,0,1,8,0,0,1,0,0,0,0,0,0,0,0,1,25.5,215.2,1,0,0,1,204.0,25.5,1,0.43469923134368826,2,Fence Sitters
1,0,1,1,71,1,0,0,0,0,0,0,0,0,2,0,2,20.5,1500.95,0,3,1,0,1455.5,10.25,0,0.004553862648714748,2,Fence Sitters
0,0,1,1,55,1,1,2,0,0,1,0,1,0,0,1,3,90.4,5099.15,0,3,3,0,4972.0,22.6,0,0.2607534347063328,0,Champions
1,0,0,0,70,1,1,2,0,1,1,1,0,0,1,1,2,90.25,6385.95,0,3,4,0,6317.5,18.05,0,0.1136450308582796,0,Champions
1,0,0,0,2,1,0,2,0,0,0,0,0,1,0,0,0,80.75,159.45,1,0,2,1,161.5,26.916666666666668,1,0.8936649079913755,1,At Risk
0,0,1,1,67,1,1,2,1,0,0,1,1,1,2,0,2,104.6,6885.75,0,3,5,0,7008.2,17.433333333333334,0,0.11255921000003295,0,Champions
0,0,1,0,65,1,1,2,0,1,0,0,1,0,0,1,2,91.85,5940.85,1,3,3,0,5970.25,22.9625,0,0.6348601805692758,0,Champions
0,0,1,0,14,1,0,1,0,0,1,0,0,0,0,0,3,50.2,668.85,0,1,2,0,702.8000000000001,16.733333333333334,0,0.28999069297958463,2,Fence Sitters
1,0,1,1,20,1,1,2,0,0,1,1,0,1,0,1,2,95.5,1916.2,0,1,4,0,1910.0,19.1,0,0.30239300407138203,0,Champions
0,0,0,1,1,1,0,2,0,1,0,0,0,0,0,1,0,75.35,75.35,1,0,2,1,75.35,25.116666666666664,1,0.826744702763288,1,At Risk
0,0,0,0,1,1,1,2,0,0,0,0,0,0,0,1,0,75.45,75.45,1,0,1,1,75.45,37.725,1,0.9417306721089272,1,At Risk
1,0,1,1,49,1,1,2,0,0,0,0,1,1,0,1,2,95.4,4613.95,0,3,3,0,4674.6,23.85,0,0.5227080099624675,0,Champions
1,0,0,0,72,1,1,2,1,1,1,0,1,0,2,1,2,101.3,7261.25,0,3,5,0,7293.599999999999,16.883333333333333,0,0.02385928844526533,0,Champions
1,0,1,0,46,1,1,1,1,0,0,0,0,0,0,0,0,53.1,2459.8,0,2,2,0,2442.6,17.7,0,0.17358753044925143,2,Fence Sitters
0,0,0,0,24,1,1,2,0,1,1,0,0,0,0,1,2,84.85,2048.8,0,1,3,0,2036.4,21.2125,0,0.6763178829555315,1,At Risk
1,0,1,1,5,0,0,1,0,1,0,1,0,0,0,0,0,34.25,163.55,0,0,2,1,171.25,11.416666666666666,1,0.137914297741663,2,Fence Sitters
1,0,1,1,33,1,1,2,0,1,1,1,0,0,0,0,3,88.6,2888.7,0,2,4,0,2923.8,17.72,0,0.30151832243669907,0,Champions
1,0,0,0,42,1,1,1,1,1,0,0,0,0,1,1,2,60.15,2421.6,0,2,3,0,2526.3,15.0375,0,0.0623331674573424,2,Fence Sitters
0,0,0,0,23,1,0,2,1,0,1,0,1,1,1,1,3,99.95,2292.75,0,1,5,0,2298.85,16.658333333333335,0,0.3204605924895057,0,Champions
0,0,0,0,8,1,0,2,0,0,0,0,0,0,0,0,2,70.7,553.4,0,0,1,1,565.6,35.35,1,0.5875299166187613,1,At Risk
0,0,0,0,66,1,0,1,1,1,0,0,0,0,1,1,1,54.8,3465.7,0,3,3,0,3616.8,13.7,0,0.09579386254498258,0,Champions
0,0,0,0,24,1,0,1,1,0,0,0,0,0,0,1,2,49.55,1210.4,1,1,2,0,1189.1999999999998,16.516666666666666,0,0.4042862639066802,2,Fence Sitters
0,1,0,0,24,1,1,1,0,1,0,0,0,0,0,0,3,54.8,1291.3,0,1,2,0,1315.1999999999998,18.266666666666666,0,0.20498728826371337,2,Fence Sitters
0,0,0,0,69,1,1,1,1,1,1,1,0,1,1,1,3,78.6,5356.45,1,3,6,0,5423.4,11.228571428571428,0,0.14817420939545653,0,Champions
1,0,0,0,53,1,0,2,0,1,1,0,1,1,1,1,1,100.3,5200.8,0,3,5,0,5315.9,16.716666666666665,0,0.30171017988108945,0,Champions
1,0,0,0,60,0,0,1,1,0,1,0,1,1,2,0,0,53.6,3237.05,0,3,4,0,3216.0,10.72,0,0.038326939873657935,0,Champions
1,0,1,0,7,1,0,2,0,0,0,0,1,0,0,1,0,81.1,576.65,1,0,2,1,567.6999999999999,27.03333333333333,1,0.8241482794272804,1,At Risk
1,0,0,0,20,1,0,0,0,0,0,0,0,0,1,1,3,19.35,433.75,0,1,1,0,387.0,9.675,0,0.026542273274377262,2,Fence Sitters
1,0,1,1,23,1,1,2,0,0,0,0,0,1,0,0,0,85.6,1868.4,0,1,2,0,1968.8,28.53333333333333,0,0.5419579043658194,1,At Risk
0,0,1,1,72,1,0,1,1,0,1,1,1,1,2,1,0,80.8,5728.55,0,3,6,0,5817.599999999999,11.542857142857144,0,0.015652914483327687,0,Champions
0,0,1,0,11,1,1,2,0,0,0,0,0,0,0,1,0,74.95,825.7,1,0,1,1,824.45,37.475,1,0.8123151562967973,1,At Risk
0,0,0,0,21,1,0,0,0,0,0,0,0,0,2,0,1,19.6,390.4,0,1,1,0,411.6,9.8,0,0.02236542119298767,2,Fence Sitters
0,1,0,0,1,1,1,2,0,0,0,0,1,1,0,1,0,93.55,93.55,1,0,3,1,93.55,23.3875,1,0.9364449567654386,1,At Risk
0,1,0,0,31,1,1,2,0,1,0,0,1,0,0,1,0,90.7,2845.15,0,2,3,0,2811.7000000000003,22.675,0,0.6482283587807994,1,At Risk
1,0,0,0,57,1,0,1,0,1,1,1,1,0,2,0,1,69.75,3894.4,0,3,5,0,3975.75,11.625,0,0.019102111311182526,0,Champions
1,0,1,1,45,1,0,0,0,0,0,0,0,0,2,1,2,20.0,886.4,0,2,1,0,900.0,10.0,0,0.01343076089658099,2,Fence Sitters
0,0,0,0,10,1,1,2,0,1,1,0,0,1,0,1,0,95.25,1021.55,0,0,4,1,952.5,19.05,1,0.7991201984059152,1,At Risk
1,0,1,0,58,1,1,2,0,0,1,1,1,1,0,1,3,102.1,5885.4,1,3,5,0,5921.799999999999,17.016666666666666,0,0.31018788824828314,0,Champions
0,0,0,1,14,1,0,0,0,0,0,0,0,0,0,0,1,19.95,268.4,0,1,1,0,279.3,9.975,0,0.1383601602740809,2,Fence Sitters
0,0,1,0,27,1,1,1,1,0,0,1,1,1,1,0,1,80.85,2204.35,0,2,5,0,2182.95,13.475,0,0.13447022232268258,0,Champions
1,0,1,1,14,1,1,2,0,1,0,0,0,1,0,1,2,90.9,1259.0,1,1,3,0,1272.6,22.725,0,0.611967048645607,1,At Risk
1,0,1,1,12,0,0,1,0,1,0,0,0,0,0,0,1,29.2,309.1,1,0,1,1,350.4,14.6,1,0.14695126228998892,2,Fence Sitters
1,0,1,1,69,1,1,2,0,1,0,1,0,1,2,1,2,93.3,6398.05,0,3,4,0,6437.7,18.66,0,0.053372063011070135,0,Champions
1,0,1,1,25,1,0,2,0,1,1,0,1,0,0,1,2,89.15,2257.75,1,2,4,0,2228.75,17.830000000000002,0,0.4277562436731961,0,Champions
0,1,1,0,58,1,1,2,1,1,1,0,1,1,1,1,0,108.85,6287.25,1,3,6,0,6313.299999999999,15.55,0,0.35505914158618834,0,Champions
1,0,1,1,35,0,0,1,1,0,0,1,1,0,2,1,3,46.35,1662.05,0,2,3,0,1622.25,11.5875,0,0.014794236348586442,2,Fence Sitters
1,1,0,0,16,1,1,2,0,0,0,0,1,0,0,1,0,84.75,1350.15,1,1,2,0,1356.0,28.25,0,0.7867743410402073,1,At Risk
0,0,1,1,45,1,1,1,0,1,1,0,1,1,1,0,3,78.75,3600.65,0,2,5,0,3543.75,13.125,0,0.1447959620581689,0,Champions
1,0,0,0,17,1,0,2,0,1,0,0,1,0,0,1,0,83.55,1329.15,0,1,3,0,1420.35,20.8875,0,0.6905584010690682,1,At Risk
1,0,1,1,1,1,0,1,0,0,0,0,0,0,0,1,0,45.7,45.7,1,0,1,1,45.7,22.85,1,0.732719705110443,1,At Risk
0,0,0,0,22,1,0,0,0,0,0,0,0,0,1,0,1,19.6,422.5,0,1,1,0,431.2000000000001,9.8,0,0.042527356107253424,2,Fence Sitters
1,1,0,0,1,1,0,2,0,0,0,0,0,0,0,1,0,69.95,69.95,1,0,1,1,69.95,34.975,1,0.9344403905628331,1,At Risk
0,0,1,1,67,1,0,1,1,0,1,1,0,1,2,0,1,67.85,4627.65,0,3,5,0,4545.95,11.308333333333332,0,0.014321843080550624,0,Champions
1,0,1,1,67,1,1,2,0,0,1,1,1,1,2,1,2,105.65,6717.9,0,3,5,0,7078.55,17.608333333333334,0,0.17207358995672026,0,Champions
1,0,1,0,2,0,0,1,0,0,0,0,1,1,0,0,0,44.6,97.1,1,0,2,1,89.2,14.866666666666667,1,0.7327706478444876,1,At Risk
0,0,0,0,23,1,1,2,0,0,0,0,0,0,0,1,0,74.95,1710.45,1,1,1,0,1723.85,37.475,0,0.8070184420171481,1,At Risk
1,1,0,0,9,1,0,2,0,0,1,0,0,0,0,0,3,75.5,637.4,0,0,2,1,679.5,25.166666666666668,1,0.4633558456703247,1,At Risk
1,0,0,0,5,1,0,0,0,0,0,0,0,0,0,0,1,20.15,117.95,0,0,1,1,100.75,10.075,1,0.2991786851091392,2,Fence Sitters
0,0,0,0,54,0,0,1,1,0,0,1,1,0,2,0,3,45.2,2460.55,0,3,3,0,2440.8,11.3,0,0.020917421739557875,2,Fence Sitters
1,0,0,0,57,1,0,2,0,0,1,0,1,1,2,1,0,95.25,5464.65,1,3,4,0,5429.25,19.05,0,0.2724464712954783,0,Champions
0,0,0,0,24,1,1,2,0,0,1,0,1,0,0,1,1,89.85,2165.05,1,1,3,0,2156.4,22.4625,0,0.6826679400577568,1,At Risk
1,0,1,1,49,1,1,2,0,1,0,0,1,1,1,0,1,100.45,4941.8,1,3,4,0,4922.05,20.09,0,0.15333036528366292,0,Champions
0,0,0,0,5,1,1,1,0,0,0,0,0,0,0,0,0,47.15,223.15,1,0,1,1,235.75,23.575,1,0.7965129958664028,1,At Risk
0,0,0,0,2,1,0,2,0,0,0,0,0,1,0,1,0,80.2,181.1,1,0,2,1,160.4,26.73333333333333,1,0.9231359163541052,1,At Risk
1,0,0,1,4,1,1,2,0,0,1,1,0,0,0,1,1,87.1,341.45,1,0,3,1,348.4,21.775,1,0.8964496495851417,1,At Risk
0,0,1,1,70,1,1,1,1,1,1,1,1,0,2,1,2,79.25,5731.85,0,3,6,0,5547.5,11.321428571428571,0,0.02316042015422548,0,Champions
0,0,0,0,5,1,1,2,0,0,0,0,0,0,0,1,2,75.9,357.75,1,0,1,1,379.5,37.95,1,0.871197531328147,1,At Risk
0,0,1,1,53,1,1,1,1,0,1,1,1,1,0,0,0,85.7,4616.1,0,3,6,0,4542.1,12.242857142857144,0,0.12674656466962378,0,Champions
1,0,1,0,47,1,1,2,1,1,1,0,1,0,0,1,0,98.75,4533.7,1,2,5,0,4641.25,16.458333333333332,0,0.4510981932079024,0,Champions
1,0,0,1,31,1,0,0,0,0,0,0,0,0,1,0,3,20.1,589.25,0,2,1,0,623.1,10.05,0,0.02610256436560356,2,Fence Sitters
0,0,1,1,13,1,0,1,0,1,1,1,0,0,0,0,2,61.8,750.1,0,1,4,0,803.4,12.36,0,0.11804852770782555,2,Fence Sitters
1,0,1,1,28,1,1,1,0,0,0,0,0,0,0,0,1,49.9,1410.25,0,2,1,0,1397.2,24.95,0,0.11025617530580384,2,Fence Sitters
1,0,0,0,10,1,1,2,0,0,0,0,0,1,0,0,0,86.45,830.85,1,0,2,1,864.5,28.816666666666663,1,0.8830920761475827,1,At Risk
0,0,1,0,38,1,0,0,0,0,0,0,0,0,2,0,2,20.4,743.5,0,2,1,0,775.1999999999999,10.2,0,0.013456763895197815,2,Fence Sitters
1,0,0,0,1,1,0,1,0,0,0,0,0,0,0,1,1,45.3,45.3,1,0,1,1,45.3,22.65,1,0.8059594550336353,1,At Risk
0,0,1,0,67,1,1,2,0,1,1,0,1,1,1,0,0,104.1,7040.85,1,3,5,0,6974.7,17.349999999999998,0,0.59711480591552,0,Champions
0,0,1,0,52,1,0,1,1,1,0,0,1,1,1,1,1,75.4,3865.45,0,3,5,0,3920.8,12.566666666666668,0,0.09922940011307121,0,Champions
0,0,1,1,62,1,0,2,1,1,1,1,1,1,2,0,1,108.15,6825.65,0,3,7,0,6705.3,13.51875,0,0.05654838349015637,0,Champions
1,0,0,0,16,1,0,2,0,1,0,0,0,1,0,1,0,86.25,1340.1,0,1,3,0,1380.0,21.5625,0,0.7482086453653862,1,At Risk
1,1,1,0,5,1,1,2,0,1,0,0,0,0,0,1,0,81.0,371.65,1,0,2,1,405.0,27.0,1,0.7463234556075993,1,At Risk
0,0,0,0,12,1,0,2,0,0,1,0,1,1,1,0,0,95.7,1184.0,0,0,4,1,1148.4,19.14,0,0.7107488727144708,1,At Risk
1,0,1,1,72,1,1,2,1,1,1,1,1,1,2,1,2,116.85,8477.7,0,3,7,0,8413.199999999999,14.60625,0,0.00998981389220155,0,Champions
0,1,0,0,71,1,1,2,0,1,0,1,1,1,1,0,2,105.75,7382.85,0,3,5,0,7508.25,17.625,0,0.39443143530778607,0,Champions
1,0,1,0,24,1,0,0,0,0,0,0,0,0,1,0,1,20.15,456.85,0,1,1,0,483.6,10.075,0,0.03294889476739049,2,Fence Sitters
1,0,0,0,15,1,0,0,0,0,0,0,0,0,2,0,1,19.6,331.6,0,1,1,0,294.0,9.8,0,0.028760511893380535,2,Fence Sitters
0,0,1,0,67,1,0,2,1,1,0,0,0,1,1,1,3,90.6,6056.15,1,3,4,0,6070.2,18.12,0,0.18205349373789725,0,Champions
0,0,0,1,2,1,1,1,1,1,0,0,0,0,0,0,2,60.95,134.6,0,0,3,1,121.9,15.2375,1,0.33835523571068143,1,At Risk
1,0,1,1,5,0,0,1,0,0,0,0,0,0,0,0,1,25.05,125.5,0,0,0,1,125.25,25.05,1,0.27467402901663657,2,Fence Sitters
1,0,1,0,15,1,0,2,0,0,0,0,1,1,0,0,0,88.15,1390.6,1,1,3,0,1322.25,22.0375,0,0.7413626655663428,1,At Risk
0,0,0,0,1,1,0,0,0,0,0,0,0,0,0,1,1,20.2,20.2,1,0,1,1,20.2,10.1,1,0.6488727293384484,1,At Risk
0,0,1,1,41,1,0,1,1,1,1,0,0,0,1,1,2,60.3,2511.3,0,2,4,0,2472.3,12.06,0,0.0822368017271415,0,Champions
1,0,0,1,43,1,0,1,1,1,0,0,0,1,0,1,0,63.95,2737.05,0,2,4,0,2749.85,12.79,0,0.0764984099368682,0,Champions
0,1,1,0,1,1,1,2,0,0,0,0,0,0,0,0,0,74.3,74.3,0,0,1,1,74.3,37.15,1,0.8871764238458597,1,At Risk
1,1,0,0,1,1,0,2,0,0,0,0,0,0,0,1,1,70.6,70.6,0,0,1,1,70.6,35.3,1,0.8692241902223352,1,At Risk
1,0,1,1,26,1,0,2,0,0,0,0,1,1,0,1,0,90.8,2361.8,1,2,3,0,2360.8,22.7,0,0.5253712367131819,1,At Risk
0,0,0,0,22,1,1,2,0,1,0,0,0,0,0,1,0,79.35,1730.35,1,1,2,0,1745.6999999999998,26.45,0,0.7517873931595634,1,At Risk
0,0,1,0,71,1,1,1,1,1,1,1,1,1,2,0,2,90.55,6404.0,0,3,7,0,6429.05,11.31875,0,0.009934890271506897,0,Champions
0,0,0,0,7,1,0,0,0,0,0,0,0,0,2,0,1,19.45,165.35,0,0,1,1,136.15,9.725,0,0.02950490859888817,2,Fence Sitters
1,1,0,0,28,1,1,1,0,1,1,1,0,0,0,0,2,64.45,1867.6,0,2,4,0,1804.6,12.89,0,0.09009640312289333,0,Champions
0,1,0,0,16,1,0,2,0,0,0,0,0,0,0,0,0,69.65,1043.3,0,1,1,0,1114.4,34.825,0,0.7600064598341357,1,At Risk
0,0,0,0,7,1,0,0,0,0,0,0,0,0,1,0,1,19.5,128.6,0,0,1,1,136.5,9.75,0,0.0676799922040871,2,Fence Sitters
1,0,0,0,69,1,1,2,0,1,1,1,1,1,2,1,2,110.5,7455.45,0,3,6,0,7624.5,15.785714285714286,0,0.24772320422281552,0,Champions
1,0,0,1,1,0,0,1,0,0,0,0,0,0,0,0,1,24.7,24.7,0,0,0,1,24.7,24.7,1,0.7075230744063095,1,At Risk
0,0,0,0,3,1,0,1,1,0,1,0,1,1,0,1,0,77.4,206.15,0,0,5,1,232.2,12.9,1,0.36307577033655364,1,At Risk
0,1,0,0,21,1,0,2,0,0,1,0,1,1,0,1,2,96.8,2030.3,1,1,4,0,2032.8,19.36,0,0.7451600639814302,1,At Risk
1,0,1,0,69,1,1,2,0,1,1,0,0,0,0,1,2,85.4,5869.4,0,3,3,0,5892.6,21.35,0,0.40827456599121686,0,Champions
1,0,1,0,71,0,0,1,1,1,1,1,0,0,2,1,2,47.6,3377.8,0,3,4,0,3379.6,9.52,0,0.0067884734219846015,0,Champions
1,0,1,1,69,1,0,0,0,0,0,0,0,0,2,0,1,19.4,1346.2,0,3,1,0,1338.6,9.7,0,0.009512883917873716,2,Fence Sitters
1,0,0,0,48,1,1,2,0,0,1,1,1,1,0,1,0,103.85,4946.05,0,2,5,0,4984.799999999999,17.308333333333334,0,0.5799492633333686,0,Champions
0,0,1,0,47,1,1,2,0,1,1,0,0,0,0,1,2,83.35,4065.0,1,2,3,0,3917.45,20.8375,0,0.5829511269707894,1,At Risk
1,0,0,0,2,1,1,1,0,0,0,0,0,0,0,1,0,49.4,106.55,1,0,1,1,98.8,24.7,1,0.7056204978957962,1,At Risk
0,0,0,0,45,1,1,2,1,0,1,1,1,1,0,1,3,108.45,4964.7,0,2,6,0,4880.25,15.492857142857144,0,0.4000559801726487,0,Champions
0,0,0,0,51,1,1,2,0,1,0,0,0,0,0,0,2,81.0,4085.75,0,3,2,0,4131.0,27.0,0,0.3800302381806172,0,Champions
1,0,1,0,22,1,1,1,1,0,0,1,1,1,0,1,0,79.2,1742.75,1,1,5,0,1742.4,13.2,0,0.2227446707385128,0,Champions
0,0,0,0,72,1,1,1,1,1,1,1,1,1,2,0,2,86.65,6224.8,0,3,7,0,6238.8,10.83125,0,0.009984932668771108,0,Champions
0,0,1,1,37,1,1,2,0,1,1,0,1,0,0,1,0,92.95,3415.25,0,2,4,0,3439.15,18.59,0,0.4661566982187601,0,Champions
0,0,1,1,71,1,1,1,1,1,1,1,1,1,2,0,0,90.35,6325.25,0,3,7,0,6414.849999999999,11.29375,0,0.020145093173457265,0,Champions
0,0,1,1,7,1,0,1,0,0,1,0,0,0,0,0,0,48.7,340.25,1,0,2,1,340.90000000000003,16.233333333333334,1,0.545253254717106,1,At Risk
1,0,0,0,66,1,1,0,0,0,0,0,0,0,2,1,3,25.15,1683.6,0,3,1,0,1659.9,12.575,0,0.011178722001657435,2,Fence Sitters
0,0,1,1,51,1,0,1,1,0,0,1,1,1,1,1,2,76.4,3966.3,0,3,5,0,3896.4,12.733333333333334,0,0.048173690200843465,0,Champions
1,0,1,1,30,1,0,0,0,0,0,0,0,0,1,0,2,19.55,608.5,0,2,1,0,586.5,9.775,0,0.02747738720195453,2,Fence Sitters
1,0,0,0,34,1,1,2,0,0,0,0,1,0,0,0,0,85.35,2896.6,0,2,2,0,2901.9,28.45,0,0.866311748245379,1,At Risk
0,0,1,1,64,1,1,0,0,0,0,0,0,0,2,1,1,24.8,1514.85,0,3,1,0,1587.2,12.4,0,0.01002000358780275,2,Fence Sitters
0,1,1,0,65,1,1,2,0,1,1,0,1,1,1,1,2,103.15,6792.45,0,3,5,0,6704.75,17.191666666666666,0,0.3693579542624673,0,Champions
0,0,0,0,47,1,1,2,1,1,0,1,1,0,0,0,1,100.75,4669.2,0,2,5,0,4735.25,16.791666666666668,0,0.3658940216281871,0,Champions
1,0,0,0,1,1,0,2,1,0,0,0,1,1,0,1,0,95.6,95.6,1,0,4,1,95.6,19.12,1,0.8538914223496302,1,At Risk
1,0,0,0,49,1,1,1,1,1,0,0,0,0,0,1,3,59.75,2934.3,1,3,3,0,2927.75,14.9375,0,0.1546538339796376,0,Champions
1,0,1,1,67,1,1,2,0,1,0,1,1,0,2,0,3,94.1,6302.8,0,3,4,0,6304.7,18.82,0,0.04659030353214284,0,Champions
0,0,0,1,39,1,0,0,0,0,0,0,0,0,1,0,2,19.35,779.2,0,2,1,0,754.6500000000001,9.675,0,0.02901426381246665,2,Fence Sitters
0,0,0,0,14,1,0,0,0,0,0,0,0,0,0,0,1,19.9,283.75,0,1,1,0,278.6,9.95,0,0.24477317641321672,2,Fence Sitters
1,1,0,0,43,1,0,2,1,1,0,1,1,1,0,1,3,108.15,4600.7,1,2,6,0,4650.45,15.45,0,0.5952275589378613,0,Champions
0,1,0,0,56,1,1,2,0,0,1,0,1,1,0,1,0,101.05,5594.0,0,3,4,0,5658.8,20.21,0,0.7604519790560944,0,Champions
1,0,0,0,14,1,0,1,0,0,0,1,0,1,1,0,3,59.1,772.85,0,1,3,0,827.4,14.775,0,0.10100423459660593,2,Fence Sitters
1,0,0,0,1,1,0,2,0,0,0,0,0,0,0,0,0,71.35,71.35,1,0,1,1,71.35,35.675,1,0.9326108964393576,1,At Risk
0,0,1,1,16,1,0,1,1,1,0,0,0,0,1,1,1,55.85,857.8,0,1,3,0,893.6,13.9625,0,0.06765151508784256,2,Fence Sitters
0,0,1,1,70,1,1,2,1,1,0,0,1,1,0,1,0,106.05,7554.05,0,3,5,0,7423.5,17.675,0,0.28178134477998235,0,Champions
0,1,1,0,72,1,1,1,1,1,1,0,1,1,2,1,3,84.1,5981.65,0,3,6,0,6055.2,12.014285714285714,0,0.010833464698157104,0,Champions
1,0,1,1,23,1,0,2,0,0,1,0,0,0,0,1,3,75.3,1702.9,0,1,2,0,1731.9,25.1,0,0.22076648513560024,1,At Risk
0,0,0,1,21,1,1,0,0,0,0,0,0,0,0,0,1,24.7,467.15,0,1,1,0,518.6999999999999,12.35,0,0.13835737407085097,2,Fence Sitters
1,0,0,0,1,1,0,0,0,0,0,0,0,0,0,1,1,20.15,20.15,1,0,1,1,20.15,10.075,1,0.653554462817994,1,At Risk
0,0,0,1,1,1,0,2,0,0,0,0,0,0,0,0,2,69.75,69.75,1,0,1,1,69.75,34.875,1,0.887255478445164,1,At Risk
1,1,1,0,32,1,1,2,0,0,0,0,1,1,0,1,0,93.2,2931.0,1,2,3,0,2982.4,23.3,0,0.625382909213165,1,At Risk
0,0,1,1,17,1,0,2,0,0,0,0,1,0,0,0,0,80.85,1400.85,1,1,2,0,1374.4499999999998,26.95,0,0.6158734784993805,1,At Risk
1,0,0,0,4,0,0,1,1,1,0,0,0,0,0,1,0,33.65,137.85,1,0,2,1,134.6,11.216666666666669,1,0.4003273230672742,2,Fence Sitters
1,0,0,0,36,1,1,1,0,0,1,0,0,0,1,0,0,55.8,1941.5,0,2,2,0,2008.8,18.6,0,0.10307145006144844,2,Fence Sitters
1,0,0,0,50,0,0,1,0,1,1,1,0,0,2,0,3,39.7,1932.75,0,3,3,0,1985.0,9.925,0,0.0238974705702571,2,Fence Sitters
1,0,1,1,48,0,0,1,0,0,0,1,0,0,0,1,3,29.5,1423.05,0,2,1,0,1416.0,14.75,0,0.07748928342932122,2,Fence Sitters
1,0,0,1,50,1,0,0,0,0,0,0,0,0,2,0,3,20.15,970.85,0,3,1,0,1007.5,10.075,0,0.012679809738920564,2,Fence Sitters
0,0,1,0,72,1,1,1,1,1,1,1,0,1,2,0,3,79.55,5810.9,0,3,6,0,5727.599999999999,11.364285714285714,0,0.009597449207163019,0,Champions
0,0,0,1,10,1,1,0,0,0,0,0,0,0,0,0,3,24.8,223.9,0,0,1,1,248.0,12.4,1,0.15610173391244864,2,Fence Sitters
1,0,0,0,18,1,0,0,0,0,0,0,0,0,0,0,1,19.65,391.7,0,1,1,0,353.7,9.825,0,0.21823320646446862,2,Fence Sitters
0,0,0,0,1,1,0,2,0,0,0,0,1,0,0,1,0,79.95,79.95,1,0,2,1,79.95,26.65,1,0.9433860760097381,1,At Risk
1,0,0,0,1,1,0,0,0,0,0,0,0,0,0,0,0,19.3,19.3,1,0,1,1,19.3,9.65,1,0.5909946323374694,1,At Risk
0,0,0,0,9,1,0,2,0,0,1,0,1,1,0,1,0,94.05,811.65,0,0,4,1,846.4499999999999,18.81,1,0.8761801093001399,1,At Risk
0,0,0,0,2,1,1,2,1,0,0,0,0,1,0,0,1,90.75,174.75,0,0,3,1,181.5,22.6875,1,0.5535117485180575,1,At Risk
1,0,1,0,40,1,1,2,0,0,0,1,0,0,0,1,3,78.85,3126.85,0,2,2,0,3154.0,26.28333333333333,0,0.290304653112446,0,Champions
0,0,1,0,69,1,1,2,0,0,1,0,1,1,1,0,2,99.5,6841.45,0,3,4,0,6865.5,19.9,0,0.5418404748980978,0,Champions
1,0,1,0,37,1,1,2,1,0,1,1,0,1,1,1,0,99.2,3754.6,1,2,5,0,3670.4,16.533333333333335,0,0.2706304013035485,0,Champions
0,0,0,1,18,1,1,2,0,0,1,0,0,0,0,1,3,80.55,1406.65,0,1,2,0,1449.9,26.85,0,0.24963213721217725,1,At Risk
0,1,1,0,11,1,0,2,0,0,0,0,0,0,0,1,0,70.2,834.7,0,0,1,1,772.2,35.1,1,0.6313879523539894,1,At Risk
1,0,1,0,8,1,1,2,0,0,0,0,0,1,0,1,3,85.2,627.4,1,0,2,1,681.6,28.4,1,0.784164499070811,1,At Risk
1,0,0,0,3,1,1,2,0,0,0,0,0,0,0,0,0,75.25,242.0,1,0,1,1,225.75,37.625,1,0.8773490533377266,1,At Risk
0,0,1,1,55,1,0,1,1,0,0,0,0,1,1,0,3,59.45,3157.0,0,3,3,0,3269.75,14.8625,0,0.03522353779752336,0,Champions
0,0,1,0,33,1,1,2,0,1,1,0,0,1,0,1,0,93.35,3092.0,0,2,4,0,3080.55,18.67,0,0.6230746663632741,1,At Risk
1,0,0,0,46,1,0,1,0,0,0,0,0,0,0,0,2,44.95,2168.9,0,2,1,0,2067.7000000000003,22.475,0,0.27079134546754363,2,Fence Sitters
0,0,0,0,34,1,1,0,0,0,0,0,0,0,2,0,2,26.1,980.35,0,2,1,0,887.4000000000001,13.05,0,0.045798357011870336,2,Fence Sitters
1,0,0,0,3,1,0,0,0,0,0,0,0,0,0,0,0,20.2,65.95,0,0,1,1,60.6,10.1,1,0.39718817475642404,2,Fence Sitters
0,0,1,1,30,1,0,0,0,0,0,0,0,0,2,0,1,21.25,711.9,0,2,1,0,637.5,10.625,0,0.027670880614103194,2,Fence Sitters
1,0,0,0,33,1,1,1,1,0,0,1,0,0,1,0,0,59.4,1952.8,0,2,3,0,1960.2,14.85,0,0.07804066408021013,2,Fence Sitters
0,0,1,1,45,1,1,2,0,1,1,0,0,1,1,1,3,95.0,4368.85,0,2,4,0,4275.0,19.0,0,0.12626365493791694,0,Champions
0,0,0,0,40,1,0,1,1,1,0,1,0,0,0,1,1,61.9,2647.1,0,2,4,0,2476.0,12.38,0,0.13249076523387585,0,Champions
1,0,0,0,71,1,1,2,1,1,1,1,1,1,2,1,0,118.65,8477.6,0,3,7,0,8424.15,14.83125,0,0.05002562260990212,0,Champions
0,0,0,0,1,1,1,1,0,0,1,0,0,0,0,0,0,54.35,54.35,1,0,2,1,54.35,18.116666666666667,1,0.852375480300054,1,At Risk
1,0,1,1,72,0,0,1,1,1,1,1,1,1,2,0,2,64.45,4528.0,0,3,6,0,4640.400000000001,9.207142857142856,0,0.010465030645263138,0,Champions
1,0,1,1,22,1,0,2,0,0,0,0,0,1,0,1,0,80.15,1790.65,0,1,2,0,1763.3000000000002,26.71666666666667,0,0.4366243458345033,1,At Risk
0,0,1,1,46,1,0,0,0,0,0,0,0,0,1,1,2,20.2,845.6,0,2,1,0,929.2,10.1,0,0.026815609348035768,2,Fence Sitters
1,0,1,1,55,1,0,0,0,0,0,0,0,0,2,0,1,21.0,1210.3,0,3,1,0,1155.0,10.5,0,0.012686592124048424,2,Fence Sitters
0,0,0,0,1,1,0,0,0,0,0,0,0,0,0,0,1,20.45,20.45,0,0,1,1,20.45,10.225,1,0.5582599764745344,1,At Risk
1,0,0,0,12,1,1,1,0,0,0,1,1,1,1,1,1,75.85,854.45,0,0,4,1,910.2,15.169999999999998,0,0.2351371686437813,1,At Risk
0,0,0,0,31,1,1,2,0,1,0,0,0,0,0,1,0,80.45,2429.1,0,2,2,0,2493.9500000000003,26.816666666666663,0,0.7587072470460121,1,At Risk
0,0,1,0,5,0,0,1,0,0,0,0,0,0,0,1,0,24.95,100.4,1,0,0,1,124.75,24.95,1,0.6885812723710523,1,At Risk
1,0,1,1,67,1,1,1,1,0,0,0,1,1,2,1,0,75.5,5229.45,0,3,4,0,5058.5,15.1,0,0.061674684048990576,0,Champions
0,0,0,0,1,1,0,1,0,0,0,0,0,0,0,0,1,44.45,44.45,0,0,1,1,44.45,22.225,1,0.8098876077542447,1,At Risk
0,0,1,0,40,0,0,1,1,1,1,0,0,0,1,1,0,42.35,1716.45,1,2,3,0,1694.0,10.5875,0,0.18225041583723445,2,Fence Sitters
0,0,1,1,41,1,1,1,1,1,1,0,1,0,0,1,3,74.55,3023.55,0,2,5,0,3056.55,12.425,0,0.12877976017423956,0,Champions
0,0,0,0,1,1,1,2,0,0,0,0,0,0,0,1,0,75.3,75.3,1,0,1,1,75.3,37.65,1,0.9417306721089272,1,At Risk
0,0,0,0,51,1,1,2,1,1,0,0,1,0,1,1,0,94.8,4837.6,1,3,4,0,4834.8,18.96,0,0.34556960265353126,0,Champions
0,0,1,1,42,0,0,1,1,0,1,1,1,0,2,0,3,48.15,2032.3,0,2,4,0,2022.3,9.63,0,0.012316326684808143,0,Champions
0,0,1,1,23,1,0,0,0,0,0,0,0,0,1,0,1,19.65,436.9,0,1,1,0,451.95,9.825,0,0.029734012721354654,2,Fence Sitters
1,1,0,0,1,1,0,2,0,0,0,0,0,0,0,1,0,70.55,70.55,1,0,1,1,70.55,35.275,1,0.8995397269785576,1,At Risk
1,0,0,0,1,1,0,0,0,0,0,0,0,0,0,0,1,20.15,20.15,0,0,1,1,20.15,10.075,1,0.6327883982315128,1,At Risk
1,0,0,0,56,1,1,2,1,1,0,0,1,1,0,1,3,106.6,5893.95,0,3,5,0,5969.599999999999,17.766666666666666,0,0.38062869843715846,0,Champions
0,0,0,1,15,1,1,2,0,1,0,0,1,0,0,1,0,91.0,1430.05,0,1,3,0,1365.0,22.75,0,0.6113698342447234,1,At Risk
0,0,1,1,12,1,1,0,0,0,0,0,0,0,2,1,2,25.4,313.0,0,0,1,1,304.79999999999995,12.7,0,0.029203246879953536,2,Fence Sitters
1,0,1,1,54,1,0,1,1,0,1,1,0,1,2,0,2,69.95,3871.85,0,3,5,0,3777.3,11.658333333333331,0,0.011836907455870472,0,Champions
1,0,0,0,7,1,0,1,0,0,0,0,1,1,0,1,0,66.85,458.1,0,0,3,1,467.94999999999993,16.7125,1,0.671070866166634,1,At Risk
1,0,1,1,33,1,1,2,0,0,0,0,0,1,0,0,3,86.15,2745.7,1,2,2,0,2842.9500000000003,28.71666666666667,0,0.45479941609955676,1,At Risk
0,0,1,1,16,1,0,0,0,0,0,0,0,0,0,0,0,20.15,341.35,0,1,1,0,322.4,10.075,0,0.14150496324408623,2,Fence Sitters
1,0,0,1,21,1,0,1,1,0,1,0,0,1,1,0,1,64.85,1336.8,0,1,4,0,1361.85,12.97,0,0.04286912558130001,0,Champions
0,1,1,0,30,1,1,1,0,0,1,0,1,1,2,0,0,74.85,2181.75,0,2,4,0,2245.5,14.97,0,0.11501423970815627,0,Champions
0,0,0,0,3,1,0,1,0,0,0,1,0,0,0,1,1,50.5,147.75,0,0,2,1,151.5,16.833333333333332,1,0.5708821752148513,1,At Risk
0,0,0,0,11,1,0,2,0,0,1,0,0,0,0,0,0,72.9,818.45,0,0,2,1,801.9000000000001,24.3,1,0.7898202178184647,1,At Risk
1,0,0,0,62,1,1,2,1,1,1,1,1,1,1,1,3,115.05,7133.45,0,3,7,0,7133.099999999999,14.38125,0,0.16936675373044024,0,Champions
0,0,0,0,18,1,0,0,0,0,0,0,0,0,0,0,0,19.0,348.8,0,1,1,0,342.0,9.5,0,0.22070546291068904,2,Fence Sitters
0,0,0,1,6,1,0,0,0,0,0,0,0,0,0,0,1,19.55,128.6,0,0,1,1,117.3,9.775,1,0.13601034874919804,2,Fence Sitters
1,0,0,0,46,1,1,2,0,0,1,0,1,1,1,1,0,101.1,4674.4,0,2,4,0,4650.599999999999,20.22,0,0.3242604847105169,0,Champions
0,0,0,0,21,1,1,2,0,0,0,0,0,1,0,1,0,84.1,1737.45,0,1,2,0,1766.1,28.03333333333333,0,0.8636145393347145,1,At Risk
0,0,0,0,68,1,1,0,0,0,0,0,0,0,2,1,2,24.15,1498.85,0,3,1,0,1642.1999999999998,12.075,0,0.015487736502665769,2,Fence Sitters
1,0,0,0,1,1,1,1,0,0,0,0,0,0,0,1,0,50.1,50.1,0,0,1,1,50.1,25.05,1,0.7896408142435564,1,At Risk
1,0,1,0,25,1,0,2,0,0,1,0,0,0,0,1,0,74.6,1797.75,0,2,2,0,1865.0,24.866666666666664,0,0.5178487641752068,1,At Risk
1,0,0,1,24,1,0,0,0,0,0,0,0,0,2,0,1,19.75,498.1,0,1,1,0,474.0,9.875,0,0.018584831710563656,2,Fence Sitters
1,0,1,0,30,1,1,2,0,0,0,0,0,1,0,1,0,85.0,2624.25,1,2,2,0,2550.0,28.33333333333333,0,0.744104667185898,1,At Risk
1,0,0,0,2,1,0,2,0,0,0,0,0,1,0,0,0,80.55,184.1,1,0,2,1,161.1,26.85,1,0.8936649079913755,1,At Risk
0,0,1,0,51,1,1,2,0,1,1,0,1,1,1,1,2,106.8,5498.8,0,3,5,0,5446.8,17.8,0,0.5711263609831768,0,Champions
1,0,1,1,57,1,1,1,1,0,1,1,1,1,2,1,0,84.5,4845.4,0,3,6,0,4816.5,12.071428571428571,0,0.030690868004443064,0,Champions
1,0,0,0,15,1,1,0,0,0,0,0,0,0,2,0,2,25.05,369.1,0,1,1,0,375.75,12.525,0,0.035254526411032085,2,Fence Sitters
1,0,1,1,72,1,0,1,1,1,1,1,1,1,2,1,2,83.7,6096.9,0,3,7,0,6026.400000000001,10.4625,0,0.006341503982151237,0,Champions
1,0,0,0,2,1,0,2,0,0,1,0,0,0,0,1,0,75.8,160.75,1,0,2,1,151.6,25.266666666666666,1,0.8159073436312039,1,At Risk
0,0,1,0,28,1,1,2,0,1,1,0,1,0,0,0,3,96.6,2684.35,0,2,4,0,2704.8,19.32,0,0.4459379228019559,0,Champions
0,1,1,0,29,1,1,2,0,0,1,0,1,1,0,1,0,98.5,3004.15,1,2,4,0,2856.5,19.7,0,0.8071009535110304,1,At Risk
0,0,1,1,70,1,0,2,1,1,1,1,1,0,2,1,3,101.1,6994.8,0,3,6,0,7077.0,14.44285714285714,0,0.04446097924372652,0,Champions
1,0,0,0,13,1,0,0,0,0,0,0,0,0,1,0,1,20.2,273.25,0,1,1,0,262.6,10.1,0,0.057481211913621745,2,Fence Sitters
1,1,1,0,59,1,1,2,1,1,1,1,0,0,1,1,0,94.05,5483.9,0,3,5,0,5548.95,15.675,0,0.13469597313815215,0,Champions
0,1,1,0,13,1,1,2,0,0,0,0,1,1,0,1,0,95.25,1233.65,1,1,3,0,1238.25,23.8125,0,0.8490511451644552,1,At Risk
0,1,1,0,7,1,1,2,0,0,0,0,0,0,0,1,1,74.4,527.9,1,0,1,1,520.8000000000001,37.2,1,0.7835266535892196,1,At Risk
1,0,1,0,62,1,0,1,1,0,1,1,1,1,2,0,1,81.0,4985.9,0,3,6,0,5022.0,11.571428571428571,0,0.01565441263165482,0,Champions
1,0,0,0,21,1,0,1,1,0,1,1,0,0,1,1,0,60.25,1258.35,0,1,4,0,1265.25,12.05,0,0.06750146146685905,0,Champions
1,0,0,0,2,1,0,1,0,0,1,0,0,1,0,0,0,60.85,111.4,0,0,3,1,121.7,15.2125,1,0.6057582486506654,1,At Risk
1,0,0,0,1,1,0,1,0,0,0,0,0,0,0,0,3,43.95,43.95,0,0,1,1,43.95,21.975,1,0.4404408739599354,1,At Risk
0,0,0,0,4,1,0,2,0,0,1,0,0,1,0,0,0,86.05,308.1,0,0,3,1,344.2,21.5125,1,0.8868395919961807,1,At Risk
1,0,0,0,19,1,0,0,0,0,0,0,0,0,1,0,3,20.25,383.65,0,1,1,0,384.75,10.125,0,0.0430533025274824,2,Fence Sitters
1,0,0,0,30,1,0,2,0,0,0,1,1,0,0,0,0,85.15,2555.9,1,2,3,0,2554.5,21.2875,0,0.5888241336465442,1,At Risk
0,0,1,1,67,1,0,0,0,0,0,0,0,0,2,1,3,19.4,1284.2,0,3,1,0,1299.8,9.7,0,0.005835136870094433,2,Fence Sitters
0,1,1,0,72,1,1,2,1,1,1,0,0,1,2,1,3,102.65,7550.3,0,3,5,0,7390.8,17.108333333333334,0,0.04056950195336329,0,Champions
0,0,1,0,53,1,0,0,0,0,0,0,0,0,2,0,3,19.9,1110.05,0,3,1,0,1054.6999999999998,9.95,0,0.011965174258586066,2,Fence Sitters
1,0,0,0,5,1,0,0,0,0,0,0,0,0,1,0,0,19.55,99.6,0,0,1,1,97.75,9.775,0,0.07564882628444865,2,Fence Sitters
0,1,1,0,71,1,0,2,0,1,1,1,0,1,2,1,3,95.5,6707.15,0,3,5,0,6780.5,15.916666666666666,0,0.05994929144731765,0,Champions
1,0,1,1,50,1,1,1,0,1,1,1,1,1,1,1,3,84.15,4164.4,0,3,6,0,4207.5,12.021428571428572,0,0.05965229616473117,0,Champions
0,0,1,1,56,1,1,2,0,0,1,1,1,1,2,1,0,103.2,5873.75,0,3,5,0,5779.2,17.2,0,0.17008259154796002,0,Champions
0,0,0,0,2,1,0,1,0,0,0,1,0,0,0,1,3,50.2,109.25,0,0,2,1,100.4,16.733333333333334,1,0.3733341497389856,1,At Risk
1,1,0,0,2,1,1,2,0,0,1,0,0,1,0,1,0,88.55,179.25,1,0,3,1,177.1,22.1375,1,0.8963560815387013,1,At Risk
0,0,1,1,24,1,1,1,1,0,0,0,0,0,0,0,0,54.75,1338.15,1,1,2,0,1314.0,18.25,0,0.21195583000951296,2,Fence Sitters
0,0,1,1,46,1,0,0,0,0,0,0,0,0,2,0,3,19.95,862.4,0,2,1,0,917.7,9.975,0,0.012257296124258465,2,Fence Sitters
0,0,1,0,71,1,1,2,1,1,1,1,1,1,2,1,0,116.25,8564.75,0,3,7,0,8253.75,14.53125,0,0.05069461574676448,0,Champions
1,0,0,0,29,0,0,1,0,0,0,1,0,0,0,1,0,31.2,926.2,0,2,1,0,904.8,15.6,0,0.5207379446170854,2,Fence Sitters
0,0,1,1,69,1,1,0,0,0,0,0,0,0,2,0,2,24.45,1718.2,0,3,1,0,1687.05,12.225,0,0.009668479575331498,2,Fence Sitters
0,0,1,0,71,1,1,1,0,1,1,1,1,1,2,0,3,84.2,5956.85,0,3,6,0,5978.2,12.028571428571428,0,0.01597523476929268,0,Champions
1,1,0,0,1,1,0,2,0,0,0,0,1,1,0,1,0,91.3,91.3,1,0,3,1,91.3,22.825,1,0.9407931201253343,1,At Risk
0,1,1,0,56,1,0,1,1,1,1,1,1,1,2,1,2,85.65,4824.45,0,3,7,0,4796.400000000001,10.70625,0,0.015100574745653378,0,Champions
0,0,0,1,56,1,0,0,0,0,0,0,0,0,1,1,1,21.2,1238.65,0,3,1,0,1187.2,10.6,0,0.0178961293322719,2,Fence Sitters
0,0,0,0,1,1,0,2,0,0,0,0,1,0,0,1,0,79.5,79.5,1,0,2,1,79.5,26.5,1,0.9533593137361921,1,At Risk
1,0,1,0,28,1,1,0,0,0,0,0,0,0,1,0,1,25.55,672.2,0,2,1,0,715.4,12.775,0,0.05973424261341018,2,Fence Sitters
1,0,1,1,19,1,0,0,0,0,0,0,0,0,0,0,1,20.2,382.2,0,1,1,0,383.8,10.1,0,0.10241108266105478,2,Fence Sitters
0,0,1,0,66,1,1,1,0,0,0,1,0,1,0,0,0,63.85,4264.6,0,3,3,0,4214.1,15.9625,0,0.16085608526717074,0,Champions
1,0,1,1,17,1,1,1,0,0,1,1,0,0,1,1,1,61.95,1070.7,0,1,3,0,1053.15,15.4875,0,0.10274329348969576,2,Fence Sitters
0,0,1,1,52,1,1,0,0,0,0,0,0,0,2,0,1,25.75,1345.85,0,3,1,0,1339.0,12.875,0,0.01946844784993291,2,Fence Sitters
1,0,0,0,19,1,0,1,0,1,0,0,1,0,1,0,0,58.2,1045.25,0,1,3,0,1105.8,14.55,0,0.10348112595384754,2,Fence Sitters
1,0,0,0,36,1,0,1,1,1,1,1,1,1,1,0,2,85.85,3003.55,0,2,7,0,3090.6,10.73125,0,0.09037008170202881,0,Champions
0,1,1,0,7,1,0,2,0,0,0,0,0,0,0,1,1,70.1,467.55,1,0,1,1,490.69999999999993,35.05,1,0.5072716187055982,1,At Risk
0,0,1,1,72,1,1,2,1,1,1,1,0,1,1,1,3,104.9,7537.5,0,3,6,0,7552.8,14.985714285714286,0,0.06500715326057543,0,Champions
0,0,1,1,67,1,1,2,1,1,1,0,1,1,1,1,0,111.3,7482.1,1,3,6,0,7457.099999999999,15.9,0,0.13120191908400056,0,Champions
0,1,0,0,34,1,0,2,0,1,1,0,1,1,1,1,0,99.85,3343.15,0,2,5,0,3394.9,16.641666666666666,0,0.40798060190259505,0,Champions
0,1,1,0,57,1,1,2,0,1,1,0,0,1,0,1,2,95.25,5427.05,1,3,4,0,5429.25,19.05,0,0.45641903778712806,0,Champions
1,0,1,0,7,1,0,2,0,0,1,0,1,0,0,1,0,86.25,587.1,1,0,3,1,603.75,21.5625,1,0.829452279217402,1,At Risk
1,1,1,0,1,1,1,2,0,0,1,0,1,1,0,1,0,100.8,100.8,1,0,4,1,100.8,20.16,1,0.8895880199852996,1,At Risk
0,0,1,0,8,1,0,0,0,0,0,0,0,0,0,1,2,19.55,161.15,0,0,1,1,156.4,9.775,1,0.21324003132157993,2,Fence Sitters
1,0,0,0,69,1,1,2,0,0,1,1,1,1,2,0,0,104.0,7028.5,0,3,5,0,7176.0,17.333333333333332,0,0.2668072931067476,0,Champions
1,0,1,0,50,1,1,2,1,0,1,0,1,1,1,1,1,104.4,5232.9,0,3,5,0,5220.0,17.400000000000002,0,0.3103770156554815,0,Champions
0,0,0,0,10,1,0,0,0,0,0,0,0,0,1,0,1,19.5,225.85,0,0,1,1,195.0,9.75,0,0.06449707477752732,2,Fence Sitters
1,0,1,1,12,1,1,0,0,0,0,0,0,0,2,0,3,25.25,274.7,0,0,1,1,303.0,12.625,0,0.028009768260119163,2,Fence Sitters
1,0,0,0,14,1,0,2,0,1,0,0,0,1,0,1,0,86.3,1180.95,1,1,3,0,1208.2,21.575,0,0.755864808729267,1,At Risk
1,0,1,0,70,0,0,1,1,0,1,1,0,1,2,1,2,49.85,3370.2,0,3,4,0,3489.5,9.97,0,0.02020206255170894,0,Champions
1,1,0,0,64,1,1,2,1,0,1,1,1,1,0,1,2,108.95,7111.3,0,3,6,0,6972.8,15.564285714285717,0,0.22655150753122327,0,Champions
1,0,1,1,66,1,1,1,1,1,1,1,1,1,2,0,3,89.9,5958.85,0,3,7,0,5933.400000000001,11.2375,0,0.022898507102287694,0,Champions
1,0,1,1,71,1,0,1,1,0,1,1,1,1,2,1,3,82.0,5999.85,0,3,6,0,5822.0,11.714285714285714,0,0.008087976076101445,0,Champions
0,1,0,0,20,1,0,2,0,0,0,0,1,1,0,0,0,89.95,1648.45,0,1,3,0,1799.0,22.4875,0,0.7961492530898554,1,At Risk
0,0,1,0,72,1,0,1,1,1,0,1,1,1,2,1,2,79.35,5753.25,0,3,6,0,5713.2,11.335714285714284,0,0.014873171740866754,0,Champions
1,0,1,1,71,1,0,1,1,1,1,1,0,0,2,0,3,64.05,4492.9,0,3,5,0,4547.55,10.675,0,0.009270111609286381,0,Champions
0,0,1,1,38,1,1,2,0,0,1,0,1,1,0,1,3,101.15,3956.7,0,2,4,0,3843.7,20.23,0,0.33976121043188645,0,Champions
1,0,0,0,28,1,1,2,0,1,0,0,0,1,0,1,0,89.95,2625.55,1,2,3,0,2518.6,22.4875,0,0.7317681765061361,1,At Risk
0,1,1,0,17,1,0,2,0,1,0,0,0,0,0,1,0,76.45,1233.4,1,1,2,0,1299.65,25.48333333333333,0,0.6994397357490922,1,At Risk
0,0,0,0,33,0,0,1,0,1,0,0,1,0,1,1,0,39.1,1309.0,0,2,2,0,1290.3,13.033333333333331,0,0.22292563332459034,2,Fence Sitters
1,0,1,1,23,0,0,1,1,0,0,1,0,0,2,0,1,34.6,813.45,0,1,2,0,795.8000000000001,11.533333333333331,0,0.02203503051297775,2,Fence Sitters
0,0,1,1,58,1,0,0,0,0,0,0,0,0,1,1,0,19.55,1108.8,0,3,1,0,1133.9,9.775,0,0.0400308459652405,2,Fence Sitters
1,1,1,0,70,1,1,2,0,1,0,1,1,1,2,1,2,104.45,7349.35,0,3,5,0,7311.5,17.408333333333335,0,0.10060975466301113,0,Champions
0,0,1,0,4,1,0,2,0,0,0,0,0,0,0,0,0,70.5,294.2,0,0,1,1,282.0,35.25,1,0.814225348996739,1,At Risk
0,0,1,1,45,1,0,0,0,0,0,0,0,0,2,0,1,20.35,929.2,0,2,1,0,915.75,10.175,0,0.012462237160193443,2,Fence Sitters
0,0,0,0,10,1,0,2,0,0,0,0,0,0,0,1,0,70.0,740.0,1,0,1,1,700.0,35.0,1,0.7414929356967079,1,At Risk
0,0,1,1,36,1,0,0,0,0,0,0,0,0,2,0,3,19.45,754.5,0,2,1,0,700.1999999999999,9.725,0,0.010274489141080596,2,Fence Sitters
0,0,0,0,54,1,0,1,1,1,0,1,1,0,0,1,1,69.9,3883.3,0,3,5,0,3774.6,11.65,0,0.07397016220615066,0,Champions
0,0,1,1,23,1,1,1,0,1,0,1,0,0,2,0,1,59.7,1414.2,0,1,3,0,1373.1,14.925,0,0.030461171221923055,2,Fence Sitters
1,0,1,1,41,1,1,1,1,1,1,0,1,0,1,1,3,78.35,3211.2,0,2,5,0,3212.35,13.058333333333332,0,0.06561569357398381,0,Champions
0,1,0,0,5,1,0,2,0,0,0,0,0,0,0,1,1,71.45,371.6,0,0,1,1,357.25,35.725,1,0.729307350047421,1,At Risk
0,0,1,1,27,0,0,1,0,1,1,0,0,1,1,1,3,45.85,1246.4,0,2,3,0,1237.95,11.4625,0,0.14434204095177366,2,Fence Sitters
1,0,0,0,1,1,0,2,0,0,0,1,1,1,0,1,0,95.85,95.85,0,0,4,1,95.85,19.17,1,0.8332400350301334,1,At Risk
1,0,1,1,67,0,0,1,1,0,0,1,0,0,2,0,3,35.7,2545.7,0,3,2,0,2391.9,11.9,0,0.007922290707424949,2,Fence Sitters
1,1,1,1,72,1,1,1,1,1,1,1,1,1,2,1,3,89.55,6448.85,0,3,7,0,6447.599999999999,11.19375,0,0.008962875815443616,0,Champions
1,0,1,1,56,1,1,0,0,0,0,0,0,0,2,1,3,24.95,1468.9,0,3,1,0,1397.2,12.475,0,0.008249303561354972,2,Fence Sitters
0,0,1,1,44,1,1,0,0,0,0,0,0,0,1,0,0,24.85,1013.6,0,2,1,0,1093.4,12.425,0,0.11116498782753119,2,Fence Sitters
1,1,1,0,66,1,1,2,0,1,0,0,1,1,0,1,0,100.8,6690.75,0,3,4,0,6652.8,20.16,0,0.43019403482300056,0,Champions
1,0,0,0,34,1,1,1,1,1,0,1,0,0,1,1,1,64.4,2088.75,1,2,4,0,2189.6000000000004,12.88,0,0.06871545647693046,0,Champions
1,0,1,0,69,1,1,2,0,0,1,1,1,1,2,0,2,105.35,7240.65,0,3,5,0,7269.15,17.558333333333334,0,0.20123975882655717,0,Champions
1,0,1,1,1,1,1,2,1,0,1,0,1,1,0,1,0,102.45,102.45,1,0,5,1,102.45,17.075,1,0.8199197079049513,1,At Risk
1,0,0,0,40,1,0,0,0,0,0,0,0,0,2,0,3,19.65,830.25,0,2,1,0,786.0,9.825,0,0.016347321084353647,2,Fence Sitters
0,0,1,1,30,1,1,1,1,0,0,0,0,0,0,1,2,54.45,1588.7,0,2,2,0,1633.5,18.15,0,0.11436439040135357,2,Fence Sitters
1,0,0,0,11,1,0,1,0,0,0,1,1,1,0,0,1,70.5,829.3,0,0,4,1,775.5,14.1,1,0.3159482938311699,1,At Risk
1,0,0,0,15,1,0,0,0,0,0,0,0,0,1,0,3,20.1,302.45,0,1,1,0,301.5,10.05,0,0.04798225301126889,2,Fence Sitters
0,0,0,0,11,1,0,1,0,0,1,0,1,1,0,1,0,69.35,712.25,0,0,4,1,762.8499999999999,13.87,1,0.5650849592040729,1,At Risk
1,0,1,1,64,1,0,0,0,0,0,0,0,0,1,0,2,19.8,1336.65,0,3,1,0,1267.2,9.9,0,0.02073037943113947,2,Fence Sitters
0,1,1,0,72,1,0,1,1,1,1,1,1,0,2,0,2,74.4,5360.75,0,3,6,0,5356.8,10.62857142857143,0,0.00956683640102554,0,Champions
0,1,1,0,72,1,1,2,1,1,1,1,0,0,2,1,2,93.05,6735.05,0,3,5,0,6699.599999999999,15.508333333333333,0,0.03035993427294498,0,Champions
1,0,0,1,1,1,0,1,1,0,0,0,0,0,0,0,1,51.2,51.2,0,0,2,1,51.2,17.066666666666666,1,0.44669717417565546,1,At Risk
1,0,0,1,15,1,0,1,1,1,1,1,0,0,1,0,3,65.6,1010.0,0,1,5,0,984.0,10.933333333333332,0,0.0555457270373147,0,Champions
1,0,0,0,60,1,1,1,0,0,1,1,1,1,1,0,3,80.55,4847.05,0,3,5,0,4833.0,13.425,0,0.08841928159147235,0,Champions
0,0,0,0,56,1,0,1,1,0,1,0,0,0,1,0,1,52.7,3019.7,0,3,3,0,2951.2000000000003,13.175,0,0.0658373586248936,2,Fence Sitters
1,0,0,0,8,1,0,0,0,0,0,0,0,0,2,0,1,20.85,161.65,0,0,1,1,166.8,10.425,0,0.03341056312853355,2,Fence Sitters
1,0,0,0,3,1,0,2,0,0,1,1,0,0,0,0,3,80.1,217.55,1,0,3,1,240.3,20.025,1,0.5464903739035707,1,At Risk
1,0,1,0,49,1,1,1,0,0,0,0,0,0,0,1,3,52.15,2583.75,0,3,1,0,2555.35,26.075,0,0.15626209219022108,2,Fence Sitters
1,0,0,0,2,1,0,2,0,0,0,0,1,0,0,1,0,80.2,146.05,1,0,2,1,160.4,26.73333333333333,1,0.8930766808254201,1,At Risk
1,0,0,0,6,1,0,2,1,1,1,1,0,1,0,1,2,98.15,567.45,1,0,6,1,588.9000000000001,14.021428571428572,1,0.4403159247256746,0,Champions
0,0,0,0,70,1,1,2,1,1,1,1,1,1,2,1,2,114.95,7711.25,0,3,7,0,8046.5,14.36875,0,0.26957136628369555,0,Champions
0,0,0,0,12,1,1,2,0,1,1,1,1,1,0,1,1,112.95,1384.75,1,0,6,1,1355.4,16.135714285714286,1,0.7451198780838911,1,At Risk
0,1,1,0,52,1,0,2,1,0,1,1,1,1,1,1,2,104.45,5481.25,0,3,6,0,5431.400000000001,14.921428571428573,0,0.3363517842571461,0,Champions
1,0,1,0,72,1,1,2,1,1,1,1,1,1,2,1,3,113.65,8124.2,0,3,7,0,8182.8,14.20625,0,0.014364159997531349,0,Champions
1,0,0,0,40,1,0,0,0,0,0,0,0,0,2,1,2,20.6,827.3,0,2,1,0,824.0,10.3,0,0.01722247429864728,2,Fence Sitters
1,0,0,0,1,1,0,2,0,0,0,0,0,0,0,0,1,70.9,70.9,1,0,1,1,70.9,35.45,1,0.9234126268331109,1,At Risk
1,1,0,0,3,1,0,2,0,0,1,0,1,0,0,1,0,86.85,220.95,1,0,3,1,260.54999999999995,21.7125,1,0.8668964111742249,1,At Risk
1,1,0,0,40,1,0,2,0,0,0,0,1,1,0,1,0,91.55,3673.6,0,2,3,0,3662.0,22.8875,0,0.7491699672545611,1,At Risk
0,0,0,1,1,1,0,1,0,0,1,0,0,0,0,1,0,49.85,49.85,0,0,2,1,49.85,16.616666666666667,1,0.796249063483562,1,At Risk
0,0,1,0,30,1,0,0,0,0,0,0,0,0,1,0,3,19.8,576.65,0,2,1,0,594.0,9.9,0,0.02891298079591209,2,Fence Sitters
0,0,1,1,23,1,0,2,1,0,0,1,1,1,0,1,0,99.85,2331.3,1,1,5,0,2296.55,16.641666666666666,0,0.5425199515225276,0,Champions
0,0,1,1,1,1,1,2,0,0,0,0,0,0,0,1,0,74.5,74.5,1,0,1,1,74.5,37.25,1,0.9019582535394072,1,At Risk
1,1,1,0,44,1,1,2,0,0,1,1,1,1,0,0,0,104.15,4495.65,0,2,5,0,4582.6,17.358333333333334,0,0.5261093123222481,0,Champions
0,0,0,0,65,1,1,2,0,1,1,1,1,1,0,1,0,109.15,6941.2,1,3,6,0,7094.75,15.592857142857143,0,0.5404654025259326,0,Champions
1,1,0,0,7,1,0,1,1,0,0,0,0,0,0,1,0,48.2,340.35,0,0,2,1,337.40000000000003,16.066666666666666,1,0.4864485034343004,1,At Risk
0,1,0,0,72,1,1,0,0,0,0,0,0,0,2,1,3,25.1,1789.9,0,3,1,0,1807.2,12.55,0,0.008114067278894117,2,Fence Sitters
1,1,0,0,8,1,1,2,0,0,0,1,1,1,0,1,3,100.15,908.55,0,0,4,1,801.2,20.03,1,0.8034979330726627,1,At Risk
1,0,0,0,16,1,1,1,0,0,1,0,0,1,0,1,3,65.2,1043.35,1,1,3,0,1043.2,16.3,0,0.4124386881019718,1,At Risk
0,1,1,1,66,1,1,2,0,0,1,0,1,1,0,1,3,99.5,6822.15,1,3,4,0,6567.0,19.9,0,0.43386869166609154,0,Champions
0,0,0,0,1,1,0,2,0,0,0,0,0,0,0,1,1,71.55,71.55,1,0,1,1,71.55,35.775,1,0.9141332197823884,1,At Risk
0,0,0,1,3,1,0,1,1,0,1,0,0,0,0,0,1,55.9,157.55,0,0,3,1,167.7,13.975,1,0.3238994792107248,1,At Risk
0,0,1,0,53,1,1,2,1,0,1,0,0,1,0,0,0,93.9,5029.2,1,3,4,0,4976.700000000001,18.78,0,0.49860189249386194,0,Champions
0,1,1,0,8,1,0,1,0,0,1,1,0,1,0,1,3,64.4,581.7,0,0,4,1,515.2,12.88,1,0.08880508672907178,2,Fence Sitters
0,1,1,0,69,1,1,2,0,1,1,1,1,1,2,1,2,108.4,7318.2,1,3,6,0,7479.6,15.485714285714286,0,0.37292284324520786,0,Champions
1,0,0,0,5,1,0,2,0,1,0,0,1,0,0,1,1,85.3,420.45,0,0,3,1,426.5,21.325,1,0.8345741512571551,1,At Risk
1,0,1,1,72,1,1,2,1,0,1,1,1,1,2,0,1,107.45,7576.7,0,3,6,0,7736.400000000001,15.35,0,0.023868810972547536,0,Champions
1,0,1,0,13,0,0,1,0,0,1,0,1,1,0,1,2,48.75,633.4,1,1,3,0,633.75,12.1875,0,0.5086783047667193,1,At Risk
1,0,0,0,4,1,1,2,0,0,0,0,1,0,0,1,0,85.65,321.65,1,0,2,1,342.6,28.55,1,0.9096489040488231,1,At Risk
1,0,1,1,54,1,1,1,1,1,1,1,1,1,2,0,3,91.3,4965.0,0,3,7,0,4930.2,11.4125,0,0.025878550675236398,0,Champions
0,0,1,0,72,1,1,1,0,1,1,1,1,1,2,0,2,85.95,6151.9,0,3,6,0,6188.400000000001,12.278571428571428,0,0.024227064319489244,0,Champions
0,0,0,0,12,1,1,2,0,1,1,0,1,1,0,1,0,106.7,1253.9,1,0,5,1,1280.4,17.783333333333335,1,0.8749126518185362,1,At Risk
0,0,0,0,1,0,0,1,0,0,0,0,0,0,0,1,0,25.15,25.15,1,0,0,1,25.15,25.15,1,0.8705491384105822,1,At Risk
0,1,0,0,1,1,0,1,0,0,0,0,0,0,0,0,0,45.2,45.2,0,0,1,1,45.2,22.6,1,0.8920340215148078,1,At Risk
1,0,1,0,54,1,1,2,0,1,1,1,1,1,1,0,0,110.35,5893.15,1,3,6,0,5958.9,15.764285714285714,0,0.29394781642903706,0,Champions
0,0,1,1,69,1,1,2,0,0,1,0,0,0,2,1,3,79.2,5420.65,0,3,2,0,5464.8,26.4,0,0.0240668728109575,0,Champions
1,0,0,0,48,1,0,1,1,1,0,0,0,0,2,0,3,55.5,2627.35,0,2,3,0,2664.0,13.875,0,0.0336345312138533,2,Fence Sitters
1,0,1,1,48,1,1,2,1,1,0,0,1,1,1,1,3,103.25,5037.55,1,2,5,0,4956.0,17.208333333333332,0,0.1970995312276461,0,Champions
1,0,1,0,8,1,1,2,0,0,0,1,0,1,0,1,0,90.25,743.75,0,0,3,1,722.0,22.5625,1,0.6576818710674226,1,At Risk
0,0,1,1,71,1,1,1,1,1,1,1,1,1,2,1,1,91.25,6589.6,0,3,7,0,6478.75,11.40625,0,0.011820610628403555,0,Champions
0,0,0,0,2,1,0,1,1,0,0,0,0,0,0,1,0,47.8,92.45,1,0,2,1,95.6,15.933333333333332,1,0.7108544252904713,1,At Risk
0,0,1,0,67,1,0,2,1,1,0,0,1,1,1,1,3,100.9,6733.15,0,3,5,0,6760.3,16.816666666666666,0,0.30282046483483355,0,Champions
0,0,1,1,34,1,1,2,0,1,0,0,1,1,0,1,2,97.7,3410.0,0,2,4,0,3321.8,19.54,0,0.42001222852211345,0,Champions
1,0,0,0,3,1,0,2,0,0,0,0,0,0,0,1,0,69.85,199.85,0,0,1,1,209.55,34.925,1,0.8088075514175,1,At Risk
1,0,1,1,9,1,0,1,0,1,0,1,1,0,1,1,1,65.6,593.3,0,0,4,1,590.4,13.12,0,0.0425581936243681,0,Champions
0,0,1,1,71,1,0,2,1,1,1,0,1,1,1,1,2,104.65,7288.4,0,3,6,0,7430.150000000001,14.95,0,0.07547835642126127,0,Champions
0,0,0,0,57,1,1,2,0,0,0,1,1,0,2,1,3,90.45,5229.8,0,3,3,0,5155.650000000001,22.6125,0,0.09424611856785471,0,Champions
0,0,0,0,72,0,0,1,1,1,1,1,1,1,2,1,2,63.7,4464.8,0,3,6,0,4586.400000000001,9.1,0,0.013039247470864915,0,Champions
1,1,1,1,48,1,0,2,1,0,1,1,1,1,0,1,0,104.5,5068.05,0,2,6,0,5016.0,14.928571428571429,0,0.27187654973897035,0,Champions
0,0,0,0,18,1,0,0,0,0,0,0,0,0,1,0,1,20.1,401.85,0,1,1,0,361.8,10.05,0,0.05526624448362687,2,Fence Sitters
0,0,1,1,43,1,1,2,0,0,1,1,1,1,1,1,3,104.3,4451.85,0,2,5,0,4484.9,17.383333333333333,0,0.30471763571927923,0,Champions
1,0,1,1,72,1,1,1,1,1,1,1,1,1,2,1,2,93.25,6688.95,0,3,7,0,6714.0,11.65625,0,0.0208529757399664,0,Champions
0,0,1,1,35,1,1,1,0,0,0,1,1,1,1,1,2,73.45,2661.1,0,2,4,0,2570.75,14.69,0,0.10840749990246239,0,Champions
0,0,0,0,4,1,0,0,0,0,0,0,0,0,0,0,1,20.7,73.05,0,0,1,1,82.8,10.35,1,0.2990014381108048,2,Fence Sitters
1,0,1,1,49,1,1,0,0,0,0,0,0,0,2,0,1,25.25,1211.65,0,3,1,0,1237.25,12.625,0,0.017989797439377155,2,Fence Sitters
1,0,1,1,71,1,1,2,1,1,1,0,1,0,2,0,2,100.5,7030.65,0,3,5,0,7135.5,16.75,0,0.04122922860787034,0,Champions
0,0,1,1,11,1,0,2,0,0,0,0,1,1,0,0,0,90.6,1020.2,0,0,3,1,996.6,22.65,1,0.6595152346260013,1,At Risk
0,0,1,1,63,1,1,1,1,1,1,1,1,1,2,1,3,89.4,5597.65,0,3,7,0,5632.200000000001,11.175,0,0.015160580745557062,0,Champions
1,1,0,0,65,1,1,2,0,1,1,0,1,0,0,1,2,95.45,6223.3,0,3,4,0,6204.25,19.09,0,0.3643738868734918,0,Champions
1,0,0,1,49,1,0,0,0,0,0,0,0,0,2,0,3,20.45,1024.65,0,3,1,0,1002.05,10.225,0,0.012290025339584287,2,Fence Sitters
1,0,0,0,29,1,1,2,0,0,1,0,1,1,0,1,3,98.6,2933.2,1,2,4,0,2859.4,19.72,0,0.6876808745001252,1,At Risk
1,1,1,0,15,1,1,2,0,0,1,1,0,0,0,1,0,83.05,1258.3,1,1,3,0,1245.75,20.7625,0,0.5926563536904086,1,At Risk
1,0,1,1,4,1,0,0,0,0,0,0,0,0,0,1,0,19.95,82.9,0,0,1,1,79.8,9.975,1,0.21427786839917498,2,Fence Sitters
1,0,1,0,72,1,1,2,0,1,1,1,1,1,1,0,3,109.15,7789.6,0,3,6,0,7858.8,15.592857142857143,0,0.22934362129010952,0,Champions
1,1,1,0,26,1,0,2,0,0,1,0,1,0,0,1,3,85.7,2067.0,0,2,3,0,2228.2000000000003,21.425,0,0.30382340697059884,1,At Risk
1,1,1,0,35,1,1,2,0,0,1,0,1,1,0,0,2,102.05,3452.55,0,2,4,0,3571.75,20.41,0,0.42080741359368534,0,Champions
1,0,0,0,57,1,1,2,0,1,0,1,0,1,1,0,0,94.7,5468.95,0,3,4,0,5397.900000000001,18.94,0,0.20159394180012624,0,Champions
0,0,1,1,28,1,1,1,0,1,0,0,0,1,0,0,0,64.4,1802.15,0,2,3,0,1803.2000000000005,16.1,0,0.2618906104776104,2,Fence Sitters
1,0,1,0,25,1,1,0,0,0,0,0,0,0,1,1,1,26.8,733.55,0,2,1,0,670.0,13.4,0,0.07106290475568279,2,Fence Sitters
1,0,1,0,47,1,0,1,1,0,1,0,1,0,1,1,3,66.05,3021.45,0,2,4,0,3104.35,13.21,0,0.052431197046423,0,Champions
1,0,1,1,57,1,1,1,1,1,0,1,0,0,0,0,2,65.2,3687.85,0,3,4,0,3716.4,13.04,0,0.0350630752017823,0,Champions
0,1,1,0,16,1,1,2,0,0,0,0,1,0,0,1,3,85.05,1391.15,0,1,2,0,1360.8,28.35,0,0.6103772503918884,1,At Risk
0,0,0,0,5,1,0,1,1,0,1,0,0,0,0,1,1,55.8,274.35,0,0,3,1,279.0,13.95,1,0.40026956763024846,1,At Risk
0,0,1,0,17,1,0,2,0,0,0,0,0,0,0,1,2,70.4,1214.05,1,1,1,0,1196.8000000000002,35.2,0,0.47749034580071037,1,At Risk
1,1,0,0,56,1,1,2,0,1,1,0,1,1,1,1,2,104.75,5510.65,1,3,5,0,5866.0,17.458333333333332,0,0.25093742347585113,0,Champions
0,0,1,1,72,1,0,0,0,0,0,0,0,0,2,0,2,19.95,1322.85,0,3,1,0,1436.4,9.975,0,0.006905793423955536,2,Fence Sitters
1,1,0,0,21,1,1,2,0,0,0,0,1,1,0,1,0,94.25,1973.75,1,1,3,0,1979.25,23.5625,0,0.7567992216762283,1,At Risk
1,0,1,1,48,0,0,1,1,0,1,0,0,1,1,0,3,45.0,2196.3,0,2,3,0,2160.0,11.25,0,0.04015207053290551,2,Fence Sitters
1,0,1,0,68,1,1,2,1,1,1,1,1,1,2,0,2,114.9,7843.55,0,3,7,0,7813.200000000001,14.3625,0,0.20143960167305733,0,Champions
1,0,0,0,30,1,1,2,1,0,0,1,1,1,0,0,2,106.4,3211.9,0,2,5,0,3192.0,17.733333333333334,0,0.5369819347201135,0,Champions
1,0,1,0,3,1,0,1,0,0,0,0,0,0,0,1,1,46.1,130.15,0,0,1,1,138.3,23.05,1,0.6116077369766201,1,At Risk
1,1,0,0,14,0,0,1,1,0,1,1,0,0,2,0,1,39.7,692.35,0,1,3,0,555.8000000000001,9.925,0,0.04119897473432074,2,Fence Sitters
1,0,0,1,4,1,0,0,0,0,0,0,0,0,0,1,2,20.05,85.5,0,0,1,1,80.2,10.025,1,0.16978713309165094,2,Fence Sitters
1,0,1,1,71,1,1,2,0,1,1,0,0,1,2,1,3,95.75,6849.4,0,3,4,0,6798.25,19.15,0,0.039807575092179935,0,Champions
0,0,1,1,8,1,1,0,0,0,0,0,0,0,1,0,1,24.4,203.95,0,0,1,1,195.2,12.2,0,0.08966620762312916,2,Fence Sitters
0,0,1,1,61,0,0,1,1,0,1,0,0,0,0,0,2,33.6,2117.2,0,3,2,0,2049.6,11.2,0,0.05315133738455181,2,Fence Sitters
0,0,1,1,72,1,1,2,0,1,1,1,0,0,2,0,2,90.45,6565.85,0,3,4,0,6512.400000000001,18.09,0,0.019573583486406265,0,Champions
1,0,0,0,5,1,1,2,0,0,0,0,1,0,0,1,0,84.0,424.75,0,0,2,1,420.0,28.0,1,0.8579852115041339,1,At Risk
1,0,0,0,49,1,0,1,1,1,1,1,0,0,2,0,2,67.4,3306.85,0,3,5,0,3302.6000000000004,11.233333333333334,0,0.02086225029593632,0,Champions
0,0,0,0,8,1,0,0,0,0,0,0,0,0,0,1,2,19.7,168.9,0,0,1,1,157.6,9.85,1,0.20114464699366633,2,Fence Sitters
0,0,0,0,3,1,0,2,0,0,0,0,0,1,0,1,0,80.35,253.8,0,0,2,1,241.05,26.78333333333333,1,0.9073574405742417,1,At Risk
0,0,1,1,9,1,0,0,0,0,0,0,0,0,2,0,1,19.6,197.4,0,0,1,1,176.4,9.8,0,0.021402060784404774,2,Fence Sitters
0,0,1,1,67,1,0,1,1,1,0,0,0,0,2,1,2,54.2,3838.2,0,3,3,0,3631.4,13.55,0,0.013465274246570832,0,Champions
0,0,0,0,46,1,0,1,0,0,0,0,0,0,0,1,3,45.2,2065.15,0,2,1,0,2079.2000000000003,22.6,0,0.25570662374837205,2,Fence Sitters
1,0,1,0,67,1,1,1,1,1,1,0,0,1,1,0,1,75.1,5064.45,0,3,5,0,5031.7,12.516666666666666,0,0.10954180378119614,0,Champions
1,0,1,0,55,1,0,0,0,0,0,0,0,0,1,0,0,19.7,1140.05,0,3,1,0,1083.5,9.85,0,0.04621422434100404,2,Fence Sitters
0,0,1,0,33,1,1,1,1,1,1,0,1,0,0,1,2,72.75,2447.45,0,2,5,0,2400.75,12.125,0,0.1942659274063774,0,Champions
0,0,1,1,62,1,0,0,0,0,0,0,0,0,2,0,3,20.05,1263.9,0,3,1,0,1243.1,10.025,0,0.006919039197536745,2,Fence Sitters
1,0,0,1,1,1,0,1,0,0,0,0,0,0,0,0,1,45.95,45.95,1,0,1,1,45.95,22.975,1,0.775133092456013,1,At Risk
0,0,1,1,49,0,0,1,1,0,0,0,0,1,0,1,0,39.2,1838.15,0,3,2,0,1920.8,13.066666666666668,0,0.1113684477123884,2,Fence Sitters
0,0,0,0,1,1,0,1,0,0,0,0,0,0,0,1,0,44.75,44.75,0,0,1,1,44.75,22.375,1,0.8465392031442275,1,At Risk
0,0,1,0,14,1,1,2,0,1,1,0,0,0,0,1,0,82.65,1185.0,0,1,3,0,1157.1,20.6625,0,0.7019368041978692,1,At Risk
0,1,0,0,18,1,1,2,0,0,1,1,1,0,0,0,2,93.9,1743.9,0,1,4,0,1690.2,18.78,0,0.3387353677938954,0,Champions
1,1,0,0,1,1,0,2,0,0,0,0,0,0,0,1,0,70.15,70.15,1,0,1,1,70.15,35.075,1,0.9022262645648065,1,At Risk
1,0,0,0,1,1,0,2,0,0,1,0,1,0,0,1,3,85.55,85.55,1,0,3,1,85.55,21.3875,1,0.8187433545195416,1,At Risk
1,0,1,0,72,1,1,2,1,1,1,1,1,1,2,1,3,117.15,8529.5,0,3,7,0,8434.800000000001,14.64375,0,0.01667662512697179,0,Champions
0,0,0,0,64,1,1,2,1,0,1,1,0,1,2,0,3,99.25,6549.45,0,3,5,0,6352.0,16.541666666666668,0,0.08685158811216942,0,Champions
0,0,1,0,69,1,1,2,1,1,1,1,1,1,2,1,2,112.55,7806.5,0,3,7,0,7765.95,14.06875,0,0.24090681396288594,0,Champions
1,0,0,0,1,1,1,0,0,0,0,0,0,0,0,1,0,25.7,25.7,0,0,1,1,25.7,12.85,1,0.6368318409449601,1,At Risk
0,0,1,1,71,1,1,1,1,1,1,1,1,1,2,0,3,90.3,6287.3,0,3,7,0,6411.3,11.2875,0,0.009962981163827857,0,Champions
1,0,1,1,66,1,0,1,0,0,0,1,0,0,1,1,3,49.4,3251.85,0,3,2,0,3260.4,16.466666666666665,0,0.028445351877383743,2,Fence Sitters
0,0,0,0,2,1,0,0,0,0,0,0,0,0,0,0,1,19.4,50.6,0,0,1,1,38.8,9.7,1,0.32341404325043993,2,Fence Sitters
1,1,1,0,71,1,0,2,1,1,1,1,1,1,2,1,2,109.7,7904.25,0,3,7,0,7788.7,13.7125,0,0.02710493270180736,0,Champions
0,0,0,0,11,1,0,1,0,1,0,0,1,0,1,1,0,61.25,729.95,0,0,3,1,673.75,15.3125,0,0.20165941079139618,2,Fence Sitters
0,0,0,1,47,1,0,1,1,1,0,0,0,0,0,1,0,55.3,2654.05,0,2,3,0,2599.1,13.825,0,0.11844421837230651,2,Fence Sitters
1,0,1,0,35,1,0,2,0,0,0,0,0,0,0,1,0,70.3,2416.55,1,2,1,0,2460.5,35.15,0,0.5268706359268233,1,At Risk
0,1,1,0,32,1,1,2,0,1,1,0,1,1,0,0,2,106.35,3520.75,1,2,5,0,3403.2,17.724999999999998,0,0.7008589699998446,0,Champions
0,0,1,1,60,1,1,2,0,1,0,1,1,1,0,1,2,103.75,5969.95,0,3,5,0,6225.0,17.291666666666668,0,0.29188023274911706,0,Champions
0,0,0,0,11,1,0,0,0,0,0,0,0,0,1,0,1,19.5,226.8,0,0,1,1,214.5,9.75,0,0.06449707477752732,2,Fence Sitters
1,0,0,0,29,0,0,1,1,1,0,1,0,0,1,0,3,39.5,1082.75,0,2,3,0,1145.5,9.875,0,0.0701260993479273,2,Fence Sitters
0,0,1,1,21,0,0,1,0,0,0,0,0,0,0,1,0,26.05,565.75,0,1,0,0,547.0500000000001,26.05,0,0.24142870373502265,2,Fence Sitters
0,1,1,0,48,1,1,2,0,0,1,0,0,1,0,1,3,91.05,4370.75,0,2,3,0,4370.4,22.7625,0,0.31625344885040574,0,Champions
1,0,0,1,3,0,0,1,0,1,0,0,0,0,0,0,1,29.65,90.05,0,0,1,1,88.94999999999999,14.825,1,0.3924333914958991,2,Fence Sitters
1,0,1,1,43,1,0,1,0,1,0,0,0,0,0,0,1,50.2,2169.4,0,2,2,0,2158.6,16.733333333333334,0,0.06700714093731204,2,Fence Sitters
0,0,0,0,5,1,1,2,0,1,1,0,1,1,0,0,0,105.3,550.6,0,0,5,1,526.5,17.55,1,0.8567625030401094,1,At Risk
1,0,0,0,1,1,0,1,0,0,0,0,0,1,0,1,0,55.45,55.45,0,0,2,1,55.45,18.48333333333333,1,0.8406839558988257,1,At Risk
0,0,1,1,71,1,1,1,1,0,1,1,1,1,1,0,0,85.45,6300.85,0,3,6,0,6066.95,12.207142857142856,0,0.07273508889988389,0,Champions
1,0,1,1,8,1,0,0,0,0,0,0,0,0,1,0,0,19.8,160.05,0,0,1,1,158.4,9.9,0,0.06671880637187275,2,Fence Sitters
0,0,0,0,8,1,1,1,0,0,0,0,1,0,0,1,0,59.25,436.6,0,0,2,1,474.0,19.75,1,0.7415106947122353,1,At Risk
0,0,0,0,20,1,1,2,0,0,1,0,1,0,0,1,3,90.7,1781.35,0,1,3,0,1814.0,22.675,0,0.39495902099053165,1,At Risk
1,0,1,1,33,1,1,2,1,0,1,0,1,1,1,1,1,103.7,3467.0,1,2,5,0,3422.1,17.283333333333335,0,0.23456710508580075,0,Champions
0,0,0,0,71,1,1,2,0,1,0,0,0,0,1,1,3,79.05,5552.5,0,3,2,0,5612.55,26.35,0,0.16235906443272383,0,Champions
1,1,1,0,31,1,1,2,0,0,1,0,1,0,1,1,0,90.7,2835.5,0,2,3,0,2811.7000000000003,22.675,0,0.07543657889286214,0,Champions
1,1,1,0,38,1,1,2,1,1,0,0,0,1,1,0,3,95.0,3591.25,0,2,4,0,3610.0,19.0,0,0.13780473577892757,0,Champions
0,0,0,0,1,1,0,2,0,0,0,0,1,1,0,1,0,88.35,88.35,1,0,3,1,88.35,22.0875,1,0.9349621652600519,1,At Risk
1,0,1,1,2,0,0,1,0,1,0,0,0,0,0,1,1,30.25,63.75,0,0,1,1,60.5,15.125,1,0.36033132874725915,2,Fence Sitters
1,0,1,0,12,0,0,1,0,0,1,0,1,1,0,1,2,49.85,617.15,0,0,3,1,598.2,12.4625,1,0.44351626550196677,1,At Risk
1,0,0,1,9,1,0,2,1,0,1,1,0,1,0,0,2,93.0,870.25,0,0,5,1,837.0,15.5,1,0.41526382457918826,1,At Risk
0,1,0,1,11,1,0,1,0,1,0,1,0,0,0,1,0,54.55,601.25,0,0,3,1,600.05,13.6375,1,0.11557377783636319,2,Fence Sitters
0,0,0,1,6,1,0,0,0,0,0,0,0,0,0,0,1,19.7,111.65,0,0,1,1,118.2,9.85,1,0.13601034874919804,2,Fence Sitters
1,0,1,0,71,1,0,1,1,1,1,1,1,1,1,1,2,84.8,6046.1,0,3,7,0,6020.8,10.6,0,0.04070801120797325,0,Champions
1,0,1,1,42,1,1,2,1,1,0,0,1,0,1,1,3,94.45,3923.8,0,2,4,0,3966.9,18.89,0,0.0626135749620963,0,Champions
1,0,1,1,8,1,0,2,0,0,1,0,1,1,0,1,0,94.2,777.3,1,0,4,1,753.6,18.84,1,0.705264561179015,1,At Risk
1,0,0,0,5,1,0,2,0,1,0,0,1,1,0,1,0,96.25,512.45,1,0,4,1,481.25,19.25,1,0.8587521806001271,1,At Risk
1,0,1,0,2,1,0,2,0,0,0,0,0,0,0,1,0,70.7,141.45,1,0,1,1,141.4,35.35,1,0.7082855566911398,1,At Risk
1,0,1,1,45,1,0,0,0,0,0,0,0,0,2,0,1,20.85,892.15,0,2,1,0,938.25,10.425,0,0.012969665614380035,2,Fence Sitters
0,0,1,1,28,0,0,1,0,1,1,1,1,1,1,1,3,60.0,1682.05,0,2,5,0,1680.0,10.0,0,0.06305322043815303,0,Champions
1,0,1,0,43,1,1,2,0,1,0,0,0,0,0,0,0,80.45,3398.9,0,2,2,0,3459.35,26.816666666666663,0,0.33605650793689484,0,Champions
0,0,0,1,60,1,1,1,1,0,1,1,1,1,2,1,0,84.95,4984.85,0,3,6,0,5097.0,12.135714285714286,0,0.025753981790308376,0,Champions
1,0,1,0,42,0,0,1,0,1,0,1,0,0,1,0,1,33.55,1445.3,1,2,2,0,1409.1,11.183333333333332,0,0.09886477637006591,2,Fence Sitters
0,0,1,1,7,0,0,1,1,0,1,1,0,1,2,0,3,49.65,305.55,0,0,4,1,347.55,9.93,0,0.03230428279171771,2,Fence Sitters
1,0,1,0,25,1,0,0,0,0,0,0,0,0,1,1,2,20.2,507.9,0,2,1,0,505.0,10.1,0,0.02830775597417761,2,Fence Sitters
1,1,1,1,40,1,1,2,0,0,0,0,1,1,0,1,3,94.55,3640.45,1,2,3,0,3782.0,23.6375,0,0.3464123390243525,0,Champions
0,0,0,0,27,1,1,2,0,0,1,0,1,1,1,1,2,100.5,2673.45,0,2,4,0,2713.5,20.1,0,0.44320936128268495,0,Champions
0,0,0,0,10,0,0,1,0,1,0,1,0,0,0,0,0,35.75,389.8,0,0,2,1,357.5,11.916666666666666,1,0.23790881906469546,2,Fence Sitters
1,1,0,0,27,1,1,2,0,1,1,0,0,0,0,1,2,86.45,2401.05,0,2,3,0,2334.15,21.6125,0,0.5882550017726003,1,At Risk
1,0,0,0,11,1,0,1,0,0,1,1,0,0,1,0,2,53.8,651.55,0,0,3,1,591.8,13.45,0,0.08893261213758527,2,Fence Sitters
0,0,1,1,4,0,0,1,1,0,0,0,1,0,0,0,3,38.55,156.1,0,0,2,1,154.2,12.85,1,0.30916063600796095,2,Fence Sitters
0,0,0,0,68,0,0,1,0,0,1,0,0,1,0,1,2,39.9,2796.35,0,3,2,0,2713.2,13.3,0,0.5702043710284931,2,Fence Sitters
0,1,0,0,1,1,0,2,0,0,0,0,0,0,0,1,0,70.05,70.05,0,0,1,1,70.05,35.025,1,0.8947791632999633,1,At Risk
1,0,0,0,18,1,0,0,0,0,0,0,0,0,1,0,1,20.1,407.05,0,1,1,0,361.8,10.05,0,0.044991552045368255,2,Fence Sitters
1,0,0,0,57,1,1,2,1,1,1,0,1,1,2,1,2,112.95,6465.0,1,3,6,0,6438.150000000001,16.135714285714286,0,0.14472728324440276,0,Champions
0,0,0,0,26,1,0,0,0,0,0,0,0,0,0,1,0,20.3,511.25,0,2,1,0,527.8000000000001,10.15,0,0.2437714638187825,2,Fence Sitters
1,0,1,0,17,0,0,1,0,1,1,0,0,0,0,1,3,35.65,646.05,0,1,2,0,606.05,11.883333333333333,0,0.2030471166028132,2,Fence Sitters
0,0,0,0,1,0,0,1,0,0,0,0,0,1,0,0,0,35.9,35.9,1,0,1,1,35.9,17.95,1,0.9399546182291245,1,At Risk
0,0,0,1,38,1,1,2,0,0,1,0,1,1,0,1,2,99.25,3777.15,1,2,4,0,3771.5,19.85,0,0.7293846368747279,1,At Risk
0,1,1,0,59,1,0,2,1,1,1,0,0,0,1,1,3,82.95,4903.15,0,3,4,0,4894.05,16.59,0,0.09888616539389963,0,Champions
0,0,0,0,30,1,0,1,1,0,1,0,0,0,2,1,1,55.65,1653.85,0,2,3,0,1669.5,13.9125,0,0.030343899350483615,2,Fence Sitters
0,1,0,0,2,0,0,1,0,0,0,0,0,0,0,1,1,24.45,47.5,1,0,0,1,48.9,24.45,1,0.8519353696114385,1,At Risk
1,1,1,0,50,1,1,0,0,0,0,0,0,0,1,0,0,25.2,1306.3,0,3,1,0,1260.0,12.6,0,0.045770921766684756,2,Fence Sitters
0,0,0,0,9,0,0,1,1,0,1,1,0,1,1,0,1,50.8,463.6,0,0,4,1,457.2,10.16,0,0.12594412611413833,2,Fence Sitters
1,0,1,1,3,1,0,0,0,0,0,0,0,0,0,0,1,19.65,60.65,0,0,1,1,58.95,9.825,1,0.21681660454411444,2,Fence Sitters
1,0,0,1,14,1,0,1,0,0,1,0,1,0,0,1,3,59.8,824.85,0,1,3,0,837.1999999999999,14.95,0,0.10976793279753308,2,Fence Sitters
1,1,0,0,31,1,0,2,1,0,0,0,0,0,0,1,3,73.55,2094.65,0,2,2,0,2280.05,24.516666666666666,0,0.33163731931571916,1,At Risk
1,0,0,0,7,1,0,1,1,1,1,0,0,0,0,0,0,61.4,438.9,0,0,4,1,429.8,12.28,1,0.14142918972019744,2,Fence Sitters
1,0,0,0,8,1,1,2,1,0,0,1,1,1,0,1,2,103.35,847.3,1,0,5,1,826.8,17.224999999999998,1,0.7778150000677542,1,At Risk
0,0,1,1,17,1,0,0,0,0,0,0,0,0,1,0,2,19.9,329.75,0,1,1,0,338.29999999999995,9.95,0,0.05056587558761855,2,Fence Sitters
0,0,1,1,32,1,0,0,0,0,0,0,0,0,0,1,3,19.45,674.55,0,2,1,0,622.4,9.725,0,0.04983946846839395,2,Fence Sitters
1,1,0,0,2,1,0,2,0,0,0,0,1,0,0,0,1,81.5,162.55,0,0,2,1,163.0,27.166666666666668,1,0.8561939236375753,1,At Risk
0,1,0,0,7,1,1,2,0,0,0,0,1,0,0,1,0,84.8,546.95,1,0,2,1,593.6,28.266666666666666,1,0.8738485430412092,1,At Risk
1,0,1,1,72,1,1,2,1,1,1,0,1,1,2,0,3,109.55,7887.25,0,3,6,0,7887.599999999999,15.65,0,0.013714718306644674,0,Champions
1,1,0,0,31,1,1,2,0,1,0,0,1,1,0,1,0,99.95,3186.65,1,2,4,0,3098.4500000000003,19.99,0,0.6992156157405501,1,At Risk
1,0,1,1,27,1,0,2,1,0,0,0,0,0,0,0,1,74.4,1972.35,0,2,2,0,2008.8,24.8,0,0.29115661873194393,1,At Risk
1,0,0,0,18,1,1,2,0,1,0,0,1,0,0,1,3,90.0,1527.35,1,1,3,0,1620.0,22.5,0,0.5504740998613403,1,At Risk
0,0,0,0,7,1,0,2,0,0,1,0,0,0,0,1,0,74.9,490.55,0,0,2,1,524.3000000000001,24.96666666666667,1,0.7825422108983768,1,At Risk
1,1,0,0,14,1,1,2,0,1,1,0,1,1,0,1,0,104.85,1531.4,1,1,5,0,1467.9,17.474999999999998,0,0.7047789744103609,1,At Risk
0,0,1,1,11,1,0,1,0,0,1,0,1,0,0,1,2,59.65,683.25,0,0,3,1,656.15,14.9125,1,0.18380868869475986,2,Fence Sitters
1,0,1,1,72,1,1,2,1,0,1,1,1,1,2,1,2,110.45,8058.85,0,3,6,0,7952.400000000001,15.778571428571428,0,0.0122309749329283,0,Champions
0,0,1,1,28,1,1,2,1,1,0,0,1,1,1,0,0,106.1,2847.4,1,2,5,0,2970.8,17.683333333333334,0,0.20261379371132188,0,Champions
0,1,0,0,15,1,1,2,0,0,0,0,0,0,0,1,3,74.2,1133.9,1,1,1,0,1113.0,37.1,0,0.5692229149663405,1,At Risk
1,1,0,0,4,1,1,2,0,0,0,0,0,0,0,1,0,74.45,294.45,0,0,1,1,297.8,37.225,1,0.8408985980677687,1,At Risk
1,0,0,0,71,1,1,0,0,0,0,0,0,0,2,0,0,24.55,1719.15,0,3,1,0,1743.05,12.275,0,0.026708980099073392,2,Fence Sitters
1,0,0,0,5,1,0,2,0,1,0,1,0,1,0,1,0,89.35,461.7,1,0,4,1,446.75,17.869999999999997,1,0.5769706704761005,1,At Risk
0,0,1,1,47,1,1,0,0,0,0,0,0,0,2,0,1,24.55,1160.45,0,2,1,0,1153.85,12.275,0,0.03187786665227831,2,Fence Sitters
0,1,1,0,57,1,0,2,0,1,1,0,1,0,1,1,0,90.65,5199.8,0,3,4,0,5167.05,18.130000000000003,0,0.2291148170717087,0,Champions
0,1,1,0,50,1,1,2,1,0,1,0,1,1,2,1,3,105.05,5163.3,0,3,5,0,5252.5,17.508333333333333,0,0.18549044910095155,0,Champions
0,0,0,0,8,1,0,0,0,0,0,0,0,0,0,1,3,20.45,162.3,0,0,1,1,163.6,10.225,1,0.13152832991569763,2,Fence Sitters
1,0,1,1,48,1,0,0,0,0,0,0,0,0,2,0,1,19.55,883.35,0,2,1,0,938.4,9.775,0,0.014107085022619564,2,Fence Sitters
1,0,0,0,70,1,0,0,0,0,0,0,0,0,1,0,2,19.7,1341.5,0,3,1,0,1379.0,9.85,0,0.02952299637811305,2,Fence Sitters
0,0,0,1,1,1,0,1,1,1,0,1,0,1,0,1,2,70.45,70.45,0,0,5,1,70.45,11.741666666666667,1,0.5552863720704315,1,At Risk
0,0,1,0,8,1,1,2,0,0,0,0,0,1,0,1,2,85.65,659.45,0,0,2,1,685.2,28.55,1,0.8491507441990537,1,At Risk
1,0,0,0,1,1,1,2,0,0,0,0,0,0,0,1,0,77.15,77.15,1,0,1,1,77.15,38.575,1,0.9632688162975541,1,At Risk
0,0,0,0,1,0,0,1,0,0,0,0,0,1,0,1,2,35.25,35.25,1,0,1,1,35.25,17.625,1,0.8817214361450054,1,At Risk
0,0,1,1,60,1,0,0,0,0,0,0,0,0,2,0,1,20.55,1205.05,0,3,1,0,1233.0,10.275,0,0.011250682743901562,2,Fence Sitters
0,0,1,1,49,1,1,2,0,0,0,1,1,1,1,1,0,97.95,4917.9,0,3,4,0,4799.55,19.59,0,0.38359193521573554,0,Champions
0,0,1,0,4,0,0,1,0,1,0,0,1,1,0,1,0,48.55,201.0,1,0,3,1,194.2,12.1375,1,0.6400827636780642,1,At Risk
1,0,0,0,29,1,0,0,0,0,0,0,0,0,1,0,1,20.0,599.3,0,2,1,0,580.0,10.0,0,0.03447102234642111,2,Fence Sitters
1,0,1,0,67,1,1,0,0,0,0,0,0,0,2,1,3,25.25,1733.15,0,3,1,0,1691.75,12.625,0,0.007923546169940605,2,Fence Sitters
1,0,1,0,53,1,1,2,0,1,0,0,1,1,0,1,3,98.4,5149.5,1,3,4,0,5215.200000000001,19.68,0,0.46347097527353426,0,Champions
0,0,1,0,67,1,1,1,1,1,1,1,0,0,2,0,3,70.9,4677.1,0,3,5,0,4750.3,11.816666666666668,0,0.022349701583313918,0,Champions
1,0,1,1,6,1,0,0,0,0,0,0,0,0,0,0,1,19.85,119.3,0,0,1,1,119.1,9.925,1,0.15173282370547256,2,Fence Sitters
1,0,0,0,47,1,1,2,0,1,1,0,1,1,0,1,0,106.35,4849.1,0,2,5,0,4998.45,17.724999999999998,0,0.6874357043823767,0,Champions
1,0,0,0,53,1,0,2,1,1,1,1,0,1,2,0,1,99.5,5424.25,0,3,6,0,5273.5,14.214285714285714,0,0.054478092535790286,0,Champions
0,0,1,0,69,1,0,1,1,1,1,1,1,1,2,1,1,84.7,5878.9,0,3,7,0,5844.3,10.5875,0,0.018837008313548478,0,Champions
0,0,0,0,3,1,0,2,1,0,0,0,0,1,0,1,1,86.05,244.85,0,0,3,1,258.15,21.5125,1,0.43156623766875807,1,At Risk
0,0,0,0,4,1,0,1,0,0,0,0,0,0,0,0,1,44.55,220.75,0,0,1,1,178.2,22.275,1,0.7448132567454075,1,At Risk
0,0,1,1,56,1,1,1,1,1,0,1,0,1,2,1,3,75.85,4261.2,0,3,5,0,4247.599999999999,12.641666666666666,0,0.012007546050394087,0,Champions
0,1,1,0,59,1,1,2,0,0,0,0,1,1,0,1,2,93.85,5574.75,1,3,3,0,5537.15,23.4625,0,0.5937745196563706,0,Champions
0,1,1,0,61,1,1,0,0,0,0,0,0,0,2,0,2,25.0,1501.75,0,3,1,0,1525.0,12.5,0,0.014484535533269343,2,Fence Sitters
1,0,1,0,2,1,0,1,0,0,0,0,0,0,0,1,0,45.0,89.75,0,0,1,1,90.0,22.5,1,0.5849622506498415,1,At Risk
0,1,1,1,46,1,1,2,1,1,1,0,1,0,0,1,0,100.7,4541.2,1,2,5,0,4632.2,16.783333333333335,0,0.5584896397633208,0,Champions
0,0,1,1,12,1,0,0,0,0,0,0,0,0,0,0,1,20.5,255.5,0,0,1,1,246.0,10.25,1,0.11230606970533141,2,Fence Sitters
1,0,0,0,14,1,1,2,0,0,1,0,0,0,0,1,0,80.45,1072.0,1,1,2,0,1126.3,26.816666666666663,0,0.6862356979663465,1,At Risk
1,0,1,1,28,1,1,2,0,0,0,1,0,1,1,1,0,90.45,2509.25,0,2,3,0,2532.6,22.6125,0,0.1087953702325074,0,Champions
0,0,0,0,24,1,0,1,1,1,0,1,0,0,0,0,2,60.45,1440.75,0,1,4,0,1450.8000000000002,12.09,0,0.13567419849443524,0,Champions
0,0,0,0,31,1,0,1,0,0,1,1,0,0,0,1,0,55.25,1715.65,1,2,3,0,1712.75,13.8125,0,0.21482154075470353,2,Fence Sitters
1,0,1,1,68,1,1,1,1,1,1,1,0,1,1,1,0,78.45,5333.35,0,3,6,0,5334.6,11.207142857142856,0,0.12258873602403082,0,Champions
0,0,0,1,39,1,1,2,0,0,0,1,1,1,2,0,1,100.55,3895.35,0,2,4,0,3921.45,20.11,0,0.11612538667806,0,Champions
1,0,1,0,42,1,0,0,0,0,0,0,0,0,0,0,3,20.35,869.9,0,2,1,0,854.7,10.175,0,0.08795247924586533,2,Fence Sitters
0,0,1,0,13,0,0,1,1,0,0,1,1,1,0,1,0,54.45,706.85,1,1,4,0,707.85,10.89,0,0.4766913054405256,1,At Risk
1,0,1,0,6,1,1,2,0,1,0,0,0,1,0,1,0,90.75,512.25,0,0,3,1,544.5,22.6875,1,0.84253713683335,1,At Risk
0,0,0,0,35,1,1,2,0,0,0,0,0,0,0,0,3,75.35,2636.05,1,2,1,0,2637.25,37.675,0,0.5877683811096363,1,At Risk
1,0,1,0,38,1,0,0,0,0,0,0,0,0,1,1,3,20.25,814.75,0,2,1,0,769.5,10.125,0,0.025383347169794592,2,Fence Sitters
0,0,0,0,18,1,0,0,0,0,0,0,0,0,2,0,3,20.05,388.6,0,1,1,0,360.9,10.025,0,0.021213423685855513,2,Fence Sitters
1,0,1,0,4,1,0,0,0,0,0,0,0,0,0,0,1,19.6,93.45,0,0,1,1,78.4,9.8,1,0.28645097644830453,2,Fence Sitters
0,0,1,0,27,1,0,1,0,1,0,1,0,0,0,1,0,53.8,1389.85,0,2,3,0,1452.6,13.45,0,0.13258071308818892,2,Fence Sitters
0,0,0,1,41,1,0,1,1,1,1,0,1,0,1,0,1,70.2,2894.55,0,2,5,0,2878.2000000000003,11.7,0,0.098308129731522,0,Champions
0,0,1,1,50,1,0,1,1,0,0,1,1,1,1,0,0,75.5,4025.6,0,3,5,0,3775.0,12.583333333333334,0,0.08102888986689502,0,Champions
0,0,1,1,72,1,0,0,0,0,0,0,0,0,2,0,0,20.35,1354.4,0,3,1,0,1465.2,10.175,0,0.010811041766518968,2,Fence Sitters
1,0,0,0,70,1,1,0,0,0,0,0,0,0,1,0,3,26.05,1856.4,0,3,1,0,1823.5,13.025,0,0.03668220804971285,2,Fence Sitters
0,0,1,1,44,1,0,0,0,0,0,0,0,0,1,0,2,20.6,926.0,0,2,1,0,906.4,10.3,0,0.028112404208214457,2,Fence Sitters
0,0,0,0,2,1,0,2,1,0,0,0,0,0,0,1,0,75.7,189.2,1,0,2,1,151.4,25.23333333333333,1,0.5660185086811663,1,At Risk
1,0,1,1,34,1,0,0,0,0,0,0,0,0,1,1,2,20.1,682.1,0,2,1,0,683.4000000000001,10.05,0,0.025291086520711995,2,Fence Sitters
1,1,1,0,72,1,1,0,0,0,0,0,0,0,2,0,2,24.3,1778.7,0,3,1,0,1749.6,12.15,0,0.007148251340473841,2,Fence Sitters
0,0,1,0,71,1,1,0,0,0,0,0,0,0,2,1,0,24.5,1816.2,0,3,1,0,1739.5,12.25,0,0.027653048457860024,2,Fence Sitters
1,0,0,0,64,1,1,2,0,1,1,1,1,1,2,1,3,110.5,7069.25,0,3,6,0,7072.0,15.785714285714286,0,0.1800032036099382,0,Champions
1,0,1,0,72,1,1,0,0,0,0,0,0,0,2,1,2,25.25,1841.2,0,3,1,0,1818.0,12.625,0,0.008006160255043656,2,Fence Sitters
0,0,0,0,1,1,1,2,0,0,0,0,0,0,0,1,1,74.25,74.25,1,0,1,1,74.25,37.125,1,0.922594533263063,1,At Risk
0,1,1,0,29,1,0,2,1,0,1,0,0,1,1,0,2,90.1,2656.7,0,2,4,0,2612.9,18.02,0,0.11441636770158573,0,Champions
1,0,1,0,23,1,0,1,1,0,1,1,0,1,1,1,2,68.75,1689.45,0,1,5,0,1581.25,11.458333333333334,0,0.04504605255307146,0,Champions
0,0,1,1,52,1,0,0,0,0,0,0,0,0,2,0,1,19.2,1054.75,0,3,1,0,998.4,9.6,0,0.008721329757453745,2,Fence Sitters
1,1,0,0,25,1,1,2,0,1,0,0,0,1,0,1,0,89.7,2187.55,1,2,3,0,2242.5,22.425,0,0.6598892207641783,1,At Risk
1,0,0,0,64,1,1,2,1,1,1,1,1,1,2,1,2,115.1,7334.05,0,3,7,0,7366.4,14.3875,0,0.09788224995035763,0,Champions
1,1,0,0,16,1,1,2,0,0,0,0,1,1,0,1,0,96.4,1581.2,1,1,3,0,1542.4,24.1,0,0.8757389901406836,1,At Risk
0,1,0,0,1,1,0,2,0,0,0,0,0,0,0,1,2,69.5,69.5,1,0,1,1,69.5,34.75,1,0.8760227758551483,1,At Risk
0,0,0,0,24,1,1,2,0,1,0,0,1,1,0,1,2,99.65,2404.85,0,1,4,0,2391.6000000000004,19.93,0,0.8313293888974955,1,At Risk
0,0,1,0,2,1,1,2,0,0,1,0,1,0,0,1,0,91.45,171.45,0,0,3,1,182.9,22.8625,1,0.836900798838084,1,At Risk
1,0,1,1,34,1,0,1,1,1,1,1,1,1,2,0,1,84.75,2839.45,0,2,7,0,2881.5,10.59375,0,0.020423490966456626,0,Champions
0,1,1,0,36,1,1,2,0,0,0,0,0,1,0,1,3,85.25,3132.75,1,2,2,0,3069.0,28.416666666666668,0,0.538692063444439,1,At Risk
0,0,1,1,53,1,1,1,0,0,1,1,1,1,1,1,1,78.75,3942.45,0,3,5,0,4173.75,13.125,0,0.08863787966152091,0,Champions
1,0,1,1,47,1,0,0,0,0,0,0,0,0,2,0,3,20.25,873.4,0,2,1,0,951.75,10.125,0,0.012292081907998773,2,Fence Sitters
0,0,0,1,72,1,0,0,0,0,0,0,0,0,2,0,3,19.9,1529.65,0,3,1,0,1432.8,9.95,0,0.004937008674760284,2,Fence Sitters
0,0,1,1,72,1,1,2,1,1,0,1,0,1,2,1,3,97.75,6991.6,0,3,5,0,7038.0,16.291666666666668,0,0.024227282879262062,0,Champions
0,0,0,0,1,1,0,0,0,0,0,0,0,0,0,0,1,19.4,19.4,1,0,1,1,19.4,9.7,1,0.5630775194664506,1,At Risk
1,0,0,0,9,1,1,2,0,0,0,0,0,1,0,1,0,83.3,803.3,1,0,2,1,749.6999999999999,27.766666666666666,1,0.8604716984577153,1,At Risk
1,0,0,0,8,1,0,2,0,0,0,0,1,0,0,1,2,80.1,679.3,1,0,2,1,640.8,26.7,1,0.7920169849593718,1,At Risk
0,1,0,0,45,1,0,1,1,0,1,0,0,1,1,0,3,62.7,2791.5,1,2,4,0,2821.5,12.54,0,0.07247787873881198,0,Champions
1,0,0,0,7,1,0,2,0,0,1,1,1,1,0,1,0,100.4,715.0,0,0,5,1,702.8000000000001,16.733333333333334,1,0.7848595402694135,1,At Risk
1,0,1,0,71,1,1,0,0,0,0,0,0,0,2,1,3,24.45,1681.6,0,3,1,0,1735.95,12.225,0,0.006844608341614159,2,Fence Sitters
1,1,0,0,41,1,0,2,0,0,1,1,1,1,1,1,2,101.1,4016.2,0,2,5,0,4145.099999999999,16.849999999999998,0,0.2689747142672472,0,Champions
0,0,1,1,67,0,0,1,1,0,0,0,1,1,2,0,3,50.9,3281.65,0,3,3,0,3410.3,12.725,0,0.015040566980019961,0,Champions
0,0,1,0,69,1,1,2,1,1,1,1,0,1,1,1,3,107.2,7317.1,0,3,6,0,7396.8,15.314285714285717,0,0.25823503317258456,0,Champions
1,1,1,0,70,1,1,1,1,1,1,1,1,1,2,1,2,92.2,6474.45,0,3,7,0,6454.0,11.525,0,0.03819661134174214,0,Champions
0,0,0,0,25,1,1,0,0,0,0,0,0,0,1,0,2,25.3,676.35,1,2,1,0,632.5,12.65,0,0.11947962828745447,2,Fence Sitters
0,0,0,0,72,1,1,2,1,1,1,1,1,1,2,0,2,113.4,8164.1,0,3,7,0,8164.8,14.175,0,0.039581336755654624,0,Champions
0,0,1,1,34,0,0,1,0,0,0,1,1,0,2,1,0,40.55,1325.85,0,2,2,0,1378.6999999999998,13.516666666666666,0,0.028713360894242177,2,Fence Sitters
1,0,1,1,65,1,1,0,0,0,0,0,0,0,2,0,3,26.0,1654.85,0,3,1,0,1690.0,13.0,0,0.00895161331779664,2,Fence Sitters
1,0,0,0,70,1,1,2,1,1,1,1,1,1,2,1,3,111.95,7795.95,0,3,7,0,7836.5,13.99375,0,0.2399010645450425,0,Champions
1,0,1,1,72,0,0,1,1,0,1,0,1,1,2,1,3,53.8,3952.45,0,3,4,0,3873.6,10.76,0,0.00764997022591774,0,Champions
0,0,0,1,35,1,0,1,0,0,0,1,1,1,1,1,1,72.1,2495.15,0,2,4,0,2523.5,14.419999999999998,0,0.16951935619150946,0,Champions
0,0,0,0,13,1,1,2,1,0,0,0,1,1,0,0,1,98.15,1230.25,1,1,4,0,1275.95,19.630000000000003,0,0.8362995558509099,1,At Risk
1,0,1,0,12,1,1,1,1,0,1,0,1,1,1,0,0,78.85,876.75,0,0,5,1,946.2,13.141666666666666,0,0.08606501823400614,0,Champions
1,0,1,1,62,1,0,1,1,0,1,1,1,0,1,1,2,70.75,4263.45,0,3,5,0,4386.5,11.791666666666666,0,0.03628716041925791,0,Champions
1,0,0,0,25,1,0,1,1,0,0,1,1,1,0,1,3,76.15,1992.95,0,2,5,0,1903.75,12.691666666666668,0,0.09950556568117513,0,Champions
1,0,0,0,52,0,0,1,1,1,0,1,0,0,2,0,1,39.1,1982.1,0,3,3,0,2033.2,9.775,0,0.029124903117631093,2,Fence Sitters
0,1,0,0,8,1,0,2,0,0,0,0,0,0,0,1,3,69.95,562.7,0,0,1,1,559.6,34.975,1,0.3306590882756233,1,At Risk
0,0,0,0,2,1,0,0,0,0,0,0,0,0,0,0,1,20.05,33.7,0,0,1,1,40.1,10.025,1,0.32883141267790705,2,Fence Sitters
1,0,1,1,56,1,0,0,0,0,0,0,0,0,2,0,1,20.05,1090.1,0,3,1,0,1122.8,10.025,0,0.01513054332080784,2,Fence Sitters
1,0,0,0,12,1,0,0,0,0,0,0,0,0,0,0,2,19.45,227.45,0,0,1,1,233.4,9.725,1,0.2083982851389452,2,Fence Sitters
1,0,1,0,47,1,1,0,0,0,0,0,0,0,1,0,0,26.9,1250.85,0,2,1,0,1264.3,13.45,0,0.07663262718065747,2,Fence Sitters
0,1,0,0,2,1,0,0,0,0,0,0,0,0,0,0,0,19.2,37.2,0,0,1,1,38.4,9.6,1,0.2687364218210483,2,Fence Sitters
1,0,0,0,18,1,0,1,0,0,1,0,0,0,0,1,1,50.0,892.7,0,1,2,0,900.0,16.666666666666668,0,0.4406444310718097,1,At Risk
1,0,0,0,8,1,0,1,1,0,0,0,1,0,0,1,0,60.0,487.75,0,0,3,1,480.0,15.0,1,0.36490077591296155,1,At Risk
0,0,1,0,45,1,1,2,1,0,1,0,0,0,0,1,1,84.55,3713.95,0,2,3,0,3804.75,21.1375,0,0.4433130264525983,0,Champions
0,0,0,0,3,1,0,1,0,0,0,0,0,0,0,0,1,45.45,141.7,0,0,1,1,136.35000000000002,22.725,1,0.7929046906559748,1,At Risk
1,0,0,0,38,1,0,0,0,0,0,0,0,0,1,0,1,20.05,678.2,0,2,1,0,761.9,10.025,0,0.03593926005130538,2,Fence Sitters
0,0,1,0,72,1,1,2,1,1,1,1,1,1,2,1,0,115.55,8425.3,0,3,7,0,8319.6,14.44375,0,0.03315083854186372,0,Champions
0,0,0,0,46,1,1,2,1,1,0,0,0,1,0,1,0,93.7,4154.8,1,2,4,0,4310.2,18.74,0,0.40664632381263166,0,Champions
1,0,1,1,71,1,1,2,1,1,1,0,1,0,2,1,3,99.0,7061.65,0,3,5,0,7029.0,16.5,0,0.03803072536571824,0,Champions
0,0,1,1,66,0,0,1,0,0,0,1,1,1,2,0,2,50.55,3364.55,0,3,3,0,3336.3,12.6375,0,0.012368844908194144,0,Champions
0,1,0,0,25,1,1,2,0,1,1,0,1,1,0,0,1,105.95,2655.25,1,2,5,0,2648.75,17.658333333333335,0,0.8361148399075299,1,At Risk
0,0,0,0,18,1,1,1,0,0,1,1,1,1,1,1,3,82.0,1425.45,1,1,5,0,1476.0,13.666666666666666,0,0.24409417461284033,0,Champions
1,0,1,1,13,1,1,0,0,0,0,0,0,0,2,1,2,25.0,332.5,0,1,1,0,325.0,12.5,0,0.02243791615082638,2,Fence Sitters
1,0,1,1,65,1,1,1,1,1,1,1,1,1,2,0,2,91.55,5963.95,0,3,7,0,5950.75,11.44375,0,0.02751452812322615,0,Champions
0,0,1,0,60,1,1,2,0,1,1,0,1,0,0,1,0,95.75,5742.9,1,3,4,0,5745.0,19.15,0,0.7479437333332777,0,Champions
0,0,1,1,15,1,0,0,0,0,0,0,0,0,2,0,1,19.35,278.85,0,1,1,0,290.25,9.675,0,0.018810612538096277,2,Fence Sitters
1,0,1,0,72,1,1,0,0,0,0,0,0,0,2,0,3,24.85,1871.85,0,3,1,0,1789.2,12.425,0,0.007121713497669941,2,Fence Sitters
0,0,1,0,30,1,1,2,0,0,0,0,1,1,0,1,3,94.05,2866.45,1,2,3,0,2821.5,23.5125,0,0.5397215740193232,1,At Risk
1,0,1,1,42,1,0,2,0,0,1,1,1,1,2,1,0,100.4,4303.65,0,2,5,0,4216.8,16.733333333333334,0,0.12089681485475967,0,Champions
1,0,1,0,71,1,1,0,0,0,0,0,0,0,2,0,2,25.0,1753.0,0,3,1,0,1775.0,12.5,0,0.009062074756979312,2,Fence Sitters
1,0,0,0,1,1,0,1,0,0,0,0,0,1,0,1,1,54.75,54.75,1,0,2,1,54.75,18.25,1,0.7994637260665801,1,At Risk
0,1,0,0,39,1,1,2,0,0,0,0,1,1,0,1,2,95.65,3759.05,1,2,3,0,3730.35,23.9125,0,0.7681789785589558,1,At Risk
1,0,0,0,35,1,0,0,0,0,0,0,0,0,0,0,2,19.25,617.65,0,2,1,0,673.75,9.625,0,0.11672268008191312,2,Fence Sitters
1,0,1,1,53,1,0,2,0,1,1,1,1,1,0,1,2,108.25,5935.1,0,3,6,0,5737.25,15.464285714285714,0,0.25166214377658935,0,Champions
1,0,0,0,1,1,1,2,0,0,0,0,1,1,0,1,0,94.6,94.6,1,0,3,1,94.6,23.65,1,0.9544757710780355,1,At Risk
1,1,1,1,31,1,0,2,0,0,1,1,1,1,0,1,0,98.9,2911.3,1,2,5,0,3065.9,16.483333333333334,0,0.3868241150191004,0,Champions
0,0,0,0,48,1,0,0,0,0,0,0,0,0,2,0,3,20.15,982.95,0,2,1,0,967.2,10.075,0,0.016272374586171763,2,Fence Sitters
1,1,0,1,30,1,1,2,0,0,0,1,1,1,0,1,0,101.3,2974.5,0,2,4,0,3039.0,20.26,0,0.4966333884334047,0,Champions
0,0,0,0,10,1,0,0,0,0,0,0,0,0,0,0,3,20.0,198.7,0,0,1,1,200.0,10.0,1,0.14716407119624889,2,Fence Sitters
1,0,0,1,12,1,1,2,0,1,1,0,1,1,0,1,0,105.3,1275.65,0,0,5,1,1263.6,17.55,1,0.6164304735466503,1,At Risk
1,1,0,0,57,1,0,1,1,0,1,1,1,0,2,0,2,69.85,4003.0,0,3,5,0,3981.45,11.641666666666666,0,0.017164347288039592,0,Champions
1,0,1,0,58,1,0,1,1,1,0,0,1,0,0,1,3,65.25,3791.6,0,3,4,0,3784.5,13.05,0,0.10355907289792277,0,Champions
1,0,0,0,37,1,0,0,0,0,0,0,0,0,2,0,1,19.8,813.3,0,2,1,0,732.6,9.9,0,0.019713251093224696,2,Fence Sitters
1,0,1,1,44,1,0,0,0,0,0,0,0,0,0,0,1,19.6,780.25,0,2,1,0,862.4000000000001,9.8,0,0.0764404789427837,2,Fence Sitters
0,0,0,1,27,1,0,0,0,0,0,0,0,0,1,0,3,20.05,552.9,0,2,1,0,541.35,10.025,0,0.026152413554999518,2,Fence Sitters
1,0,0,0,8,1,0,1,0,0,0,1,0,0,0,0,0,49.4,408.25,0,0,2,1,395.2,16.466666666666665,1,0.5615162344538203,1,At Risk
0,1,0,0,3,1,1,2,0,0,0,0,0,0,0,1,0,76.05,231.8,1,0,1,1,228.15,38.025,1,0.9064750770911864,1,At Risk
1,1,1,0,25,1,0,2,0,1,1,0,0,1,0,0,2,88.4,2191.15,0,2,4,0,2210.0,17.68,0,0.47196730521418423,1,At Risk
1,0,1,1,57,1,1,2,0,1,0,0,1,1,0,1,0,100.6,5611.7,0,3,4,0,5734.2,20.12,0,0.33382509711452,0,Champions
1,0,0,0,12,1,0,0,0,0,0,0,0,0,0,0,1,19.45,246.25,0,0,1,1,233.4,9.725,1,0.24357104644984284,2,Fence Sitters
1,0,1,1,62,1,0,0,0,0,0,0,0,0,2,0,2,20.3,1296.15,0,3,1,0,1258.6,10.15,0,0.008805271174324988,2,Fence Sitters
1,0,1,0,65,1,1,2,0,1,1,1,1,1,2,1,2,107.65,7082.85,0,3,6,0,6997.25,15.37857142857143,0,0.15900627177928717,0,Champions
1,0,1,0,71,1,1,1,0,0,1,1,1,1,2,1,2,80.45,5662.25,0,3,5,0,5711.95,13.408333333333331,0,0.023205515065172256,0,Champions
1,0,1,1,21,1,0,1,0,1,0,0,1,0,1,1,3,58.85,1215.45,0,1,3,0,1235.85,14.7125,0,0.057554507308185315,2,Fence Sitters
0,0,1,0,71,1,1,2,1,1,1,0,1,1,1,1,0,109.6,7854.15,0,3,6,0,7781.599999999999,15.657142857142857,0,0.21760549602281995,0,Champions
1,0,0,0,7,1,0,2,0,0,1,0,0,0,0,1,0,75.15,525.0,0,0,2,1,526.0500000000001,25.05,1,0.752697642922994,1,At Risk
1,0,0,0,72,1,0,1,1,1,1,1,0,1,2,1,3,73.0,5265.2,0,3,6,0,5256.0,10.428571428571429,0,0.008243590321698729,0,Champions
1,0,0,0,1,1,0,2,0,0,0,0,0,0,0,0,0,70.1,70.1,0,0,1,1,70.1,35.05,1,0.9261364665560967,1,At Risk
1,0,1,1,72,1,1,2,0,1,1,1,0,1,2,1,2,98.65,7129.45,0,3,5,0,7102.8,16.441666666666666,0,0.045469836980967106,0,Champions
1,0,1,1,64,1,1,2,0,1,1,1,1,1,1,1,0,111.45,7266.95,0,3,6,0,7132.8,15.921428571428573,0,0.11929693272523674,0,Champions
1,0,0,0,72,1,1,2,1,1,1,1,1,1,2,1,0,114.9,8496.7,0,3,7,0,8272.800000000001,14.3625,0,0.028886843720135356,0,Champions
1,0,0,0,29,1,1,2,0,0,1,0,1,1,0,0,2,100.55,2878.75,0,2,4,0,2915.95,20.11,0,0.5539838808249193,1,At Risk
1,0,0,0,13,1,0,0,0,0,0,0,0,0,2,1,1,20.4,261.3,0,1,1,0,265.2,10.2,0,0.025511486970983203,2,Fence Sitters
1,0,0,0,31,1,1,2,1,1,0,0,1,1,0,0,0,104.35,3205.6,0,2,5,0,3234.85,17.391666666666666,0,0.43462681880230186,0,Champions
0,1,0,0,1,1,0,2,0,0,0,0,0,0,0,1,0,69.75,69.75,1,0,1,1,69.75,34.875,1,0.9413503047453768,1,At Risk
0,0,1,1,7,0,0,1,1,0,0,1,0,0,0,1,0,34.5,279.25,1,0,2,1,241.5,11.5,1,0.2066475973264572,2,Fence Sitters
0,0,1,0,61,1,1,2,0,1,1,0,1,1,0,1,0,105.55,6281.45,1,3,5,0,6438.55,17.591666666666665,0,0.8179729112372545,0,Champions
1,0,0,1,39,0,0,1,0,0,1,0,0,0,0,0,3,30.1,1131.3,1,2,1,0,1173.9,15.05,0,0.24099910425706728,2,Fence Sitters
0,0,1,0,10,1,0,2,0,0,0,0,0,0,0,1,0,70.3,738.2,1,0,1,1,703.0,35.15,1,0.6534675224608693,1,At Risk
1,0,1,1,14,1,1,1,0,1,0,1,1,1,0,0,3,80.45,1137.05,0,1,5,0,1126.3,13.408333333333331,0,0.25687595500461197,0,Champions
1,0,0,0,1,1,1,2,0,1,0,0,0,0,0,1,1,80.2,80.2,1,0,2,1,80.2,26.73333333333333,1,0.8930656786698,1,At Risk
1,0,1,1,67,1,1,2,1,0,0,1,0,1,1,1,3,94.35,6341.45,1,3,4,0,6321.45,18.87,0,0.15350581420610798,0,Champions
1,0,0,0,72,1,1,1,1,1,1,1,1,1,2,1,2,91.35,6697.2,0,3,7,0,6577.2,11.41875,0,0.012489907124817502,0,Champions
0,0,1,1,6,1,0,1,0,0,0,0,0,0,0,1,2,44.6,260.8,1,0,1,1,267.6,22.3,1,0.3381295596605997,2,Fence Sitters
1,0,0,0,1,1,0,0,0,0,0,0,0,0,0,1,1,19.6,19.6,1,0,1,1,19.6,9.8,1,0.6468133662361001,1,At Risk
0,0,1,1,25,1,0,0,0,0,0,0,0,0,1,0,0,19.9,505.45,0,2,1,0,497.5,9.95,0,0.03946450488690008,2,Fence Sitters
1,1,0,0,33,1,1,2,0,1,1,1,1,1,0,1,0,110.45,3655.45,1,2,6,0,3644.85,15.778571428571428,0,0.38879104242294776,0,Champions
0,0,0,0,18,1,0,1,1,0,1,1,1,0,0,1,0,68.35,1299.8,0,1,5,0,1230.3,11.391666666666666,0,0.1454418133909773,0,Champions
0,0,1,0,71,1,0,1,0,1,1,1,1,1,2,1,3,79.1,5564.85,0,3,6,0,5616.099999999999,11.3,0,0.013107088863991147,0,Champions
0,1,1,1,28,1,1,1,0,0,0,0,0,0,1,1,0,51.0,1381.8,0,2,1,0,1428.0,25.5,0,0.09776465955677299,2,Fence Sitters
1,0,0,1,2,1,1,2,1,0,0,0,0,0,0,0,3,80.55,188.1,0,0,2,1,161.1,26.85,1,0.3340828253649651,1,At Risk
0,0,1,1,17,1,1,1,0,1,1,1,0,0,0,1,1,66.7,1077.05,0,1,4,0,1133.9,13.34,0,0.11780790517697849,0,Champions
0,0,0,0,56,1,1,2,1,1,0,0,0,0,0,1,0,86.4,4922.4,0,3,3,0,4838.400000000001,21.6,0,0.2122035466431136,0,Champions
1,0,1,0,60,0,0,1,1,1,1,0,0,1,1,0,0,50.05,2911.5,0,3,4,0,3003.0,10.01,0,0.09489772164954784,0,Champions
1,0,0,0,33,1,1,0,0,0,0,0,0,0,2,0,3,25.7,826.1,0,2,1,0,848.1,12.85,0,0.028918902131933297,2,Fence Sitters
1,0,0,0,1,1,0,2,1,1,0,1,0,0,0,1,1,83.4,83.4,0,0,4,1,83.4,16.68,1,0.45464258036908933,1,At Risk
0,0,0,0,2,1,0,2,0,0,0,0,0,0,0,0,3,70.7,140.7,1,0,1,1,141.4,35.35,1,0.6788113672387228,1,At Risk
0,0,1,0,63,1,1,2,1,0,0,1,0,0,2,1,3,84.65,5377.8,0,3,3,0,5332.950000000001,21.1625,0,0.032022452842040604,0,Champions
0,1,1,0,7,1,1,2,0,0,1,0,1,1,0,1,0,99.25,665.45,1,0,4,1,694.75,19.85,1,0.916333092585268,1,At Risk
1,0,0,0,55,1,0,1,0,1,1,0,0,1,2,1,1,64.75,3617.1,0,3,4,0,3561.25,12.95,0,0.022898667582567266,0,Champions
1,0,1,0,65,1,1,2,1,1,0,1,1,0,1,1,2,100.15,6643.5,0,3,5,0,6509.75,16.691666666666666,0,0.1253869059303632,0,Champions
0,0,1,0,1,1,0,2,0,0,0,1,1,0,0,1,0,84.8,84.8,1,0,3,1,84.8,21.2,1,0.7032842367546246,1,At Risk
0,0,0,0,63,1,1,0,0,0,0,0,0,0,2,0,1,25.25,1559.3,0,3,1,0,1590.75,12.625,0,0.01937214930233509,2,Fence Sitters
1,1,1,0,70,1,1,2,1,1,1,1,1,1,2,1,3,113.0,7987.6,0,3,7,0,7910.0,14.125,0,0.11544357986887174,0,Champions
1,0,1,1,36,0,0,1,1,0,1,1,0,0,2,0,3,40.65,1547.35,0,2,3,0,1463.4,10.1625,0,0.014801145593013642,2,Fence Sitters
0,0,0,0,52,1,0,2,0,1,1,1,1,1,1,1,2,105.0,5426.85,1,3,6,0,5460.0,15.0,0,0.4716667475126009,0,Champions
0,0,0,0,22,1,1,1,1,0,0,0,0,0,0,1,0,54.45,1127.35,1,1,2,0,1197.9,18.15,0,0.5542525447543907,1,At Risk
0,0,0,0,22,1,0,2,0,1,1,1,0,1,0,1,2,94.95,2142.8,0,1,5,0,2088.9,15.825,0,0.3277643012717049,0,Champions
1,1,0,0,5,1,0,1,1,1,0,1,0,0,0,0,3,59.9,287.85,0,0,4,1,299.5,11.98,1,0.19715704014438837,1,At Risk
1,0,1,0,47,1,0,2,0,0,1,0,0,1,0,1,0,85.3,4045.65,1,2,3,0,4009.1,21.325,0,0.6742515136146897,1,At Risk
1,0,0,0,33,1,1,2,0,0,0,0,0,1,0,1,0,83.35,2757.85,1,2,2,0,2750.55,27.78333333333333,0,0.8148769855545617,1,At Risk
0,0,0,0,18,0,0,1,0,1,1,0,0,0,0,1,3,33.5,600.0,1,1,2,0,603.0,11.166666666666666,0,0.3241500942803053,2,Fence Sitters
1,0,0,0,1,1,0,0,0,0,0,0,0,0,0,0,3,19.8,19.8,0,0,1,1,19.8,9.9,1,0.4018432395061549,2,Fence Sitters
0,0,0,0,56,1,0,1,0,1,1,1,1,1,2,1,3,81.8,4534.45,0,3,6,0,4580.8,11.685714285714283,0,0.02710156638954359,0,Champions
1,0,0,0,2,1,0,0,0,0,0,0,0,0,0,1,1,20.0,40.9,0,0,1,1,40.0,10.0,1,0.2859754711780852,2,Fence Sitters
0,0,0,0,35,1,1,1,1,0,1,0,0,0,0,1,0,59.6,2094.9,0,2,3,0,2086.0,14.9,0,0.28813519873178534,2,Fence Sitters
1,0,1,0,64,1,1,0,0,0,0,0,0,0,2,0,3,25.0,1584.8,0,3,1,0,1600.0,12.5,0,0.011632215093778953,2,Fence Sitters
1,0,0,0,15,1,1,2,1,0,1,0,0,0,0,1,3,84.35,1302.65,0,1,3,0,1265.25,21.0875,0,0.316135110092427,1,At Risk
0,0,0,0,24,1,0,2,0,0,0,0,1,1,0,1,0,90.35,2238.5,1,1,3,0,2168.4,22.5875,0,0.854399538943676,1,At Risk
0,0,0,0,1,1,0,1,0,0,0,0,0,1,0,0,1,55.55,55.55,0,0,2,1,55.55,18.516666666666666,1,0.8247720823919329,1,At Risk
1,0,1,1,70,1,0,1,1,0,0,1,1,1,2,0,3,75.35,5437.75,0,3,5,0,5274.5,12.558333333333332,0,0.019790128133527155,0,Champions
0,0,1,0,1,1,0,2,0,0,0,0,1,1,0,1,0,90.75,90.75,1,0,3,1,90.75,22.6875,1,0.9127742625077997,1,At Risk
1,0,0,1,4,1,1,2,0,1,0,0,1,0,0,0,1,89.6,365.65,1,0,3,1,358.4,22.4,1,0.7455162252306504,1,At Risk
1,0,0,0,39,1,0,1,0,0,0,1,0,1,1,0,0,59.3,2209.15,0,2,3,0,2312.7,14.825,0,0.10150015515556571,2,Fence Sitters
1,0,0,0,29,1,1,1,1,0,0,0,0,1,0,1,0,66.1,1912.15,0,2,3,0,1916.9,16.525,0,0.29526137241600736,1,At Risk
1,0,1,1,14,1,0,0,0,0,0,0,0,0,2,0,1,18.8,255.55,0,1,1,0,263.2,9.4,0,0.015204854852805245,2,Fence Sitters
1,0,0,0,61,1,1,1,1,0,1,1,1,1,2,0,3,86.45,5175.3,0,3,6,0,5273.45,12.35,0,0.024106033946997722,0,Champions
0,0,0,1,13,1,0,1,1,0,0,0,0,0,0,1,3,52.1,670.65,0,1,2,0,677.3000000000001,17.366666666666667,0,0.17230745385676705,2,Fence Sitters
1,0,0,0,66,0,0,1,1,1,1,1,0,0,2,1,1,47.4,3177.25,0,3,4,0,3128.4,9.48,0,0.030936813462079688,0,Champions
0,0,0,0,2,0,0,1,0,0,1,0,1,1,0,1,0,49.25,90.35,1,0,3,1,98.5,12.3125,1,0.8493654454531333,1,At Risk
1,0,1,0,59,1,1,2,1,1,1,0,1,1,1,1,3,109.15,6557.75,0,3,6,0,6439.85,15.592857142857143,0,0.1923339114903728,0,Champions
0,0,1,1,62,1,1,2,1,1,0,0,1,0,1,1,3,94.95,5791.85,0,3,4,0,5886.900000000001,18.99,0,0.07628538728237373,0,Champions
0,1,1,0,33,1,0,2,1,1,0,1,0,1,1,1,0,93.55,3055.5,0,2,5,0,3087.15,15.591666666666669,0,0.16284317119004083,0,Champions
0,0,0,1,66,1,0,1,0,1,1,1,1,1,2,1,3,79.5,5196.1,0,3,6,0,5247.0,11.357142857142858,0,0.024675405341846125,0,Champions
1,0,0,0,72,1,1,2,1,1,1,1,1,1,2,0,3,115.05,8405.0,0,3,7,0,8283.6,14.38125,0,0.026221271391849828,0,Champions
0,0,0,1,1,1,0,0,0,0,0,0,0,0,0,0,1,19.75,19.75,1,0,1,1,19.75,9.875,1,0.5943826909808317,1,At Risk
1,0,0,0,19,1,1,2,1,1,0,0,0,1,0,1,0,95.15,1789.25,1,1,4,0,1807.85,19.03,0,0.5599461151631384,1,At Risk
1,0,1,1,51,1,1,2,1,0,0,1,1,0,1,1,1,95.15,5000.05,0,3,4,0,4852.650000000001,19.03,0,0.1394869870389662,0,Champions
0,0,0,0,63,1,1,2,0,1,0,1,1,1,0,0,0,105.4,6713.2,0,3,5,0,6640.200000000001,17.566666666666666,0,0.41011314369723917,0,Champions
0,0,0,0,27,1,0,0,0,0,0,0,0,0,1,0,2,20.1,562.6,0,2,1,0,542.7,10.05,0,0.040802803490797894,2,Fence Sitters
0,0,0,0,22,1,1,2,1,0,0,0,1,1,0,1,2,101.35,2317.1,1,1,4,0,2229.7,20.27,0,0.7039171206399715,1,At Risk
1,1,0,0,4,1,0,0,0,0,0,0,0,0,0,0,1,20.05,91.45,0,0,1,1,80.2,10.025,1,0.26914798971230247,2,Fence Sitters
0,0,1,1,42,1,0,0,0,0,0,0,0,0,2,0,1,20.7,828.85,0,2,1,0,869.4,10.35,0,0.011502090317101312,2,Fence Sitters
1,0,0,0,29,1,0,0,0,0,0,0,0,0,1,0,1,20.35,617.35,0,2,1,0,590.1500000000001,10.175,0,0.03619586364367996,2,Fence Sitters
1,0,0,0,4,1,0,2,0,0,0,0,0,0,0,1,3,70.05,266.9,1,0,1,1,280.2,35.025,1,0.5607020457743881,1,At Risk
0,0,0,0,30,1,0,0,0,0,0,0,0,0,1,0,1,19.7,625.05,0,2,1,0,591.0,9.85,0,0.04159204697203896,2,Fence Sitters
0,0,1,0,4,1,1,2,0,0,0,0,0,0,0,1,0,74.65,301.4,1,0,1,1,298.6,37.325,1,0.8922247785194031,1,At Risk
0,0,1,1,71,1,0,1,1,1,1,1,1,1,2,0,2,85.45,6029.9,0,3,7,0,6066.95,10.68125,0,0.007726421040873038,0,Champions
0,0,1,0,46,0,0,1,1,0,1,1,0,0,2,0,3,40.4,1842.7,0,2,3,0,1858.4,10.1,0,0.01395476933010317,2,Fence Sitters
0,0,0,0,4,1,1,1,0,0,0,0,0,0,0,0,1,50.4,206.6,1,0,1,1,201.6,25.2,1,0.7633764875153867,1,At Risk
1,0,0,0,7,1,1,2,1,0,0,0,0,0,0,1,1,79.65,604.7,1,0,2,1,557.5500000000001,26.55,1,0.352368048823762,1,At Risk
0,0,0,0,69,1,1,2,0,1,0,1,1,1,1,1,2,105.2,7386.05,0,3,5,0,7258.8,17.533333333333335,0,0.5690505789527582,0,Champions
1,0,1,0,72,1,1,2,1,1,1,0,1,0,2,0,2,100.65,7334.05,0,3,5,0,7246.8,16.775000000000002,0,0.0287500754257689,0,Champions
0,1,0,0,19,1,1,2,0,0,1,0,0,0,0,1,0,79.85,1471.75,1,1,2,0,1517.15,26.616666666666664,0,0.5443114138258434,1,At Risk
0,0,0,0,28,1,0,2,0,0,1,1,0,1,0,0,0,91.0,2626.15,0,2,4,0,2548.0,18.2,0,0.3396344197293331,0,Champions
0,0,1,0,5,1,1,2,0,1,0,0,0,0,0,1,0,78.75,412.1,1,0,2,1,393.75,26.25,1,0.8434053523470066,1,At Risk
1,1,1,0,72,1,1,2,1,1,1,1,1,1,2,1,3,116.75,8277.05,0,3,7,0,8406.0,14.59375,0,0.018698006772481224,0,Champions
0,1,1,1,8,1,0,2,0,0,0,0,1,0,0,1,3,80.45,583.45,1,0,2,1,643.6,26.816666666666663,1,0.5395047857096924,1,At Risk
1,0,0,0,7,1,0,1,1,0,0,0,0,1,1,1,0,59.1,369.25,0,0,3,1,413.7,14.775,0,0.06690111796649413,2,Fence Sitters
1,0,0,0,22,1,0,1,1,0,0,0,0,0,0,1,0,49.8,1049.05,0,1,2,0,1095.6,16.599999999999998,0,0.4398869026832229,1,At Risk
0,0,0,0,72,1,0,0,0,0,0,0,0,0,2,0,2,19.3,1414.8,0,3,1,0,1389.6,9.65,0,0.008663901937949307,2,Fence Sitters
0,0,1,1,8,1,0,0,0,0,0,0,0,0,0,0,3,19.65,169.75,0,0,1,1,157.2,9.825,1,0.09809633546204616,2,Fence Sitters
0,0,1,0,52,1,1,1,1,1,1,1,0,1,1,1,3,81.4,4354.45,0,3,6,0,4232.8,11.62857142857143,0,0.06255593671089876,0,Champions
1,0,0,0,68,0,0,1,1,0,1,1,0,0,2,0,1,38.9,2719.2,0,3,3,0,2645.2,9.725,0,0.0109097988757983,2,Fence Sitters
1,0,1,0,71,1,1,1,1,1,1,1,1,1,2,0,2,87.95,6365.35,0,3,7,0,6244.45,10.99375,0,0.009105617235267633,0,Champions
0,0,0,0,2,1,0,0,0,0,0,0,0,0,0,0,1,19.85,51.6,0,0,1,1,39.7,9.925,1,0.32883141267790705,2,Fence Sitters
1,1,0,0,34,1,1,2,0,1,0,1,1,0,0,1,0,96.35,3190.25,0,2,4,0,3275.9,19.27,0,0.3902240760055116,0,Champions
1,0,0,0,35,0,0,1,0,0,0,0,0,0,0,0,0,24.15,812.5,0,2,0,0,845.25,24.15,0,0.8083428794134343,1,At Risk
1,0,1,1,61,1,0,0,0,0,0,0,0,0,1,0,3,19.1,1143.8,0,3,1,0,1165.1,9.55,0,0.018446077369486794,2,Fence Sitters
0,0,0,0,1,1,0,1,0,0,0,0,0,0,0,0,0,44.0,44.0,0,0,1,1,44.0,22.0,1,0.7678459189821782,1,At Risk
1,0,0,0,1,1,1,1,0,0,0,0,0,0,0,1,1,50.1,50.1,1,0,1,1,50.1,25.05,1,0.7363075948161967,1,At Risk
1,0,1,1,53,1,0,1,0,0,1,0,0,1,1,0,3,60.6,3297.0,0,3,3,0,3211.8,15.15,0,0.04510131791372076,0,Champions
1,0,1,0,72,1,1,0,0,0,0,0,0,0,2,0,2,25.65,1887.0,0,3,1,0,1846.8,12.825,0,0.008688343917940293,2,Fence Sitters
0,0,1,0,2,1,0,2,0,0,1,0,0,0,0,0,0,76.4,151.8,1,0,2,1,152.8,25.46666666666667,1,0.8398270836694813,1,At Risk
0,0,0,0,3,1,0,2,0,0,1,1,1,1,0,1,0,98.7,293.65,1,0,5,1,296.1,16.45,1,0.7972788219776817,1,At Risk
1,1,0,0,13,1,1,2,1,0,0,0,1,1,0,1,0,100.8,1308.1,1,1,4,0,1310.4,20.16,0,0.6843657295945563,1,At Risk
0,1,1,0,41,0,0,1,0,1,1,0,1,1,0,1,0,53.95,2215.4,0,2,4,0,2211.9500000000003,10.79,0,0.5908051813518066,1,At Risk
1,0,1,0,24,1,0,0,0,0,0,0,0,0,1,0,3,20.4,482.8,0,1,1,0,489.6,10.2,0,0.02655647919363538,2,Fence Sitters
1,0,1,1,28,1,0,2,0,0,0,0,1,1,1,1,2,90.1,2598.95,1,2,3,0,2522.8,22.525,0,0.11250936653456997,0,Champions
0,0,0,0,8,0,0,1,1,0,0,0,0,0,0,0,1,29.35,216.45,0,0,1,1,234.8,14.675,1,0.6260609401892387,1,At Risk
0,0,0,0,1,1,0,0,0,0,0,0,0,0,0,1,1,20.45,20.45,0,0,1,1,20.45,10.225,1,0.5709122947764523,1,At Risk
1,0,0,0,54,1,1,2,0,0,1,1,0,1,2,1,2,95.1,5064.85,0,3,4,0,5135.4,19.02,0,0.12575871418946652,0,Champions
0,0,0,0,41,1,1,0,0,0,0,0,0,0,0,1,2,25.25,996.45,0,2,1,0,1035.25,12.625,0,0.31763345645021046,2,Fence Sitters
1,0,1,0,19,1,0,1,0,0,0,0,0,0,0,0,1,44.9,839.65,0,1,1,0,853.1,22.45,0,0.315102324983357,2,Fence Sitters
1,0,1,1,72,1,1,1,1,1,1,1,1,1,2,0,2,92.65,6733.0,0,3,7,0,6670.8,11.58125,0,0.024793533451531343,0,Champions
0,0,0,0,62,0,0,1,1,1,1,1,0,0,2,1,2,43.7,2618.3,0,3,4,0,2709.4,8.74,0,0.02601630952947585,0,Champions
1,1,1,1,56,1,0,1,1,0,0,1,1,1,2,1,3,72.6,4084.35,0,3,5,0,4065.6,12.1,0,0.010698879471052448,0,Champions
0,0,0,0,15,1,1,1,0,0,0,0,0,0,0,0,0,51.55,765.5,1,1,1,0,773.25,25.775,0,0.7436329799426976,1,At Risk
0,1,0,0,10,1,0,2,0,0,0,0,0,1,0,1,0,79.25,793.55,1,0,2,1,792.5,26.416666666666668,1,0.8562552532403664,1,At Risk
0,0,1,1,32,1,0,0,0,0,0,0,0,0,2,0,1,18.95,613.95,0,2,1,0,606.4,9.475,0,0.007941378455615674,2,Fence Sitters
0,0,0,0,21,1,0,0,0,0,0,0,0,0,0,0,3,20.5,402.85,0,1,1,0,430.5,10.25,0,0.09628318531292972,2,Fence Sitters
0,0,1,1,62,1,0,0,0,0,0,0,0,0,1,0,2,19.95,1244.8,0,3,1,0,1236.9,9.975,0,0.024018574649368483,2,Fence Sitters
1,0,0,0,2,0,0,1,0,0,0,0,0,0,0,0,0,24.5,46.4,0,0,0,1,49.0,24.5,1,0.7907193382049897,1,At Risk
0,0,0,1,27,1,0,0,0,0,0,0,0,0,2,0,1,20.6,581.85,0,2,1,0,556.2,10.3,0,0.013988307570162908,2,Fence Sitters
0,0,0,0,5,1,1,2,0,0,0,0,1,1,0,1,2,94.85,462.8,1,0,3,1,474.25,23.7125,1,0.8878587943819284,1,At Risk
1,0,0,0,25,0,0,1,1,1,1,0,1,1,1,0,0,61.05,1540.2,0,2,5,0,1526.25,10.175,0,0.13712638681013573,0,Champions
1,0,0,0,2,1,1,2,0,0,0,0,0,1,0,1,0,85.7,169.8,1,0,2,1,171.4,28.566666666666663,1,0.9068317804263286,1,At Risk
0,0,0,0,49,1,1,2,0,1,0,1,1,1,1,1,2,106.65,5168.1,0,3,5,0,5225.85,17.775000000000002,0,0.3971742181614151,0,Champions
1,0,0,0,63,1,1,2,1,1,1,0,1,1,0,0,3,108.25,6780.1,0,3,6,0,6819.75,15.464285714285714,0,0.3283294508502727,0,Champions
1,0,0,1,4,1,0,0,0,0,0,0,0,0,0,0,3,20.4,94.5,0,0,1,1,81.6,10.2,1,0.1393516567597131,2,Fence Sitters
1,0,1,0,1,1,0,1,0,0,0,0,1,0,0,1,1,55.3,55.3,0,0,2,1,55.3,18.433333333333334,1,0.7760257574916312,1,At Risk
0,0,0,0,11,1,0,0,0,0,0,0,0,0,0,0,1,20.25,208.0,0,0,1,1,222.75,10.125,1,0.2623284192622302,2,Fence Sitters
0,1,0,0,52,1,1,2,0,0,0,0,0,0,0,1,2,72.95,3829.75,0,3,1,0,3793.4,36.475,0,0.29470901782656694,2,Fence Sitters
1,1,1,0,60,1,1,2,0,1,0,0,0,1,0,0,0,89.45,5294.6,0,3,3,0,5367.0,22.3625,0,0.4961065656998978,0,Champions
0,0,0,0,64,1,1,2,0,0,1,1,1,1,1,1,3,104.65,6889.8,0,3,5,0,6697.6,17.441666666666666,0,0.5825122103165457,0,Champions
1,0,1,1,43,1,0,1,1,0,1,0,1,1,2,0,2,75.2,3254.35,0,2,5,0,3233.6,12.533333333333331,0,0.017049550672450817,0,Champions
1,0,1,0,61,1,1,2,0,0,0,1,1,1,1,0,2,101.15,6383.9,0,3,4,0,6170.150000000001,20.23,0,0.20093736863073253,0,Champions
1,0,0,0,1,1,0,1,0,0,0,0,0,0,0,0,1,44.4,44.4,1,0,1,1,44.4,22.2,1,0.7873922261153549,1,At Risk
0,1,0,0,5,1,0,2,0,0,0,0,1,1,0,1,0,89.5,477.7,1,0,3,1,447.5,22.375,1,0.8686777854975216,1,At Risk
0,0,0,0,66,1,1,1,1,1,1,1,0,0,2,0,2,68.75,4447.55,0,3,5,0,4537.5,11.458333333333334,0,0.02792107213272134,0,Champions
0,0,1,0,67,1,0,2,1,1,1,1,1,1,2,1,0,111.05,7321.05,0,3,7,0,7440.349999999999,13.88125,0,0.10539668243429166,0,Champions
1,0,1,0,42,1,0,2,0,0,1,1,1,1,2,1,3,99.0,4135.0,0,2,5,0,4158.0,16.5,0,0.06581924726909623,0,Champions
0,1,1,0,1,1,1,2,0,0,0,0,1,0,0,1,0,86.05,86.05,1,0,2,1,86.05,28.683333333333334,1,0.908744405952379,1,At Risk
1,0,1,1,31,1,0,0,0,0,0,0,0,0,2,0,1,21.0,697.7,0,2,1,0,651.0,10.5,0,0.013217906143491257,2,Fence Sitters
0,0,0,0,7,1,0,0,0,0,0,0,0,0,0,1,1,19.4,168.65,0,0,1,1,135.79999999999998,9.7,1,0.2375210114247817,2,Fence Sitters
0,0,0,0,4,0,0,1,0,0,0,0,1,1,0,1,0,44.55,174.3,1,0,2,1,178.2,14.85,1,0.8609386149650822,1,At Risk
0,0,1,1,34,1,1,1,0,0,1,0,1,1,1,0,2,77.2,2753.8,0,2,4,0,2624.8,15.44,0,0.2700915581836248,0,Champions
0,0,0,0,3,1,0,0,0,0,0,0,0,0,1,1,1,19.45,69.25,0,0,1,1,58.35,9.725,0,0.0662688161445339,2,Fence Sitters
1,0,1,1,19,0,0,1,0,0,0,0,0,0,0,1,1,24.85,434.8,0,1,0,0,472.15,24.85,0,0.1466067190664359,2,Fence Sitters
0,0,1,1,31,0,0,1,1,0,0,1,0,0,0,0,2,35.4,1077.5,1,2,2,0,1097.4,11.8,0,0.15735174594958662,2,Fence Sitters
1,0,0,0,1,1,1,2,0,0,0,0,1,1,0,0,1,95.65,95.65,1,0,3,1,95.65,23.9125,1,0.9585667098562071,1,At Risk
0,0,0,0,3,0,0,1,1,0,1,1,0,0,0,0,1,41.35,107.25,0,0,3,1,124.05,10.3375,1,0.51799491039736,1,At Risk
0,0,1,0,46,1,0,0,0,0,0,0,0,0,0,0,0,19.6,851.2,0,2,1,0,901.6,9.8,0,0.21832490180896727,2,Fence Sitters
1,0,0,0,1,1,0,0,0,0,0,0,0,0,0,0,1,20.95,20.95,1,0,1,1,20.95,10.475,1,0.628841781577882,1,At Risk
1,0,1,1,69,1,1,2,1,0,1,0,0,0,1,0,2,84.45,5848.6,0,3,3,0,5827.05,21.1125,0,0.06337205234382258,0,Champions
0,0,0,0,5,1,0,0,0,0,0,0,0,0,0,0,1,20.25,109.8,0,0,1,1,101.25,10.125,1,0.3162819846341456,2,Fence Sitters
0,0,0,0,1,1,0,0,0,0,0,0,0,0,0,0,2,19.65,19.65,0,0,1,1,19.65,9.825,1,0.5321189474929018,2,Fence Sitters
0,0,0,0,26,1,0,0,0,0,0,0,0,0,1,1,3,20.65,595.5,0,2,1,0,536.9,10.325,0,0.027348934504887318,2,Fence Sitters
1,1,0,0,10,0,0,1,0,0,0,0,0,1,0,1,0,34.7,329.8,1,0,1,1,347.0,17.35,1,0.8235466369827942,1,At Risk
0,0,0,0,25,1,0,2,0,0,1,1,1,1,2,0,2,99.3,2513.5,0,2,5,0,2482.5,16.55,0,0.18238596444129465,0,Champions
0,0,1,1,64,1,0,2,1,1,0,0,0,0,0,0,0,81.05,5135.35,0,3,3,0,5187.2,20.2625,0,0.12490639416359842,0,Champions
0,0,1,1,30,1,1,1,1,1,1,1,0,0,0,0,0,67.6,2000.2,0,2,5,0,2028.0,11.266666666666666,0,0.08854766261035313,0,Champions
0,0,0,0,13,1,0,2,0,0,0,0,0,0,0,1,0,70.15,931.75,0,1,1,0,911.95,35.075,0,0.7965069794842566,1,At Risk
1,0,1,0,64,1,1,2,1,1,1,1,1,1,1,1,0,115.0,7396.15,0,3,7,0,7360.0,14.375,0,0.14590058811063802,0,Champions
1,0,0,1,46,1,1,2,0,0,1,1,0,0,0,1,2,84.8,3958.85,0,2,3,0,3900.8,21.2,0,0.4947296162391929,0,Champions
1,0,0,0,12,1,0,0,0,0,0,0,0,0,1,0,1,19.7,260.9,0,0,1,1,236.4,9.85,0,0.05825003411291388,2,Fence Sitters
1,0,0,0,15,1,0,0,0,0,0,0,0,0,0,0,2,19.75,297.3,1,1,1,0,296.25,9.875,0,0.20211914585982071,2,Fence Sitters
0,0,1,1,17,1,1,2,0,0,0,0,1,1,0,1,0,92.55,1515.1,1,1,3,0,1573.35,23.1375,0,0.6344649857559085,1,At Risk
1,0,1,1,13,1,0,1,1,0,1,0,0,1,0,1,1,63.15,816.8,0,1,4,0,820.9499999999999,12.63,0,0.06705736078132127,0,Champions
1,0,1,1,67,1,1,1,1,1,0,1,1,0,2,0,3,74.0,4868.4,0,3,5,0,4958.0,12.333333333333334,0,0.02709291903543458,0,Champions
0,0,1,0,24,0,0,1,0,0,1,0,0,0,0,0,0,29.1,688.0,0,1,1,0,698.4000000000001,14.55,0,0.6718161928256539,1,At Risk
0,0,0,0,6,1,0,1,0,0,0,1,0,0,0,0,1,50.05,288.35,0,0,2,1,300.29999999999995,16.683333333333334,1,0.42375382783588894,1,At Risk
0,1,1,0,53,1,1,1,1,0,0,1,0,0,1,1,0,60.05,3229.65,1,3,3,0,3182.65,15.0125,0,0.11381078359215983,0,Champions
0,1,1,0,16,1,0,2,0,1,0,0,0,0,0,1,3,74.3,1178.25,1,1,2,0,1188.8,24.766666666666666,0,0.4139696850988513,1,At Risk
0,0,0,0,10,1,0,0,0,0,0,0,0,0,0,0,0,20.0,185.4,0,0,1,1,200.0,10.0,1,0.366777840635347,2,Fence Sitters
1,0,0,0,13,1,0,2,0,1,0,0,0,0,1,1,1,74.65,966.25,0,1,2,0,970.45,24.883333333333336,0,0.17945521875080184,1,At Risk
0,0,0,0,9,1,1,2,0,0,0,0,1,0,0,1,0,85.35,758.6,1,0,2,1,768.15,28.45,1,0.9225241820717324,1,At Risk
1,0,0,0,25,1,0,1,1,1,1,1,1,0,1,0,1,74.3,1863.8,1,2,6,0,1857.5,10.614285714285714,0,0.07270690953230906,0,Champions
0,1,0,0,7,0,0,1,0,1,0,1,0,1,0,1,0,44.4,265.8,0,0,3,1,310.8,11.1,1,0.2516252918142647,2,Fence Sitters
0,0,1,1,38,1,1,1,1,0,1,1,1,1,2,1,2,85.4,3297.0,0,2,6,0,3245.2000000000003,12.2,0,0.018556535485198745,0,Champions
1,0,1,0,43,1,1,2,1,1,0,0,0,1,0,1,0,94.1,4107.3,0,2,4,0,4046.3,18.82,0,0.274509504906699,0,Champions
1,0,0,1,4,1,0,2,0,0,1,1,1,1,0,1,2,98.1,396.3,1,0,5,1,392.4,16.349999999999998,1,0.7679011885033385,1,At Risk
1,0,0,0,25,1,1,2,0,1,1,1,1,1,2,0,0,108.9,2809.05,0,2,6,0,2722.5,15.55714285714286,0,0.19720218494072947,0,Champions
0,0,0,1,27,1,0,1,1,1,0,0,0,0,1,0,1,56.2,1567.55,0,2,3,0,1517.4,14.05,0,0.09249891804635761,2,Fence Sitters
0,0,1,1,72,1,1,0,0,0,0,0,0,0,2,0,1,26.1,1851.45,0,3,1,0,1879.2,13.05,0,0.010612007319612912,2,Fence Sitters
0,0,0,1,71,1,1,2,1,1,0,0,0,0,1,1,3,85.45,6028.95,0,3,3,0,6066.95,21.3625,0,0.024961145151477522,0,Champions
1,0,0,0,24,1,1,2,0,0,1,0,1,0,0,1,3,88.95,2072.75,0,1,3,0,2134.8,22.2375,0,0.4339163775643687,1,At Risk
1,0,0,0,50,1,1,2,1,1,0,1,1,1,2,1,0,109.65,5551.15,1,3,6,0,5482.5,15.664285714285716,0,0.26385758959707445,0,Champions
0,0,0,0,57,1,0,1,1,0,1,0,1,1,2,1,2,74.35,4317.35,0,3,5,0,4237.95,12.391666666666666,0,0.021178168910901032,0,Champions
1,0,0,0,15,1,0,1,0,1,0,0,0,0,0,0,0,48.85,736.8,0,1,2,0,732.75,16.283333333333335,0,0.19147822900821432,2,Fence Sitters
0,0,0,0,4,1,1,2,1,0,0,0,0,0,0,1,0,80.1,336.15,0,0,2,1,320.4,26.7,1,0.4873173909022498,1,At Risk
1,0,0,0,28,1,0,1,1,1,0,0,0,0,0,0,0,56.05,1522.65,0,2,3,0,1569.4,14.0125,0,0.23893886618588903,2,Fence Sitters
1,1,0,0,9,1,1,2,0,0,0,0,0,0,0,1,0,74.55,622.9,1,0,1,1,670.9499999999999,37.275,1,0.6560028401616748,1,At Risk
1,0,1,0,55,1,1,2,1,0,0,0,1,0,0,1,2,89.8,4959.6,0,3,3,0,4939.0,22.45,0,0.21680908001991867,0,Champions
0,0,0,0,3,1,1,2,0,0,1,0,1,1,0,1,0,100.95,329.95,1,0,4,1,302.85,20.19,1,0.9192305001261885,1,At Risk
0,0,0,0,10,1,0,2,0,0,1,0,1,1,0,1,0,94.9,1048.85,1,0,4,1,949.0,18.98,1,0.8764824425884663,1,At Risk
0,0,0,1,55,1,0,0,0,0,0,0,0,0,1,0,2,19.1,1001.5,0,3,1,0,1050.5,9.55,0,0.017416052082494193,2,Fence Sitters
1,0,1,1,20,1,0,0,0,0,0,0,0,0,0,0,1,20.35,442.6,0,1,1,0,407.0,10.175,0,0.08489596744535116,2,Fence Sitters
1,0,1,1,62,1,1,2,0,1,0,1,1,1,1,1,3,106.05,6703.5,0,3,5,0,6575.099999999999,17.675,0,0.06195065549906275,0,Champions
0,1,1,0,32,1,1,2,0,0,1,1,1,1,0,1,0,104.9,3351.55,1,2,5,0,3356.8,17.483333333333334,0,0.6554715341904741,0,Champions
1,0,0,0,43,1,0,0,0,0,0,0,0,0,2,1,2,19.65,779.25,0,2,1,0,844.9499999999999,9.825,0,0.0169038793840157,2,Fence Sitters
0,0,1,0,9,0,0,1,0,0,0,0,0,0,1,0,2,24.1,259.8,1,0,0,1,216.9,24.1,0,0.4526630974692907,2,Fence Sitters
1,0,1,0,60,1,0,1,1,1,0,1,0,0,2,0,2,59.85,3483.45,0,3,4,0,3591.0,11.97,0,0.01651118782703417,0,Champions
0,0,1,0,58,1,1,1,1,1,1,0,1,1,2,1,0,86.1,4890.5,0,3,6,0,4993.799999999999,12.3,0,0.031277083270472385,0,Champions
0,0,0,1,7,1,0,0,0,0,0,0,0,0,1,0,1,19.45,136.75,0,0,1,1,136.15,9.725,0,0.051489420179482305,2,Fence Sitters
0,0,1,1,2,1,0,2,1,0,0,0,1,1,0,0,0,97.1,184.15,0,0,4,1,194.2,19.42,1,0.720450779853176,1,At Risk
0,1,0,0,37,0,0,1,0,1,1,0,0,0,0,0,0,36.65,1315.0,0,2,2,0,1356.05,12.216666666666669,0,0.5055086735037637,2,Fence Sitters
1,1,1,1,65,1,1,2,0,0,1,1,1,1,1,1,2,103.9,6767.1,0,3,5,0,6753.5,17.316666666666666,0,0.1507688145252042,0,Champions
1,0,1,1,39,1,0,0,0,0,0,0,0,0,2,0,1,19.75,757.95,0,2,1,0,770.25,9.875,0,0.015081152758320636,2,Fence Sitters
0,0,1,0,66,1,1,2,0,1,0,1,1,1,1,1,0,104.05,6890.0,1,3,5,0,6867.3,17.341666666666665,0,0.49473784906374885,0,Champions
0,0,0,0,68,1,1,0,0,0,0,0,0,0,2,0,1,24.55,1657.4,0,3,1,0,1669.4,12.275,0,0.01741777899650011,2,Fence Sitters
1,0,1,1,62,0,0,1,1,1,0,1,1,0,2,0,2,48.7,3008.55,0,3,4,0,3019.4,9.74,0,0.01298119027716043,0,Champions
0,0,0,0,3,1,0,2,0,0,1,1,1,0,0,1,1,88.35,262.05,1,0,4,1,265.04999999999995,17.669999999999998,1,0.7938091039384818,1,At Risk
1,0,1,0,72,1,1,2,1,1,1,0,1,1,2,1,0,109.55,8165.1,0,3,6,0,7887.599999999999,15.65,0,0.02196718992656685,0,Champions
1,0,1,0,41,1,0,0,0,0,0,0,0,0,2,0,3,20.65,875.55,0,2,1,0,846.65,10.325,0,0.01310503417651401,2,Fence Sitters
0,0,1,1,29,1,0,2,1,0,0,0,1,1,0,0,3,94.65,2649.15,1,2,4,0,2744.8500000000004,18.93,0,0.4710395805922836,0,Champions
1,0,0,0,4,1,0,1,1,1,0,0,0,0,0,0,0,55.2,220.65,0,0,3,1,220.8,13.8,1,0.22725007086611915,1,At Risk
0,0,0,0,53,1,1,0,0,0,0,0,0,0,1,0,2,24.05,1301.9,0,3,1,0,1274.65,12.025,0,0.06559281782561575,2,Fence Sitters
0,1,1,0,1,1,1,2,0,0,0,0,0,0,0,1,0,74.4,74.4,1,0,1,1,74.4,37.2,1,0.9013741246457339,1,At Risk
1,0,1,1,41,1,1,1,1,1,1,1,0,1,0,0,3,79.9,3326.2,1,2,6,0,3275.9,11.414285714285716,0,0.12275525792077323,0,Champions
0,0,1,0,39,1,0,0,0,0,0,0,0,0,2,1,2,20.45,790.0,0,2,1,0,797.55,10.225,0,0.011839175168708237,2,Fence Sitters
0,0,1,0,63,1,0,0,0,0,0,0,0,0,2,0,1,19.25,1237.65,0,3,1,0,1212.75,9.625,0,0.012574129047486619,2,Fence Sitters
0,0,0,0,15,1,1,0,0,0,0,0,0,0,0,1,0,26.35,378.6,0,1,1,0,395.25,13.175,0,0.5570219694284245,2,Fence Sitters
1,0,1,0,13,1,0,1,0,0,0,0,0,0,1,0,0,43.8,592.65,0,1,1,0,569.4,21.9,0,0.07923010315358613,2,Fence Sitters
0,0,0,0,1,1,0,1,0,1,0,0,0,0,0,1,1,50.15,50.15,0,0,2,1,50.15,16.716666666666665,1,0.642981502829138,1,At Risk
0,0,0,0,1,1,0,0,0,0,0,0,0,0,2,0,1,20.45,20.45,0,0,1,1,20.45,10.225,0,0.04552941665095747,2,Fence Sitters
0,1,0,0,8,1,0,2,0,0,0,0,0,0,0,1,0,69.7,560.85,1,0,1,1,557.6,34.85,1,0.7489234781551394,1,At Risk
0,0,0,0,60,1,0,1,1,1,1,0,0,0,2,0,0,61.4,3638.25,0,3,4,0,3684.0,12.28,0,0.02939747963883706,0,Champions
1,1,1,0,12,1,1,2,0,1,1,0,1,0,0,1,0,98.1,1060.2,1,0,4,1,1177.1999999999998,19.62,1,0.8303488036345831,1,At Risk
0,0,1,0,40,1,1,1,0,1,0,1,1,0,1,0,3,70.75,2921.75,0,2,4,0,2830.0,14.15,0,0.09259078571671106,0,Champions
1,0,0,0,66,1,0,1,1,1,1,0,0,0,2,1,2,61.15,4017.45,0,3,4,0,4035.9,12.23,0,0.01721639679447966,0,Champions
0,0,1,1,42,1,0,0,0,0,0,0,0,0,1,0,1,20.25,854.9,0,2,1,0,850.5,10.125,0,0.030107383057333896,2,Fence Sitters
1,1,0,0,66,1,1,1,1,1,0,1,0,0,1,1,3,63.85,4174.35,0,3,4,0,4214.1,12.77,0,0.04473705262661015,0,Champions
0,0,0,0,49,1,1,2,0,1,0,0,1,1,0,0,0,98.7,4920.55,0,3,4,0,4836.3,19.74,0,0.8114421103956597,1,At Risk
1,0,0,0,1,1,0,0,0,0,0,0,0,0,0,0,1,20.5,20.5,1,0,1,1,20.5,10.25,1,0.6254111286256193,1,At Risk
1,0,0,0,41,1,0,0,0,0,0,0,0,0,2,0,1,20.0,810.3,0,2,1,0,820.0,10.0,0,0.019713251093224696,2,Fence Sitters
1,0,1,1,41,1,0,0,0,0,0,0,0,0,2,0,2,19.3,772.4,0,2,1,0,791.3000000000001,9.65,0,0.013969016408599981,2,Fence Sitters
1,0,1,1,23,1,0,2,1,1,0,1,0,0,0,0,1,84.4,1936.85,0,1,4,0,1941.2,16.880000000000003,0,0.15567495345865204,0,Champions
0,0,0,0,3,0,0,1,0,0,0,0,0,0,0,0,0,25.1,79.8,0,0,0,1,75.30000000000001,25.1,1,0.852750935406283,1,At Risk
1,0,0,0,4,0,0,1,1,0,1,1,0,1,0,0,1,48.25,202.25,0,0,4,1,193.0,9.65,1,0.492109811441979,1,At Risk
1,0,1,1,52,1,0,0,0,0,0,0,0,0,2,0,1,19.85,1070.5,0,3,1,0,1032.2,9.925,0,0.014100490868174298,2,Fence Sitters
1,1,1,0,4,1,1,2,1,0,0,0,1,1,0,1,0,99.6,347.65,1,0,4,1,398.4,19.92,1,0.8037890947335226,1,At Risk
1,0,0,0,11,1,0,2,0,1,1,1,0,1,0,1,0,94.2,999.9,0,0,5,1,1036.2,15.7,1,0.5144082360501762,1,At Risk
1,0,1,0,2,1,0,1,1,0,0,0,0,1,0,1,1,62.15,113.1,0,0,3,1,124.3,15.5375,1,0.4241410233290138,1,At Risk
1,0,1,0,26,1,1,2,0,1,0,0,0,0,0,0,2,79.3,2015.8,0,2,2,0,2061.8,26.433333333333334,0,0.34572771500533545,1,At Risk
0,0,1,1,24,1,0,1,1,0,1,0,0,0,1,1,3,56.25,1454.25,0,1,3,0,1350.0,14.0625,0,0.050847990481355965,2,Fence Sitters
1,0,0,0,12,1,0,0,0,0,0,0,0,0,0,0,1,20.3,246.7,0,0,1,1,243.6,10.15,1,0.25371236459585494,2,Fence Sitters
0,1,1,0,60,1,1,2,0,0,0,1,1,1,0,1,0,99.0,6017.9,0,3,4,0,5940.0,19.8,0,0.441853722629025,0,Champions
1,0,1,1,64,1,1,1,1,1,1,1,1,1,2,1,1,90.6,5817.45,0,3,7,0,5798.4,11.325,0,0.01713460948721964,0,Champions
0,0,1,0,66,1,0,1,1,1,1,1,1,1,2,1,2,85.9,5595.3,0,3,7,0,5669.400000000001,10.7375,0,0.017577076049833915,0,Champions
1,0,0,0,60,1,1,2,0,0,1,0,0,0,1,1,2,79.2,4765.0,0,3,2,0,4752.0,26.4,0,0.080748910386274,0,Champions
0,0,1,1,17,1,1,1,1,0,1,0,1,0,1,1,2,70.35,1201.65,0,1,4,0,1195.9499999999998,14.07,0,0.06622973388447946,0,Champions
0,0,1,1,42,1,0,0,0,0,0,0,0,0,2,0,1,19.35,867.3,0,2,1,0,812.7,9.675,0,0.01278912928245043,2,Fence Sitters
0,0,0,0,1,1,1,1,0,0,0,0,0,0,0,1,0,50.15,50.15,0,0,1,1,50.15,25.075,1,0.8124335896711488,1,At Risk
1,0,1,1,47,1,0,1,0,1,0,1,0,1,2,0,2,63.8,3007.25,0,2,4,0,2998.6,12.76,0,0.019644447888182624,0,Champions
1,0,1,0,10,1,0,0,0,0,0,0,0,0,0,1,1,20.55,252.75,0,0,1,1,205.5,10.275,1,0.23074485074587092,2,Fence Sitters
0,1,1,0,70,1,1,1,1,1,1,1,1,1,2,1,3,88.55,6306.5,0,3,7,0,6198.5,11.06875,0,0.02396565237948846,0,Champions
0,1,0,0,67,1,1,2,0,0,1,0,1,1,0,1,3,101.4,6841.05,0,3,4,0,6793.8,20.28,0,0.39560077977778324,0,Champions
1,0,0,0,1,1,0,2,0,0,0,0,0,1,0,1,0,81.95,81.95,1,0,2,1,81.95,27.316666666666663,1,0.9482469198463418,1,At Risk
0,0,1,0,7,1,0,2,0,0,0,0,0,0,0,1,0,69.35,451.1,1,0,1,1,485.44999999999993,34.675,1,0.807195214958128,1,At Risk
0,0,0,0,1,1,0,1,0,0,0,0,0,0,0,0,1,44.6,44.6,0,0,1,1,44.6,22.3,1,0.8098876077542447,1,At Risk
0,0,0,0,4,1,0,1,0,1,0,1,1,0,0,1,2,63.75,226.2,0,0,4,1,255.0,12.75,1,0.17960568795707427,1,At Risk
1,0,1,1,66,1,1,2,1,1,1,0,1,1,2,0,2,109.25,7082.5,0,3,6,0,7210.5,15.607142857142858,0,0.09907054977414997,0,Champions
1,0,0,0,12,1,0,2,0,1,0,0,0,1,0,1,0,84.6,1017.35,0,0,3,1,1015.2,21.15,1,0.7595528453453454,1,At Risk
1,0,0,0,24,1,0,0,0,0,0,0,0,0,1,0,3,20.45,527.35,0,1,1,0,490.8,10.225,0,0.029192519819493525,2,Fence Sitters
0,0,0,0,26,1,0,2,0,1,0,0,1,0,0,1,0,85.75,2146.5,0,2,3,0,2229.5,21.4375,0,0.762345489510805,1,At Risk
1,0,0,0,6,1,0,2,0,0,0,0,1,1,0,1,0,91.1,455.3,1,0,3,1,546.5999999999999,22.775,1,0.8925647799134848,1,At Risk
0,0,1,0,57,1,1,2,0,0,1,1,1,1,2,0,0,107.95,5969.85,0,3,5,0,6153.150000000001,17.991666666666667,0,0.30650429443881594,0,Champions
0,0,1,0,14,1,1,2,0,0,0,0,1,0,0,1,0,86.1,1235.55,1,1,2,0,1205.4,28.7,0,0.8622202590584084,1,At Risk
1,0,1,1,42,1,1,0,0,0,0,0,0,0,2,0,0,22.95,1014.25,0,2,1,0,963.9,11.475,0,0.026887714347120263,2,Fence Sitters
0,0,0,0,25,1,1,2,0,0,0,0,1,1,0,1,2,94.7,2362.1,1,2,3,0,2367.5,23.675,0,0.7660176584857207,1,At Risk
1,0,1,0,64,1,0,0,0,0,0,0,0,0,2,0,3,19.45,1225.65,0,3,1,0,1244.8,9.725,0,0.010297878699361268,2,Fence Sitters
0,0,1,0,22,1,1,2,0,0,0,0,0,1,0,1,0,85.1,1873.7,1,1,2,0,1872.2,28.366666666666664,0,0.8115226837862131,1,At Risk
0,0,0,0,19,1,0,0,0,0,0,0,0,0,1,1,3,19.7,386.5,0,1,1,0,374.3,9.85,0,0.04116169890414718,2,Fence Sitters
1,0,1,1,61,1,1,2,0,1,0,0,1,1,0,1,0,99.15,6010.05,1,3,4,0,6048.150000000001,19.83,0,0.42029036425044003,0,Champions
0,0,1,0,22,1,0,2,0,0,1,0,1,0,0,1,2,87.0,1850.65,0,1,3,0,1914.0,21.75,0,0.5919069300179901,1,At Risk
0,1,1,0,70,1,1,2,0,1,1,0,1,1,0,1,0,102.95,7101.5,1,3,5,0,7206.5,17.158333333333335,0,0.744881834956084,0,Champions
0,0,0,0,12,1,0,2,0,0,0,0,0,1,0,1,2,79.95,1043.4,0,0,2,1,959.4,26.65,1,0.8097225004605066,1,At Risk
1,0,1,0,31,1,0,1,1,0,0,1,0,1,1,1,0,64.0,1910.75,0,2,4,0,1984.0,12.8,0,0.055300475821489836,0,Champions
1,0,0,0,11,1,0,1,0,0,0,0,1,1,0,1,0,64.9,716.1,0,0,3,1,713.9000000000001,16.225,1,0.6516011851820434,1,At Risk
0,0,1,1,68,1,1,0,0,0,0,0,0,0,2,0,1,25.75,1686.15,0,3,1,0,1751.0,12.875,0,0.011685905906790316,2,Fence Sitters
1,1,1,1,72,1,1,1,1,1,1,1,1,1,2,1,2,90.15,6716.45,0,3,7,0,6490.8,11.26875,0,0.008001435225392541,0,Champions
0,1,0,0,67,1,1,2,1,1,1,1,1,1,2,1,3,116.1,7839.85,0,3,7,0,7778.7,14.5125,0,0.4261003547169765,0,Champions
1,0,0,0,60,1,0,2,1,0,1,1,1,1,0,1,2,104.95,6236.75,0,3,6,0,6297.0,14.992857142857144,0,0.30750139818541034,0,Champions
0,0,0,0,1,1,0,1,0,0,0,0,0,0,0,1,1,45.05,45.05,1,0,1,1,45.05,22.525,1,0.8210254584734553,1,At Risk
1,1,0,1,1,1,0,2,0,0,0,0,0,0,0,1,0,71.0,71.0,1,0,1,1,71.0,35.5,1,0.8880729782823147,1,At Risk
0,0,1,1,58,0,0,1,1,1,1,0,1,0,1,0,1,50.0,2919.85,0,3,4,0,2900.0,10.0,0,0.07788002471957353,0,Champions
1,1,1,1,47,1,0,2,0,0,0,0,0,0,0,0,2,70.55,3309.25,1,2,1,0,3315.85,35.275,0,0.21579020524322085,2,Fence Sitters
1,0,0,0,1,1,0,2,0,0,0,0,0,1,0,1,0,79.7,79.7,1,0,2,1,79.7,26.566666666666663,1,0.947260307206151,1,At Risk
0,0,0,0,1,1,0,0,0,0,0,0,0,0,0,0,1,20.45,20.45,0,0,1,1,20.45,10.225,1,0.5582599764745344,1,At Risk
0,0,0,0,22,1,1,1,1,1,0,0,0,0,0,0,0,59.0,1254.7,1,1,3,0,1298.0,14.75,0,0.316646053055002,1,At Risk
1,0,0,0,48,1,0,1,1,0,1,1,0,0,1,1,3,60.35,2896.4,1,2,4,0,2896.8,12.07,0,0.059586899395020286,0,Champions
1,0,1,0,37,1,0,0,0,0,0,0,0,0,1,1,2,19.85,717.5,0,2,1,0,734.45,9.925,0,0.028105442883596968,2,Fence Sitters
0,0,0,0,13,1,0,0,0,0,0,0,0,0,1,1,0,19.95,253.8,0,1,1,0,259.35,9.975,0,0.07435212340434029,2,Fence Sitters
0,0,0,0,43,1,1,0,0,0,0,0,0,0,2,0,2,26.45,1110.05,0,2,1,0,1137.35,13.225,0,0.05929704410500907,2,Fence Sitters
1,0,0,0,6,0,0,1,1,1,1,1,1,1,2,1,1,63.4,348.8,0,0,6,1,380.4,9.057142857142855,0,0.024617467973924046,0,Champions
0,0,0,0,71,0,0,1,1,1,1,1,1,0,2,0,2,53.95,3888.65,0,3,5,0,3830.45,8.991666666666667,0,0.007805984733768335,0,Champions
1,1,1,1,1,1,0,2,0,0,0,0,0,0,0,1,0,69.25,69.25,1,0,1,1,69.25,34.625,1,0.9010591551032486,1,At Risk
1,0,1,1,72,1,1,2,1,1,0,0,1,0,2,1,0,95.1,6843.15,0,3,4,0,6847.2,19.02,0,0.023629995738805257,0,Champions
1,1,0,0,6,1,0,2,1,0,0,0,0,0,0,1,0,74.1,450.9,0,0,2,1,444.6,24.7,1,0.5496631756955348,1,At Risk
0,0,1,1,12,0,0,1,0,1,0,1,0,0,0,0,1,35.5,432.25,0,0,2,1,426.0,11.833333333333334,1,0.10067264421726263,2,Fence Sitters
0,0,0,0,25,1,0,2,0,0,0,0,0,0,0,0,1,70.95,1767.35,1,2,1,0,1773.75,35.475,0,0.7444506163624134,1,At Risk
1,0,1,0,21,1,0,2,0,0,1,1,0,0,1,0,0,79.2,1742.45,0,1,3,0,1663.2,19.8,0,0.10207767860003725,0,Champions
1,0,1,1,6,1,0,1,0,0,0,1,0,0,0,1,1,48.8,297.35,0,0,2,1,292.79999999999995,16.266666666666666,1,0.25371015618959325,2,Fence Sitters
0,0,1,0,20,1,0,2,0,0,0,0,1,1,0,1,1,89.0,1820.45,1,1,3,0,1780.0,22.25,0,0.7436256333536794,1,At Risk
0,0,1,0,18,1,1,2,1,0,0,0,1,1,0,1,0,99.4,1742.95,1,1,4,0,1789.2,19.880000000000003,0,0.8163688369289671,1,At Risk
1,0,0,0,43,1,0,1,0,1,0,1,0,0,1,0,0,55.45,2444.25,0,2,3,0,2384.35,13.8625,0,0.12881208726247403,2,Fence Sitters
1,0,1,1,35,1,1,0,0,0,0,0,0,0,2,1,3,25.4,949.8,0,2,1,0,889.0,12.7,0,0.018140593841980513,2,Fence Sitters
1,0,0,0,1,1,0,2,0,0,1,0,0,0,0,0,2,73.5,73.5,1,0,2,1,73.5,24.5,1,0.8452281062466213,1,At Risk
0,1,1,0,32,1,1,2,0,1,1,0,0,1,0,1,0,93.5,2970.8,0,2,4,0,2992.0,18.7,0,0.5654829649804582,1,At Risk
0,0,0,0,52,0,0,1,1,1,1,1,1,1,2,0,3,63.9,3334.95,0,3,6,0,3322.8,9.128571428571428,0,0.022108111851492813,0,Champions
0,0,0,0,32,1,0,1,0,0,0,0,1,1,1,1,2,64.85,2010.95,0,2,3,0,2075.2,16.2125,0,0.22012899574136702,2,Fence Sitters
1,0,1,1,72,0,0,1,1,1,1,1,1,1,2,1,2,63.8,4684.3,0,3,6,0,4593.599999999999,9.114285714285714,0,0.007612223912584754,0,Champions
0,0,0,0,51,0,0,1,1,0,0,1,0,1,0,1,3,44.45,2181.55,0,3,3,0,2266.9500000000003,11.1125,0,0.09796484056968265,2,Fence Sitters
0,0,1,1,68,1,0,0,0,0,0,0,0,0,2,1,2,19.95,1303.25,0,3,1,0,1356.6,9.975,0,0.008040950643921662,2,Fence Sitters
0,1,1,0,8,0,0,1,0,1,1,0,0,1,0,1,1,43.35,371.4,0,0,3,1,346.8,10.8375,1,0.6377685738753381,1,At Risk
0,0,1,0,49,0,0,1,0,1,0,0,1,1,2,0,3,49.65,2409.9,0,3,3,0,2432.85,12.4125,0,0.04286227202948933,2,Fence Sitters
1,0,1,0,72,1,0,1,1,1,1,1,1,1,2,0,1,85.1,6155.4,0,3,7,0,6127.2,10.6375,0,0.008707406224913799,0,Champions
0,0,0,0,9,1,1,2,0,0,0,0,1,1,0,1,0,95.5,829.1,1,0,3,1,859.5,23.875,1,0.930851956469232,1,At Risk
1,0,1,0,28,1,0,2,1,0,0,0,1,1,0,1,1,92.35,2602.9,1,2,4,0,2585.8,18.47,0,0.6728798100076225,1,At Risk
0,0,0,0,54,1,0,2,1,0,1,0,1,0,0,0,1,89.8,4667.0,0,3,4,0,4849.2,17.96,0,0.4743747591325432,0,Champions
0,0,0,0,11,1,0,2,0,1,0,0,0,0,0,1,0,74.55,824.75,1,0,2,1,820.05,24.85,1,0.7916183785485181,1,At Risk
1,0,1,1,50,1,0,2,0,0,1,1,1,1,1,0,1,103.05,5153.5,0,3,5,0,5152.5,17.175,0,0.2126804835496923,0,Champions
1,0,1,0,69,1,1,2,1,1,1,1,1,1,2,1,0,116.0,8182.85,0,3,7,0,8004.0,14.5,0,0.1116038440689582,0,Champions
0,0,0,0,1,1,0,2,0,0,0,0,0,0,0,1,0,69.9,69.9,0,0,1,1,69.9,34.95,1,0.9324956925473729,1,At Risk
0,0,1,1,68,1,0,2,1,1,0,1,0,1,2,0,2,95.1,6683.4,0,3,5,0,6466.799999999999,15.85,0,0.047095816250166345,0,Champions
0,0,0,1,40,0,0,1,1,1,0,1,0,0,1,0,1,40.25,1564.05,0,2,3,0,1610.0,10.0625,0,0.0764014084786414,2,Fence Sitters
0,0,1,1,31,1,1,0,0,0,0,0,0,0,2,0,1,25.75,755.6,0,2,1,0,798.25,12.875,0,0.029086577034190653,2,Fence Sitters
1,1,0,1,33,1,1,2,0,1,1,0,1,1,0,1,2,105.35,3465.05,0,2,5,0,3476.55,17.558333333333334,0,0.44064158287135075,0,Champions
0,1,1,0,55,1,1,2,0,1,1,1,1,1,2,1,0,113.6,6292.7,0,3,6,0,6248.0,16.228571428571428,0,0.1970804855327555,0,Champions
0,0,1,1,68,1,1,0,0,0,0,0,0,0,2,1,2,24.0,1664.3,0,3,1,0,1632.0,12.0,0,0.008835539227563052,2,Fence Sitters
1,0,1,1,12,1,0,0,0,0,0,0,0,0,0,0,2,19.4,198.1,0,0,1,1,232.8,9.7,1,0.13735067939281334,2,Fence Sitters
0,0,1,0,71,1,0,1,1,1,1,1,1,1,2,1,2,86.1,6045.9,0,3,7,0,6113.099999999999,10.7625,0,0.0070741872717854405,0,Champions
0,0,0,0,40,1,1,2,0,1,1,0,1,1,0,1,1,102.65,4108.15,0,2,5,0,4106.0,17.108333333333334,0,0.79836075460678,0,Champions
1,0,1,1,64,1,1,2,0,1,1,0,0,1,1,1,0,92.85,5980.75,0,3,4,0,5942.4,18.57,0,0.10328949635172062,0,Champions
0,0,1,0,53,1,1,2,0,1,0,1,0,1,1,0,2,97.75,5043.2,0,3,4,0,5180.75,19.55,0,0.21651165973980405,0,Champions
0,1,0,0,12,1,0,2,0,1,1,1,0,0,0,1,1,83.8,1029.75,1,0,4,1,1005.6,16.759999999999998,1,0.670458454470309,1,At Risk
0,1,0,0,53,0,0,1,0,1,1,0,1,1,0,1,0,54.45,2854.55,1,3,4,0,2885.8500000000004,10.89,0,0.6738623839578146,0,Champions
0,0,1,0,72,1,1,2,1,1,1,0,1,0,2,1,3,97.95,7114.25,0,3,5,0,7052.400000000001,16.325,0,0.03600591022932743,0,Champions
0,0,0,0,46,1,0,0,0,0,0,0,0,0,2,0,0,19.95,907.05,0,2,1,0,917.7,9.975,0,0.027098610454372733,2,Fence Sitters
0,0,0,0,40,1,1,0,0,0,0,0,0,0,2,1,1,24.6,973.95,0,2,1,0,984.0,12.3,0,0.03282762108008134,2,Fence Sitters
0,0,0,0,12,0,0,1,1,1,0,1,1,0,0,1,2,50.95,605.75,0,0,4,1,611.4000000000001,10.19,1,0.20861926043357204,2,Fence Sitters
0,0,0,0,9,1,0,2,1,0,0,0,0,0,0,0,0,75.6,661.55,0,0,2,1,680.4,25.2,1,0.5337867747740358,1,At Risk
1,0,1,1,51,1,1,2,0,0,0,1,0,0,0,1,0,80.75,4116.9,0,3,2,0,4118.25,26.916666666666668,0,0.2046684633198306,0,Champions
0,0,1,1,49,1,0,2,0,1,1,0,1,0,0,1,3,90.4,4494.65,0,3,4,0,4429.6,18.08,0,0.2542395523260947,0,Champions
0,1,1,0,41,1,1,2,0,0,1,0,1,1,0,1,0,99.8,4259.3,1,2,4,0,4091.8,19.96,0,0.8170417849532988,1,At Risk
1,0,0,0,56,1,0,1,1,0,1,1,0,0,1,1,3,60.25,3282.75,0,3,4,0,3374.0,12.05,0,0.04778143183719202,0,Champions
0,0,0,0,4,1,0,0,0,0,0,0,0,0,0,1,0,20.2,55.7,0,0,1,1,80.8,10.1,1,0.38733776594410024,2,Fence Sitters
0,0,1,0,20,1,0,1,1,0,0,1,0,1,1,1,1,64.15,1274.45,0,1,4,0,1283.0,12.830000000000002,0,0.04602422793126451,0,Champions
1,0,1,1,26,1,0,0,0,0,0,0,0,0,0,1,3,20.25,493.95,0,2,1,0,526.5,10.125,0,0.04682529966370361,2,Fence Sitters
1,0,1,1,20,1,1,2,0,1,1,0,1,1,0,1,2,105.85,2239.65,1,1,5,0,2117.0,17.641666666666666,0,0.5757914891041748,1,At Risk
1,0,0,0,7,1,1,2,0,0,0,0,0,0,0,0,1,75.45,480.75,1,0,1,1,528.15,37.725,1,0.7359476583379617,1,At Risk
0,0,0,0,7,1,1,2,0,0,0,0,1,1,0,1,0,93.85,635.6,1,0,3,1,656.9499999999999,23.4625,1,0.9240502284091308,1,At Risk
0,0,0,0,51,1,0,2,0,1,1,0,1,1,0,1,0,99.0,5038.15,0,3,5,0,5049.0,16.5,0,0.7614340813222131,0,Champions
1,0,0,0,4,1,1,2,0,1,0,0,0,0,0,1,1,80.3,324.2,0,0,2,1,321.2,26.766666666666666,1,0.8054347393813638,1,At Risk
1,0,0,0,1,1,0,0,0,0,0,0,0,0,0,0,3,19.55,19.55,0,0,1,1,19.55,9.775,1,0.34243628581803415,2,Fence Sitters
0,0,1,1,27,1,1,2,1,1,0,1,1,0,0,0,0,100.75,2793.55,0,2,5,0,2720.25,16.791666666666668,0,0.49719491048607667,0,Champions
0,0,0,0,22,1,1,2,1,0,0,0,1,1,0,1,0,100.75,2095.0,1,1,4,0,2216.5,20.15,0,0.7624483242371417,1,At Risk
0,0,0,0,12,1,0,1,0,1,0,1,0,0,0,1,1,53.75,648.65,0,0,3,1,645.0,13.4375,1,0.25198650988615773,2,Fence Sitters
1,0,1,1,3,0,0,1,0,0,0,1,0,0,0,1,1,31.0,95.05,1,0,1,1,93.0,15.5,1,0.4578063716534613,2,Fence Sitters
1,0,1,1,34,1,1,0,0,0,0,0,0,0,1,1,3,25.6,917.15,0,2,1,0,870.4000000000001,12.8,0,0.04321749119892978,2,Fence Sitters
0,0,1,0,24,1,1,1,1,0,0,1,0,0,1,1,0,58.35,1346.9,0,1,3,0,1400.4,14.5875,0,0.08343691482446465,2,Fence Sitters
0,0,0,0,51,1,1,2,0,0,1,0,0,0,0,0,3,80.0,4242.35,1,3,2,0,4080.0,26.666666666666668,0,0.3387465010009785,0,Champions
1,1,0,0,14,0,0,1,0,0,0,0,1,1,0,1,0,46.35,672.7,0,1,2,0,648.9,15.45,0,0.7608158902345019,1,At Risk
0,0,1,0,59,1,1,2,1,1,1,1,1,1,2,0,0,113.75,6561.25,0,3,7,0,6711.25,14.21875,0,0.12348164315851566,0,Champions
0,0,0,0,3,1,0,2,0,1,1,0,0,1,0,0,0,90.4,268.45,0,0,4,1,271.20000000000005,18.08,1,0.8216541731795477,1,At Risk
1,0,1,1,65,1,1,2,1,0,1,1,1,1,2,0,0,109.3,7337.55,0,3,6,0,7104.5,15.614285714285714,0,0.058208298203041096,0,Champions
0,1,0,0,5,1,0,2,0,0,0,0,0,0,0,1,1,70.25,331.9,1,0,1,1,351.25,35.125,1,0.7315693913403977,1,At Risk
1,0,1,1,59,1,1,1,1,1,1,1,1,1,2,0,3,90.3,5194.05,0,3,7,0,5327.7,11.2875,0,0.018915179647345404,0,Champions
0,0,1,1,72,0,0,1,1,1,1,1,1,1,2,1,3,65.25,4478.85,0,3,6,0,4698.0,9.321428571428571,0,0.009626792023260613,0,Champions
1,0,1,1,62,1,0,2,0,1,1,0,1,1,0,1,0,100.15,6283.3,1,3,5,0,6209.3,16.691666666666666,0,0.4968200798546916,0,Champions
0,0,0,0,28,1,1,2,1,1,0,0,0,1,0,1,3,94.5,2659.4,1,2,4,0,2646.0,18.9,0,0.5586672596526724,1,At Risk
0,0,0,0,3,1,0,1,0,0,0,1,0,1,0,0,1,60.65,196.9,0,0,3,1,181.95,15.1625,1,0.33784375095309865,1,At Risk
0,0,0,1,19,1,1,0,0,0,0,0,0,0,0,1,3,24.1,439.2,0,1,1,0,457.9,12.05,0,0.11240628972862782,2,Fence Sitters
0,0,0,0,1,1,0,0,0,0,0,0,0,0,0,1,1,19.5,19.5,0,0,1,1,19.5,9.75,1,0.5522416384002751,1,At Risk
0,0,0,0,24,1,0,2,0,1,1,1,0,0,0,1,0,85.95,2107.15,0,1,4,0,2062.8,17.19,0,0.3910336011977347,0,Champions
0,1,0,0,57,1,0,1,0,0,1,1,0,0,1,1,0,53.5,3035.8,0,3,3,0,3049.5,13.375,0,0.05587997558404434,2,Fence Sitters
1,0,0,0,72,1,1,0,0,0,0,0,0,0,2,0,3,25.45,1866.45,0,3,1,0,1832.4,12.725,0,0.00849764632387254,2,Fence Sitters
0,0,0,0,67,1,0,0,0,0,0,0,0,0,2,0,2,20.5,1430.95,0,3,1,0,1373.5,10.25,0,0.009222983227021687,2,Fence Sitters
0,0,1,1,52,1,0,0,0,0,0,0,0,0,1,1,3,20.85,1071.6,0,3,1,0,1084.2,10.425,0,0.019722008513199652,2,Fence Sitters
0,0,1,1,71,1,1,1,1,1,1,1,1,1,2,0,3,89.9,6457.15,0,3,7,0,6382.900000000001,11.2375,0,0.009962981163827857,0,Champions
1,0,1,0,26,1,1,0,0,0,0,0,0,0,1,0,1,26.0,684.05,0,2,1,0,676.0,13.0,0,0.07445814789801324,2,Fence Sitters
1,0,0,0,35,1,1,2,1,1,1,1,1,1,2,1,1,113.2,3914.05,0,2,7,0,3962.0,14.15,0,0.10051482844520536,0,Champions
1,0,1,1,55,1,0,2,0,0,0,0,0,0,2,1,3,69.05,3842.6,0,3,1,0,3797.75,34.525,0,0.015871009686441787,2,Fence Sitters
1,0,1,1,33,1,0,0,0,0,0,0,0,0,2,0,1,20.1,670.35,0,2,1,0,663.3000000000001,10.05,0,0.01363671245660411,2,Fence Sitters
0,0,1,0,72,1,1,2,1,1,1,0,1,1,2,1,0,109.65,7880.25,0,3,6,0,7894.8,15.664285714285716,0,0.03683535622453005,0,Champions
0,0,0,1,1,1,0,0,0,0,0,0,0,0,0,1,1,19.2,19.2,0,0,1,1,19.2,9.6,1,0.27721951674427747,2,Fence Sitters
0,0,0,0,10,0,0,1,0,0,0,0,0,1,0,1,1,33.9,298.45,1,0,1,1,339.0,16.95,1,0.858522186727994,1,At Risk
1,1,1,0,37,1,0,2,0,0,1,1,1,0,0,0,0,90.0,3371.75,0,2,4,0,3330.0,18.0,0,0.20350900176824246,0,Champions
0,0,0,0,12,0,0,1,0,1,0,1,0,0,0,0,1,34.0,442.45,0,0,2,1,408.0,11.333333333333334,1,0.24355412670026277,2,Fence Sitters
0,0,1,1,1,1,0,0,0,0,0,0,0,0,1,0,1,20.4,20.4,0,0,1,1,20.4,10.2,0,0.0876507411856269,2,Fence Sitters
0,0,1,0,62,0,0,1,1,1,0,1,0,0,2,1,3,38.6,2345.55,0,3,3,0,2393.2000000000003,9.65,0,0.018592686732303895,2,Fence Sitters
1,0,0,0,1,0,0,1,0,0,0,0,0,0,0,0,2,25.25,25.25,0,0,0,1,25.25,25.25,1,0.7160064811106858,1,At Risk
1,0,0,0,18,1,1,1,1,0,1,0,0,0,0,1,1,60.6,1156.35,0,1,3,0,1090.8,15.15,0,0.20209022844847466,2,Fence Sitters
0,1,1,0,69,1,1,2,0,1,0,0,1,0,0,1,0,89.95,6143.15,1,3,3,0,6206.55,22.4875,0,0.5720568949957082,0,Champions
0,0,0,0,2,1,0,2,0,1,0,0,0,0,0,1,0,74.75,144.8,0,0,2,1,149.5,24.916666666666668,1,0.8280514844318526,1,At Risk
0,0,1,1,19,1,0,0,0,0,0,0,0,0,0,0,1,20.6,414.95,0,1,1,0,391.4,10.3,0,0.0840769637724182,2,Fence Sitters
0,0,0,0,12,1,1,2,0,0,0,0,1,0,0,1,0,84.45,1059.55,1,0,2,1,1013.4,28.15,1,0.8852772857792977,1,At Risk
0,0,0,0,9,1,0,0,0,0,0,0,0,0,0,0,1,20.4,181.8,0,0,1,1,183.6,10.2,1,0.2469310699134934,2,Fence Sitters
0,0,0,0,27,1,0,1,1,0,1,1,1,1,1,0,0,81.7,2212.55,0,2,6,0,2205.9,11.671428571428573,0,0.09399439877644405,0,Champions
0,0,0,1,27,1,1,2,0,0,0,1,0,0,0,1,0,79.5,2180.55,1,2,2,0,2146.5,26.5,0,0.42699765341163987,1,At Risk
0,0,1,1,1,1,0,2,0,0,0,0,1,1,0,0,1,89.15,89.15,1,0,3,1,89.15,22.2875,1,0.8832788767277598,1,At Risk
1,1,0,0,24,1,0,0,0,0,0,0,0,0,0,1,1,20.3,459.95,0,1,1,0,487.2000000000001,10.15,0,0.13397794360069776,2,Fence Sitters
0,1,0,0,14,1,1,2,0,0,0,0,0,0,0,1,0,74.95,1036.75,1,1,1,0,1049.3,37.475,0,0.8234844270280519,1,At Risk
1,1,0,0,32,1,0,2,0,1,0,0,0,0,0,1,0,74.4,2276.95,1,2,2,0,2380.8,24.8,0,0.5884076929646068,1,At Risk
1,0,0,0,11,1,0,0,0,0,0,0,0,0,1,0,1,20.0,211.95,0,0,1,1,220.0,10.0,0,0.05825003411291388,2,Fence Sitters
0,0,0,0,1,1,1,0,0,0,0,0,0,0,0,1,1,25.0,25.0,0,0,1,1,25.0,12.5,1,0.6929375290530272,1,At Risk
0,1,0,1,38,1,1,2,1,0,0,0,0,0,0,1,1,80.45,3162.65,0,2,2,0,3057.1,26.816666666666663,0,0.21269374499417582,0,Champions
1,0,1,1,9,1,0,0,0,0,0,0,0,0,2,0,1,19.75,210.65,0,0,1,1,177.75,9.875,0,0.027819843896840543,2,Fence Sitters
0,0,1,1,54,1,1,1,1,1,0,1,0,0,2,1,3,65.65,3566.7,0,3,4,0,3545.1000000000004,13.13,0,0.009909355346548007,0,Champions
1,0,0,0,29,1,1,1,0,0,0,0,1,1,1,1,3,71.0,2080.1,0,2,3,0,2059.0,17.75,0,0.12447033202559418,0,Champions
0,1,1,0,44,1,1,2,0,0,1,0,1,0,0,1,0,89.2,4040.2,0,2,3,0,3924.8,22.3,0,0.5387759999337245,1,At Risk
0,0,1,1,59,1,0,1,1,1,1,1,1,1,2,1,0,86.75,5186.0,0,3,7,0,5118.25,10.84375,0,0.017155505282177484,0,Champions
1,0,0,0,3,1,0,1,0,0,0,0,0,1,0,1,0,55.3,196.15,1,0,2,1,165.89999999999998,18.433333333333334,1,0.7218144096032846,1,At Risk
1,0,1,1,18,1,0,1,1,1,0,1,0,0,1,1,1,61.5,1087.45,0,1,4,0,1107.0,12.3,0,0.055793752565154175,0,Champions
0,1,0,0,67,1,1,0,0,0,0,0,0,0,2,0,3,25.1,1672.15,0,3,1,0,1681.7,12.55,0,0.010533103987911246,2,Fence Sitters
1,0,1,1,22,1,0,1,0,1,0,1,0,0,0,0,0,55.15,1206.05,1,1,3,0,1213.3,13.7875,0,0.12270249146246485,2,Fence Sitters
0,0,0,1,33,0,0,1,1,0,0,1,0,0,1,0,3,34.05,1113.95,0,2,2,0,1123.65,11.35,0,0.10194780617935076,2,Fence Sitters
0,0,0,0,5,1,0,0,0,0,0,0,0,0,0,0,1,19.95,107.05,0,0,1,1,99.75,9.975,1,0.30990777866369773,2,Fence Sitters
1,0,0,0,2,1,0,0,0,0,0,0,0,0,0,0,1,19.95,38.15,0,0,1,1,39.9,9.975,1,0.3113585277759226,2,Fence Sitters
0,0,1,1,72,1,1,1,1,1,1,1,1,1,2,0,3,89.7,6339.3,0,3,7,0,6458.400000000001,11.2125,0,0.00948706649831501,0,Champions
0,0,0,1,9,1,0,0,0,0,0,0,0,0,0,0,1,20.4,184.1,0,0,1,1,183.6,10.2,1,0.11452676329899417,2,Fence Sitters
0,0,1,1,67,1,1,0,0,0,0,0,0,0,2,0,1,26.3,1688.9,0,3,1,0,1762.1,13.15,0,0.012803594859666362,2,Fence Sitters
1,0,1,0,16,1,1,2,0,0,0,0,1,0,0,1,0,84.95,1378.25,1,1,2,0,1359.2,28.316666666666663,0,0.7554456746892985,1,At Risk
1,0,0,0,8,1,0,0,0,0,0,0,0,0,0,1,1,20.7,137.6,0,0,1,1,165.6,10.35,1,0.23486461475525844,2,Fence Sitters
0,0,0,0,5,0,0,1,1,1,1,1,0,0,0,1,1,43.25,219.0,1,0,4,1,216.25,8.65,1,0.354045935905902,1,At Risk
0,0,1,1,23,1,1,1,0,0,0,0,0,0,1,1,3,48.35,1067.15,1,1,1,0,1112.05,24.175,0,0.0975785688556713,2,Fence Sitters
0,0,0,0,1,1,0,2,0,0,0,0,1,0,0,1,0,79.55,79.55,1,0,2,1,79.55,26.516666666666666,1,0.9533593137361921,1,At Risk
1,1,1,0,50,1,0,2,0,0,0,0,0,0,0,1,0,71.05,3444.85,1,3,1,0,3552.5,35.525,0,0.2769967654065997,2,Fence Sitters
0,0,0,0,17,1,0,0,0,0,0,0,0,0,2,0,3,19.45,369.05,0,1,1,0,330.65,9.725,0,0.02070758116463398,2,Fence Sitters
1,0,1,0,68,1,1,2,1,1,1,0,1,1,2,1,2,110.8,7553.6,0,3,6,0,7534.4,15.828571428571427,0,0.09923551779834026,0,Champions
0,0,0,0,1,1,1,2,0,0,0,0,1,0,0,0,0,84.5,84.5,1,0,2,1,84.5,28.166666666666668,1,0.9274286417331457,1,At Risk
1,1,1,0,25,1,0,2,0,0,0,0,0,0,0,1,0,69.3,1813.1,0,2,1,0,1732.5,34.65,0,0.48695575784956036,1,At Risk
0,0,0,0,67,0,0,1,1,0,1,1,1,0,1,1,2,49.35,3321.35,0,3,4,0,3306.4500000000003,9.87,0,0.05253137204593077,0,Champions
0,0,0,0,32,1,0,0,0,0,0,0,0,0,1,0,3,20.35,707.5,0,2,1,0,651.2,10.175,0,0.034983708788175576,2,Fence Sitters
1,1,1,0,67,1,1,2,1,1,0,0,1,1,1,1,0,105.6,7112.15,0,3,5,0,7075.2,17.599999999999998,0,0.19809548489266132,0,Champions
0,1,1,0,72,0,0,1,1,1,1,1,1,1,2,1,3,64.45,4641.1,0,3,6,0,4640.400000000001,9.207142857142856,0,0.013855654154931866,0,Champions
0,0,1,0,71,1,1,2,0,1,1,1,1,1,2,1,3,108.6,7690.9,1,3,6,0,7710.599999999999,15.514285714285714,0,0.280195181320736,0,Champions
0,0,0,1,1,1,0,1,0,1,0,0,0,0,0,1,0,49.9,49.9,0,0,2,1,49.9,16.633333333333333,1,0.49194372180959667,1,At Risk
0,0,0,0,46,0,0,1,0,1,0,0,0,0,0,0,2,30.3,1380.1,1,2,1,0,1393.8,15.15,0,0.6290726464046459,2,Fence Sitters
1,1,0,0,2,0,0,1,0,0,1,0,0,0,0,1,0,30.4,78.65,1,0,1,1,60.8,15.2,1,0.7100164336296017,1,At Risk
1,0,0,0,1,1,0,1,0,0,0,0,0,0,0,1,1,45.4,45.4,1,0,1,1,45.4,22.7,1,0.8059594550336353,1,At Risk
1,0,1,0,48,1,0,1,0,1,1,0,0,1,1,1,0,65.65,3094.65,0,2,4,0,3151.2000000000003,13.13,0,0.07964766655599564,0,Champions
1,0,1,0,61,1,1,2,0,0,1,1,1,1,1,1,2,103.3,6518.35,0,3,5,0,6301.3,17.216666666666665,0,0.2628259169611356,0,Champions
1,0,1,0,32,1,0,2,0,1,0,0,0,1,0,0,2,84.15,2585.95,1,2,3,0,2692.8,21.0375,0,0.5101556271319732,1,At Risk
1,0,0,0,2,1,0,1,0,0,0,0,0,0,0,0,0,44.45,82.7,0,0,1,1,88.9,22.225,1,0.7471030638662092,1,At Risk
1,0,0,0,3,1,0,0,0,0,0,0,0,0,0,0,0,19.75,58.85,1,0,1,1,59.25,9.875,1,0.3901137742950139,2,Fence Sitters
1,0,0,0,5,1,0,2,0,0,0,1,0,1,0,1,3,85.4,425.9,1,0,3,1,427.0,21.35,1,0.6053096863781002,1,At Risk
1,0,1,1,71,1,1,1,1,1,1,1,1,1,2,0,2,89.9,6342.7,0,3,7,0,6382.900000000001,11.2375,0,0.009685045361193523,0,Champions
0,0,1,0,37,1,1,1,1,0,0,0,0,0,0,1,1,55.05,2030.75,0,2,2,0,2036.85,18.35,0,0.2367929477169704,2,Fence Sitters
0,0,1,1,65,1,1,2,0,0,1,1,1,1,2,1,2,104.1,6700.05,0,3,5,0,6766.5,17.349999999999998,0,0.17995003436600587,0,Champions
1,0,0,1,67,1,1,2,0,1,0,1,1,1,1,1,2,106.6,7244.7,0,3,5,0,7142.2,17.766666666666666,0,0.1662795810682986,0,Champions
0,0,0,1,49,1,1,2,0,0,0,0,0,0,0,0,3,75.2,3678.3,1,3,1,0,3684.8,37.6,0,0.2982513604472895,2,Fence Sitters
0,0,1,1,50,1,1,1,1,0,0,1,1,0,2,1,3,70.5,3486.65,0,3,4,0,3525.0,14.1,0,0.016719724389282358,0,Champions
0,0,1,1,25,1,0,0,0,0,0,0,0,0,1,0,0,19.6,411.15,0,2,1,0,490.00000000000006,9.8,0,0.03709470245040405,2,Fence Sitters
1,0,0,1,17,1,1,1,0,0,1,0,0,0,1,1,1,55.85,937.5,1,1,2,0,949.45,18.616666666666667,0,0.1048513760722284,2,Fence Sitters
1,0,1,1,64,1,1,0,0,0,0,0,0,0,2,1,1,24.05,1559.15,0,3,1,0,1539.2,12.025,0,0.007491368975846448,2,Fence Sitters
0,0,1,0,25,0,0,1,0,0,1,0,1,0,1,1,3,38.1,970.4,0,2,2,0,952.5,12.7,0,0.0730361625753701,2,Fence Sitters
0,1,0,0,23,1,1,2,0,1,1,0,1,1,0,1,0,106.4,2483.5,1,1,5,0,2447.2000000000003,17.733333333333334,0,0.8298783788925551,1,At Risk
0,1,1,0,24,0,0,1,0,0,1,1,0,0,0,0,1,34.25,828.2,0,1,2,0,822.0,11.416666666666666,0,0.10380142334924601,2,Fence Sitters
1,0,0,0,37,1,1,2,0,0,1,0,1,1,0,1,0,100.05,3810.55,0,2,4,0,3701.85,20.01,0,0.833991920913503,1,At Risk
1,0,0,0,21,1,0,2,0,0,0,0,0,0,0,1,0,68.65,1493.2,0,1,1,0,1441.65,34.325,0,0.7347865165785692,1,At Risk
0,0,0,0,1,1,0,1,0,0,0,0,0,0,0,1,1,45.8,45.8,0,0,1,1,45.8,22.9,1,0.8302432991172339,1,At Risk
1,0,0,0,10,1,1,2,0,0,0,0,0,0,0,1,1,75.75,777.3,0,0,1,1,757.5,37.875,1,0.6901916734889064,1,At Risk
0,0,0,0,6,1,0,2,0,1,0,0,0,1,0,1,0,84.4,556.35,1,0,3,1,506.4,21.1,1,0.836735881546001,1,At Risk
0,0,1,0,51,1,1,2,1,1,0,0,0,1,1,1,3,96.4,4911.05,0,3,4,0,4916.400000000001,19.28,0,0.15363203184716823,0,Champions
1,0,0,0,10,1,0,0,0,0,0,0,0,0,0,1,1,20.55,187.35,0,0,1,1,205.5,10.275,1,0.22587298517763635,2,Fence Sitters
1,0,0,0,6,0,0,1,1,1,0,1,0,1,0,0,3,50.95,307.6,0,0,4,1,305.70000000000005,10.19,1,0.24004382079115533,1,At Risk
0,0,1,1,47,1,1,1,1,1,1,1,1,1,2,1,1,90.5,4318.35,0,2,7,0,4253.5,11.3125,0,0.01342682339899451,0,Champions
1,0,1,1,61,1,1,1,1,1,1,1,0,1,1,1,0,79.4,4820.55,0,3,6,0,4843.400000000001,11.342857142857143,0,0.07395312280567713,0,Champions
1,0,0,0,52,0,0,1,1,1,1,0,1,1,2,1,2,58.75,3038.55,0,3,5,0,3055.0,9.791666666666666,0,0.04321817734728049,0,Champions
1,0,1,1,35,1,1,1,1,1,0,0,0,0,0,1,3,59.45,2136.9,0,2,3,0,2080.75,14.8625,0,0.062042893250065574,2,Fence Sitters
0,0,1,0,71,1,1,2,0,1,1,0,1,1,1,1,2,105.7,7472.15,0,3,5,0,7504.7,17.616666666666667,0,0.5198255764276225,0,Champions
1,0,0,0,6,1,0,1,1,1,0,0,0,0,0,0,0,56.25,389.1,1,0,3,1,337.5,14.0625,1,0.27635589775128006,1,At Risk
0,0,1,0,45,1,0,1,1,0,1,0,0,0,2,0,3,53.3,2296.25,0,2,3,0,2398.5,13.325,0,0.013123317045158572,2,Fence Sitters
1,1,0,0,2,1,1,2,0,0,0,0,1,0,0,1,0,85.55,187.45,1,0,2,1,171.1,28.516666666666666,1,0.8911252290150296,1,At Risk
1,0,0,0,4,1,0,1,0,1,0,0,1,1,0,1,2,68.65,261.25,1,0,4,1,274.6,13.73,1,0.25987867687390104,1,At Risk
0,0,0,0,2,0,0,1,0,0,0,0,0,0,0,0,1,24.3,38.45,0,0,0,1,48.6,24.3,1,0.8127211398185128,1,At Risk
0,0,0,0,4,1,0,2,0,0,0,0,1,0,0,0,0,77.85,299.2,1,0,2,1,311.4,25.95,1,0.9396557042681837,1,At Risk
0,0,0,0,51,1,1,1,1,0,0,1,0,0,1,0,3,59.9,3043.6,0,3,3,0,3054.9,14.975,0,0.07389120951078312,0,Champions
0,0,1,1,60,1,1,0,0,0,0,0,0,0,1,0,3,23.95,1506.4,0,3,1,0,1437.0,11.975,0,0.022940573460606448,2,Fence Sitters
0,0,0,0,9,1,0,0,0,0,0,0,0,0,1,1,1,20.15,163.7,0,0,1,1,181.35,10.075,0,0.06009339531097012,2,Fence Sitters
0,0,0,0,3,1,1,2,0,1,1,0,1,1,0,1,2,105.35,323.25,1,0,5,1,316.04999999999995,17.558333333333334,1,0.8650119614964371,1,At Risk
0,0,0,0,17,1,1,2,0,0,1,1,0,1,0,1,2,95.65,1640.0,0,1,4,0,1626.0500000000002,19.130000000000003,0,0.4558630827944488,1,At Risk
1,0,0,0,8,1,1,2,0,0,0,0,1,0,0,1,0,87.05,762.1,1,0,2,1,696.4,29.016666666666666,1,0.9157868688606748,1,At Risk
0,0,1,1,46,1,0,1,1,0,1,1,1,1,2,0,1,81.0,3846.35,0,2,6,0,3726.0,11.571428571428571,0,0.016958466965317373,0,Champions
1,0,0,0,68,1,0,1,1,1,1,1,1,1,2,1,3,82.45,5646.6,0,3,7,0,5606.6,10.30625,0,0.01996015745088466,0,Champions
0,0,0,0,1,1,0,1,0,0,0,0,1,0,0,1,1,53.5,53.5,1,0,2,1,53.5,17.833333333333332,1,0.8669399980322408,1,At Risk
1,0,1,0,4,1,0,0,0,0,0,0,0,0,1,0,2,20.5,79.05,0,0,1,1,82.0,10.25,0,0.061683305176073074,2,Fence Sitters
1,0,0,0,1,0,0,1,0,0,0,0,0,0,0,1,1,25.1,25.1,1,0,0,1,25.1,25.1,1,0.8119993321832526,1,At Risk
0,0,0,1,28,1,0,1,0,1,0,1,0,0,1,1,3,54.4,1516.6,0,2,3,0,1523.2,13.6,0,0.07675416682980235,2,Fence Sitters
1,0,0,0,39,1,0,1,0,1,0,0,1,0,1,1,3,58.6,2224.5,0,2,3,0,2285.4,14.65,0,0.07738271923256437,2,Fence Sitters
0,0,0,0,11,1,0,2,0,0,1,0,0,1,0,0,0,84.8,888.75,0,0,3,1,932.8,21.2,1,0.8706485532467395,1,At Risk
1,0,1,0,71,0,0,1,0,1,1,1,1,1,2,1,3,61.4,4310.35,0,3,5,0,4359.4,10.233333333333333,0,0.010260265405000801,0,Champions
0,0,0,1,2,1,0,0,0,0,0,0,0,0,0,0,1,20.4,42.9,0,0,1,1,40.8,10.2,1,0.21371362221833468,2,Fence Sitters
0,1,1,0,30,1,0,2,0,1,1,0,0,0,0,1,1,79.65,2365.15,1,2,3,0,2389.5,19.9125,0,0.6370783054817809,1,At Risk
1,0,0,0,17,1,0,0,0,0,0,0,0,0,1,0,1,20.15,353.65,0,1,1,0,342.54999999999995,10.075,0,0.053519686958321516,2,Fence Sitters
1,0,1,0,55,1,1,2,0,1,1,0,1,0,0,1,3,94.45,5073.1,0,3,4,0,5194.75,18.89,0,0.3129815433504199,0,Champions
1,0,0,0,58,1,1,2,1,0,0,0,0,0,0,1,2,79.8,4526.85,0,3,2,0,4628.4,26.6,0,0.16186804621403109,0,Champions
1,0,0,0,5,1,0,1,1,0,0,1,0,0,0,0,0,54.2,308.25,1,0,3,1,271.0,13.55,1,0.4084243529673836,1,At Risk
1,1,0,0,1,1,0,0,0,0,0,0,0,0,0,1,0,19.45,19.45,1,0,1,1,19.45,9.725,1,0.6940624118544615,1,At Risk
0,1,0,0,9,1,1,2,0,0,0,0,0,0,0,1,0,74.05,678.45,0,0,1,1,666.4499999999999,37.025,1,0.7275871090268562,1,At Risk
0,0,0,0,26,1,0,1,0,0,0,1,0,0,0,0,2,49.15,1237.3,0,2,2,0,1277.9,16.383333333333333,0,0.19391437075881698,2,Fence Sitters
1,0,0,0,50,1,0,0,0,0,0,0,0,0,2,0,3,19.4,1023.95,0,3,1,0,970.0,9.7,0,0.015091897925885103,2,Fence Sitters
1,0,1,0,72,1,1,2,1,1,1,1,1,1,2,1,2,113.65,8182.75,0,3,7,0,8182.8,14.20625,0,0.014186450886512582,0,Champions
1,0,0,1,43,1,0,2,1,1,0,1,1,1,1,1,3,106.0,4532.3,0,2,6,0,4558.0,15.142857142857142,0,0.22088446687094826,0,Champions
0,0,0,0,56,1,1,0,0,0,0,0,0,0,2,1,2,25.95,1444.05,0,3,1,0,1453.2,12.975,0,0.022701600942585064,2,Fence Sitters
1,0,0,0,1,1,0,0,0,0,0,0,0,0,0,0,1,19.1,19.1,0,0,1,1,19.1,9.55,1,0.36428818487937065,2,Fence Sitters
0,0,1,1,72,1,1,2,0,1,1,0,1,1,2,1,0,103.4,7372.65,1,3,5,0,7444.8,17.233333333333334,0,0.16973146479676984,0,Champions
0,0,1,0,72,1,1,2,1,1,0,1,0,1,2,1,2,100.55,7325.1,0,3,5,0,7239.599999999999,16.758333333333333,0,0.03720762523046748,0,Champions
0,0,1,0,36,1,1,2,0,0,0,0,1,1,0,1,0,95.4,3474.2,0,2,3,0,3434.4,23.85,0,0.7960225003606227,1,At Risk
0,0,0,0,5,1,0,1,0,0,1,1,1,1,0,0,2,75.15,392.65,0,0,5,1,375.75,12.525,1,0.29452415969071816,1,At Risk
1,0,0,0,13,1,1,2,0,1,1,0,0,0,0,1,0,84.45,1058.6,1,1,3,0,1097.85,21.1125,0,0.7199301275268815,1,At Risk
1,1,0,0,44,1,0,2,0,1,1,0,0,1,1,0,3,89.15,3990.75,0,2,4,0,3922.6,17.830000000000002,0,0.11124973604221562,0,Champions
1,1,1,1,70,1,1,2,0,1,1,1,1,1,1,1,0,107.9,7475.85,0,3,6,0,7553.0,15.414285714285716,0,0.10882069932235605,0,Champions
0,0,0,0,44,1,0,0,0,0,0,0,0,0,1,0,3,19.5,835.5,0,2,1,0,858.0,9.75,0,0.03252982318597031,2,Fence Sitters
1,1,1,0,32,1,1,2,0,0,0,0,1,0,0,1,3,85.95,2628.6,1,2,2,0,2750.4,28.65,0,0.5406758986181894,1,At Risk
1,0,1,0,69,1,1,0,0,0,0,0,0,0,2,1,3,24.95,1718.35,0,3,1,0,1721.55,12.475,0,0.007923546169940605,2,Fence Sitters
1,1,0,0,16,1,0,1,0,0,0,1,1,0,0,0,0,59.4,1023.9,1,1,3,0,950.4,14.85,0,0.41727063932584396,1,At Risk
0,1,1,1,68,1,0,0,0,0,0,0,0,0,1,0,2,19.5,1193.55,0,3,1,0,1326.0,9.75,0,0.026082864073114307,2,Fence Sitters
0,0,0,0,16,1,0,2,0,0,0,0,0,0,0,1,3,69.95,1205.5,0,1,1,0,1119.2,34.975,0,0.4154850732413676,1,At Risk
0,0,1,1,68,1,0,1,1,1,0,1,1,1,2,0,2,82.85,5776.45,0,3,6,0,5633.799999999999,11.835714285714284,0,0.02485786045742932,0,Champions
0,0,0,0,4,1,0,0,0,0,0,0,0,0,0,0,1,19.0,78.9,0,0,1,1,76.0,9.5,1,0.15963893403219867,2,Fence Sitters
1,0,1,1,26,0,0,1,1,1,0,1,0,0,0,0,3,38.85,1025.15,0,2,3,0,1010.1,9.7125,0,0.07458208950429014,2,Fence Sitters
1,0,0,0,29,0,0,1,0,1,0,0,0,0,0,1,0,30.6,856.35,1,2,1,0,887.4000000000001,15.3,0,0.43590774190110015,2,Fence Sitters
0,0,0,1,5,1,0,0,0,0,0,0,0,0,0,0,3,20.35,122.0,0,0,1,1,101.75,10.175,1,0.11287734598408192,2,Fence Sitters
0,0,1,0,70,1,1,2,0,1,1,0,1,0,1,1,2,95.0,6602.9,0,3,4,0,6650.0,19.0,0,0.2011330392334146,0,Champions
0,0,1,0,24,1,0,1,1,0,0,1,1,1,1,0,2,74.4,1712.9,0,1,5,0,1785.6,12.4,0,0.06363066162401262,0,Champions
1,1,1,0,72,1,1,1,1,1,1,1,0,1,2,0,2,78.45,5682.25,0,3,6,0,5648.400000000001,11.207142857142856,0,0.01046994347774442,0,Champions
0,0,0,0,1,1,0,2,0,0,0,1,0,0,0,1,1,74.3,74.3,0,0,2,1,74.3,24.766666666666666,1,0.6892619315083103,1,At Risk
0,0,1,0,70,0,0,1,0,1,1,1,0,1,1,1,2,51.05,3635.15,0,3,4,0,3573.5,10.21,0,0.09434497352113218,0,Champions
1,0,1,1,36,1,0,0,0,0,0,0,0,0,0,0,2,19.2,702.9,0,2,1,0,691.1999999999999,9.6,0,0.05412678512632511,2,Fence Sitters
1,1,0,0,38,1,1,2,0,0,0,1,1,1,0,1,0,99.55,3734.25,1,2,4,0,3782.9,19.91,0,0.6637138740183051,1,At Risk
1,0,0,0,17,1,0,2,0,0,0,0,0,0,0,1,0,70.0,1144.5,1,1,1,0,1190.0,35.0,0,0.672911701196045,1,At Risk
1,0,1,1,41,1,1,2,0,1,1,1,1,1,1,1,2,109.1,4454.25,0,2,6,0,4473.099999999999,15.585714285714284,0,0.20474972941618075,0,Champions
1,0,0,0,1,1,0,1,0,0,0,0,0,0,0,1,0,45.3,45.3,1,0,1,1,45.3,22.65,1,0.8481112324205621,1,At Risk
0,0,0,0,2,0,0,1,0,0,0,1,0,0,0,0,2,29.85,75.6,1,0,1,1,59.7,14.925,1,0.6052188405074083,1,At Risk
0,0,0,0,14,1,0,2,0,0,1,0,0,0,0,0,0,76.45,1117.55,0,1,2,0,1070.3,25.48333333333333,0,0.7284329626531709,1,At Risk
0,1,0,0,2,1,0,2,0,1,1,1,0,1,0,1,3,95.1,180.25,1,0,5,1,190.2,15.85,1,0.5514135092791334,1,At Risk
0,0,0,0,1,1,0,0,0,0,0,0,0,0,0,0,1,19.8,19.8,1,0,1,1,19.8,9.9,1,0.6301773548820512,1,At Risk
0,0,1,1,13,1,1,1,0,1,1,1,1,0,0,1,0,72.8,930.05,0,1,5,0,946.4,12.133333333333333,0,0.10771926111442777,0,Champions
0,0,0,0,6,1,0,0,0,0,0,0,0,0,0,0,1,18.95,110.15,0,0,1,1,113.7,9.475,1,0.14100365911341678,2,Fence Sitters
1,0,0,0,4,1,0,2,0,1,0,0,0,0,0,1,2,76.65,333.6,1,0,2,1,306.6,25.55,1,0.7908111004721415,1,At Risk
1,0,1,1,5,1,0,2,0,1,0,1,1,1,0,1,1,99.15,465.05,1,0,5,1,495.75,16.525000000000002,1,0.6421775228597627,1,At Risk
1,0,1,0,15,1,0,2,1,0,1,0,1,1,0,0,0,101.75,1669.4,0,1,5,0,1526.25,16.958333333333332,0,0.6575261323858846,1,At Risk
1,0,0,0,47,1,0,2,1,0,0,0,0,0,0,0,3,75.45,3545.1,0,2,2,0,3546.15,25.15,0,0.28240291707411264,0,Champions
1,0,0,0,8,1,0,1,0,0,1,1,0,1,0,0,1,64.1,504.05,0,0,4,1,512.8,12.82,1,0.15857982207814642,1,At Risk
0,0,0,0,17,0,0,1,0,0,0,0,0,0,0,1,1,25.65,440.2,0,1,0,0,436.05,25.65,0,0.5824608627070081,2,Fence Sitters
0,0,1,1,15,1,0,2,1,0,0,0,0,0,0,0,1,75.1,1151.55,0,1,2,0,1126.5,25.03333333333333,0,0.4436449285571991,1,At Risk
1,0,0,0,26,1,0,2,1,0,1,1,0,1,1,1,2,95.85,2475.35,0,2,5,0,2492.1,15.975,0,0.19569537142765075,0,Champions
1,0,0,0,23,1,1,1,1,0,0,0,0,0,0,0,0,54.4,1249.25,0,1,2,0,1251.2,18.133333333333333,0,0.3217670615608479,2,Fence Sitters
1,1,0,0,4,1,0,2,0,1,0,0,0,0,0,0,0,72.75,317.75,0,0,2,1,291.0,24.25,1,0.474338425839993,1,At Risk
0,0,0,1,29,1,0,0,0,0,0,0,0,0,1,0,1,19.85,535.05,0,2,1,0,575.6500000000001,9.925,0,0.035222666423756106,2,Fence Sitters
1,0,0,0,25,1,0,0,0,0,0,0,0,0,0,0,1,19.05,461.3,0,2,1,0,476.25,9.525,0,0.1029547211225089,2,Fence Sitters
0,0,0,0,9,1,0,1,0,0,0,0,0,0,0,0,1,44.95,431.0,1,0,1,1,404.55,22.475,1,0.7115561619016897,1,At Risk
0,0,1,0,18,1,0,1,0,0,1,0,0,0,0,1,1,49.55,878.35,1,1,2,0,891.9,16.516666666666666,0,0.5015617400958684,1,At Risk
0,1,0,0,3,1,1,2,0,0,0,0,1,1,0,1,0,94.85,335.75,0,0,3,1,284.54999999999995,23.7125,1,0.9074252521332384,1,At Risk
1,0,1,1,69,0,0,1,1,1,1,1,0,0,2,0,2,46.25,3121.4,0,3,4,0,3191.25,9.25,0,0.016542347896703363,0,Champions
0,0,0,0,14,1,0,0,0,0,0,0,0,0,1,0,1,19.35,324.8,0,1,1,0,270.90000000000003,9.675,0,0.05648598076224759,2,Fence Sitters
0,0,0,0,19,1,1,1,0,0,0,0,1,1,0,0,1,69.6,1394.55,0,1,3,0,1322.4,17.4,0,0.6890430246385233,1,At Risk
0,1,0,0,39,1,1,2,0,1,0,0,0,1,0,0,0,90.7,3413.25,0,2,3,0,3537.3,22.675,0,0.6162649974915392,1,At Risk
0,0,0,0,31,1,0,2,0,1,1,0,1,1,0,1,0,101.4,3143.65,0,2,5,0,3143.4,16.900000000000002,0,0.7675593748623302,1,At Risk
0,0,1,1,24,1,0,0,0,0,0,0,0,0,1,0,1,20.25,439.75,0,1,1,0,486.0,10.125,0,0.029884045267841847,2,Fence Sitters
0,0,1,0,14,1,0,1,0,0,0,1,0,0,0,0,2,48.8,664.4,0,1,2,0,683.1999999999999,16.266666666666666,0,0.2493598753336851,2,Fence Sitters
1,0,1,0,64,1,0,1,1,1,1,1,0,1,2,1,1,74.35,4759.55,0,3,6,0,4758.4,10.62142857142857,0,0.018908195390715272,0,Champions
1,0,0,0,50,1,0,0,0,0,0,0,0,0,1,1,1,19.35,1033.0,0,3,1,0,967.5,9.675,0,0.02580665513874321,2,Fence Sitters
0,0,1,1,52,1,0,1,0,1,1,1,1,0,1,1,0,68.75,3482.85,0,3,5,0,3575.0,11.458333333333334,0,0.04438699267040946,0,Champions
0,0,0,0,28,1,1,2,0,1,0,0,1,1,1,0,0,100.2,2688.45,0,2,4,0,2805.6,20.04,0,0.559657133228502,1,At Risk
1,0,0,0,21,1,0,0,0,0,0,0,0,0,2,1,3,20.85,435.25,0,1,1,0,437.85,10.425,0,0.01540890289426656,2,Fence Sitters
0,0,0,1,25,1,0,2,0,1,0,0,1,1,0,1,0,95.9,2448.75,1,2,4,0,2397.5,19.18,0,0.6345174183749863,1,At Risk
1,0,1,0,17,1,0,0,0,0,0,0,0,0,1,0,1,19.35,307.0,0,1,1,0,328.95000000000005,9.675,0,0.04236770422029828,2,Fence Sitters
0,0,1,0,58,0,0,1,0,0,0,0,1,1,1,1,3,45.0,2689.35,0,3,2,0,2610.0,15.0,0,0.17419943818620634,2,Fence Sitters
0,1,1,0,17,1,0,2,0,0,0,0,0,1,0,0,2,81.5,1329.2,1,1,2,0,1385.5,27.166666666666668,0,0.6109039167575221,1,At Risk
1,0,1,0,51,1,1,0,0,0,0,0,0,0,2,0,1,25.5,1281.25,0,3,1,0,1300.5,12.75,0,0.016802833294671023,2,Fence Sitters
0,0,1,1,72,0,0,1,1,0,1,1,1,0,2,0,1,48.9,3527.0,0,3,4,0,3520.8,9.78,0,0.0065914032913001195,0,Champions
0,0,1,0,52,1,0,2,1,0,0,0,1,0,0,0,0,84.1,4348.65,1,3,3,0,4373.2,21.025,0,0.6585418171481595,1,At Risk
1,0,0,0,27,1,0,0,0,0,0,0,0,0,2,1,1,19.6,561.15,0,2,1,0,529.2,9.8,0,0.01677377276679943,2,Fence Sitters
1,0,0,0,3,1,0,0,0,0,0,0,0,0,0,0,1,20.0,63.6,0,0,1,1,60.0,10.0,1,0.33303207134107615,2,Fence Sitters
1,0,1,0,64,1,1,1,1,1,1,1,0,1,2,1,1,81.3,5129.3,0,3,6,0,5203.2,11.614285714285714,0,0.018579191398456953,0,Champions
1,0,1,0,45,1,0,2,0,0,0,1,1,1,2,1,3,95.2,4285.8,0,2,4,0,4284.0,19.04,0,0.06107421541533371,0,Champions
0,1,1,0,3,0,0,1,0,0,0,0,1,0,0,1,1,36.45,93.7,1,0,1,1,109.35,18.225,1,0.8078132626538359,1,At Risk
1,0,1,0,71,1,1,1,0,1,1,1,1,1,2,1,3,83.3,5894.5,0,3,6,0,5914.3,11.9,0,0.014237040619308746,0,Champions
1,1,0,0,1,0,0,1,0,0,0,0,0,0,0,0,1,25.05,25.05,1,0,0,1,25.05,25.05,1,0.8570844964168378,1,At Risk
1,0,1,1,58,1,0,0,0,0,0,0,0,0,2,0,3,20.3,1160.75,0,3,1,0,1177.4,10.15,0,0.01165883513849438,2,Fence Sitters
0,0,1,1,34,1,0,2,0,1,1,0,1,0,0,1,0,89.85,3091.75,0,2,4,0,3054.9,17.97,0,0.41187572172128245,0,Champions
1,0,0,0,8,1,0,1,1,0,0,0,0,0,0,1,0,49.85,365.55,1,0,2,1,398.8,16.616666666666667,1,0.46318856821678694,1,At Risk
1,0,1,1,15,1,0,0,0,0,0,0,0,0,0,0,1,19.8,272.95,0,1,1,0,297.0,9.9,0,0.1262612953024452,2,Fence Sitters
0,0,1,1,66,0,0,1,0,0,1,1,1,1,2,0,2,54.65,3632.0,0,3,4,0,3606.9,10.93,0,0.013535927984137518,0,Champions
0,1,0,0,12,0,0,1,0,1,0,0,0,0,0,1,3,29.35,381.2,0,0,1,1,352.20000000000005,14.675,1,0.40990209233440095,2,Fence Sitters
0,0,0,0,58,1,0,0,0,0,0,0,0,0,2,1,2,19.15,1035.5,0,3,1,0,1110.6999999999998,9.575,0,0.011610560760216736,2,Fence Sitters
1,0,1,1,3,1,0,0,0,0,0,0,0,0,2,0,1,19.1,52.0,0,0,1,1,57.3,9.55,0,0.014910054971309776,2,Fence Sitters
1,1,1,0,43,0,0,1,0,1,1,0,1,1,0,0,3,55.55,2342.2,1,2,4,0,2388.65,11.11,0,0.4007134355426552,0,Champions
1,0,0,0,9,1,0,2,0,1,1,0,0,0,0,0,0,80.55,653.9,0,0,3,1,724.9499999999999,20.1375,1,0.7257347944944017,1,At Risk
1,0,0,0,3,1,0,0,0,0,0,0,0,0,1,0,1,20.25,71.2,0,0,1,1,60.75,10.125,0,0.06723579208153542,2,Fence Sitters
1,0,1,1,22,1,0,1,0,1,0,0,1,1,1,1,2,69.5,1498.2,1,1,4,0,1529.0,13.9,0,0.050335843080963796,0,Champions
0,0,1,0,40,1,1,2,0,1,1,0,1,1,1,1,2,106.0,4178.65,0,2,5,0,4240.0,17.666666666666668,0,0.5429897208648687,0,Champions
1,0,0,0,68,1,1,0,0,0,0,0,0,0,2,0,2,25.5,1821.8,0,3,1,0,1734.0,12.75,0,0.01229024487930655,2,Fence Sitters
0,0,1,0,54,1,1,2,0,1,1,0,1,1,0,1,0,104.3,5278.15,1,3,5,0,5632.2,17.383333333333333,0,0.757356258019881,0,Champions
1,0,0,0,50,1,1,1,0,1,0,1,1,1,2,1,1,79.6,4024.2,0,3,5,0,3980.0,13.266666666666666,0,0.05179611273022143,0,Champions
0,0,0,0,1,1,0,1,0,0,0,0,0,1,0,1,0,55.25,55.25,0,0,2,1,55.25,18.416666666666668,1,0.8557396843578331,1,At Risk
1,0,1,0,72,1,1,1,1,1,1,1,1,1,2,0,2,88.05,6520.8,0,3,7,0,6339.599999999999,11.00625,0,0.0090623644992633,0,Champions
0,0,0,1,40,1,0,0,0,0,0,0,0,0,1,1,2,20.4,854.9,0,2,1,0,816.0,10.2,0,0.026749517600771957,2,Fence Sitters
1,0,1,1,72,1,1,2,1,1,1,1,1,1,2,1,2,117.6,8308.9,0,3,7,0,8467.199999999999,14.7,0,0.010285135651975419,0,Champions
1,0,0,0,6,1,0,0,0,0,0,0,0,0,0,0,1,20.0,109.2,0,0,1,1,120.0,10.0,1,0.251192527291421,2,Fence Sitters
1,0,0,0,5,1,0,0,0,0,0,0,0,0,0,1,3,19.65,92.05,0,0,1,1,98.25,9.825,1,0.16624527000977746,2,Fence Sitters
0,0,1,0,48,1,1,1,0,1,1,0,0,1,1,1,3,70.55,3420.5,0,2,4,0,3386.4,14.11,0,0.1282017619578164,0,Champions
1,0,0,0,1,1,1,2,0,0,0,0,1,1,0,1,0,93.85,93.85,1,0,3,1,93.85,23.4625,1,0.9544757710780355,1,At Risk
1,0,1,1,64,1,0,1,1,0,0,1,1,0,1,0,1,65.8,4068.0,0,3,4,0,4211.2,13.16,0,0.04769768460089527,0,Champions
1,0,0,0,17,1,0,0,0,0,0,0,0,0,1,0,3,20.05,337.9,0,1,1,0,340.85,10.025,0,0.042534703281949415,2,Fence Sitters
0,0,1,0,40,1,0,2,0,1,1,0,0,0,0,1,0,80.0,3168.75,0,2,3,0,3200.0,20.0,0,0.6314652288945611,1,At Risk
1,0,1,1,41,0,0,1,1,0,1,0,0,0,1,0,3,35.4,1412.4,0,2,2,0,1451.4,11.8,0,0.023410968899338958,2,Fence Sitters
0,1,0,0,51,1,1,2,0,1,0,0,0,0,1,1,2,79.6,3974.7,0,3,2,0,4059.6,26.53333333333333,0,0.15276615828384082,0,Champions
0,0,1,0,41,1,1,2,0,1,0,0,0,0,0,1,0,80.25,3439.0,0,2,2,0,3290.25,26.75,0,0.580631142960793,1,At Risk
1,0,1,1,1,1,0,1,0,0,1,0,0,0,0,0,1,50.45,50.45,1,0,2,1,50.45,16.816666666666666,1,0.7482273167357124,1,At Risk
1,0,0,0,2,1,0,0,0,0,0,0,0,0,0,1,1,20.45,42.45,0,0,1,1,40.9,10.225,1,0.2855716259635486,2,Fence Sitters
0,0,0,0,68,1,0,2,0,1,1,0,0,0,1,0,3,79.6,5461.45,0,3,3,0,5412.799999999999,19.9,0,0.1907754588579261,0,Champions
1,0,1,1,24,1,1,0,0,0,0,0,0,0,2,0,1,24.7,571.75,0,1,1,0,592.8,12.35,0,0.019137169197619108,2,Fence Sitters
0,0,1,0,70,1,1,1,1,0,1,1,0,1,2,0,3,77.3,5498.2,0,3,5,0,5411.0,12.883333333333333,0,0.021473873808754224,0,Champions
0,0,0,0,3,0,0,1,0,0,0,1,0,0,0,1,0,29.75,96.85,0,0,1,1,89.25,14.875,1,0.6600297111583243,1,At Risk
0,0,0,0,2,1,0,1,0,0,0,0,0,0,0,0,2,44.9,111.05,0,0,1,1,89.8,22.45,1,0.7247830030589868,1,At Risk
0,0,1,0,3,0,0,1,0,1,0,0,0,0,0,0,3,29.8,94.4,0,0,1,1,89.4,14.9,1,0.5187977835153509,1,At Risk
1,0,0,0,7,1,1,1,0,0,0,1,1,1,0,1,0,74.65,521.1,1,0,4,1,522.5500000000001,14.93,1,0.5632962463388925,1,At Risk
1,0,0,0,13,1,0,1,1,0,0,0,1,1,0,1,0,71.95,923.85,0,1,4,0,935.35,14.39,0,0.39982450926857527,1,At Risk
0,0,0,0,7,1,0,0,0,0,0,0,0,0,0,0,1,20.75,141.1,0,0,1,1,145.25,10.375,1,0.268689192838993,2,Fence Sitters
0,0,1,1,12,1,0,1,0,0,0,0,1,0,0,1,1,56.3,628.65,0,0,2,1,675.5999999999999,18.766666666666666,1,0.35221489264803585,1,At Risk
0,0,1,1,53,1,1,2,0,1,1,0,1,1,1,1,0,105.25,5576.3,0,3,5,0,5578.25,17.541666666666668,0,0.2993753279273147,0,Champions
1,0,0,0,12,1,1,2,0,0,0,0,1,1,0,1,0,94.2,1046.1,1,0,3,1,1130.4,23.55,1,0.8991947022143021,1,At Risk
0,0,1,1,63,1,0,0,0,0,0,0,0,0,2,0,1,19.55,1245.6,0,3,1,0,1231.65,9.775,0,0.010664979494413859,2,Fence Sitters
1,0,0,0,15,1,0,1,1,1,1,1,1,1,0,0,1,84.45,1287.85,0,1,7,0,1266.75,10.55625,0,0.22206855985528737,0,Champions
0,0,1,1,36,1,0,1,1,1,0,0,0,0,1,0,1,53.65,1939.35,0,2,3,0,1931.4,13.4125,0,0.08616149280863722,2,Fence Sitters
0,1,1,0,4,0,0,1,0,0,1,0,0,0,0,1,0,29.9,118.25,0,0,1,1,119.6,14.95,1,0.7236181124454639,1,At Risk
1,0,1,1,24,1,0,0,0,0,0,0,0,0,2,0,1,19.7,452.55,0,1,1,0,472.8,9.85,0,0.01300052231125157,2,Fence Sitters
1,0,0,0,61,0,0,1,1,1,1,1,0,0,1,0,3,43.7,2696.55,0,3,4,0,2665.7000000000003,8.74,0,0.07743590397361108,0,Champions
0,0,0,0,16,1,1,1,0,1,0,0,0,0,0,0,0,55.3,875.35,0,1,2,0,884.8,18.433333333333334,0,0.3733838011255351,1,At Risk
0,0,1,1,65,1,0,0,0,0,0,0,0,0,2,1,3,19.85,1267.05,0,3,1,0,1290.25,9.925,0,0.006815252197371889,2,Fence Sitters
1,0,1,1,26,1,0,0,0,0,0,0,0,0,2,0,3,19.65,494.9,0,2,1,0,510.9,9.825,0,0.011268307301494265,2,Fence Sitters
0,0,0,0,16,1,0,1,0,0,0,1,0,0,0,1,1,49.45,799.0,0,1,2,0,791.2,16.483333333333334,0,0.33929626832671417,2,Fence Sitters
1,0,1,0,54,1,1,2,1,1,0,0,1,1,1,0,2,106.55,5763.3,1,3,5,0,5753.7,17.758333333333333,0,0.24498708258242385,0,Champions
0,0,0,0,1,1,0,0,0,0,0,0,0,0,0,0,1,20.1,20.1,1,0,1,1,20.1,10.05,1,0.6370578049385306,1,At Risk
0,0,0,1,5,1,0,0,0,0,0,0,0,0,2,0,1,20.45,106.9,0,0,1,1,102.25,10.225,0,0.024427163185909314,2,Fence Sitters
1,0,0,0,19,0,0,1,0,1,0,0,0,1,0,1,0,39.7,710.05,0,1,2,0,754.3000000000001,13.233333333333334,0,0.5255895358353193,1,At Risk
0,0,0,0,10,1,1,1,1,0,0,0,0,0,0,1,3,54.5,568.2,0,0,2,1,545.0,18.166666666666668,1,0.35343419826854905,1,At Risk
1,0,1,1,23,1,0,2,0,1,1,1,0,0,0,0,0,83.8,1900.25,1,1,4,0,1927.4,16.759999999999998,0,0.36785425531551963,0,Champions
0,0,0,0,3,1,0,1,0,0,0,0,1,0,0,0,1,55.15,159.15,1,0,2,1,165.45,18.383333333333333,1,0.8017427920958567,1,At Risk
1,0,0,0,72,1,1,2,0,1,1,1,1,1,2,1,2,111.6,8012.75,0,3,6,0,8035.2,15.94285714285714,0,0.06621803297872164,0,Champions
0,1,1,0,10,1,1,2,0,0,0,0,0,1,0,1,0,86.65,856.65,1,0,2,1,866.5,28.883333333333336,1,0.8327042587992903,1,At Risk
1,0,1,1,10,1,0,1,0,1,1,0,0,0,0,1,1,55.55,551.3,0,0,3,1,555.5,13.8875,1,0.11663563630404533,2,Fence Sitters
0,0,1,0,11,1,0,0,0,0,0,0,0,0,1,1,1,20.55,184.95,0,0,1,1,226.05,10.275,0,0.05998618036826286,2,Fence Sitters
1,1,0,0,37,1,1,2,1,1,0,0,1,1,0,1,2,106.75,4056.75,1,2,5,0,3949.75,17.791666666666668,0,0.35704002891469633,0,Champions
0,0,1,1,17,1,1,1,1,0,0,1,0,0,1,1,1,62.1,1096.65,0,1,3,0,1055.7,15.525,0,0.07686204824582517,2,Fence Sitters
1,0,1,1,36,1,1,2,1,0,1,0,1,1,0,1,3,104.5,3684.95,0,2,5,0,3762.0,17.416666666666668,0,0.382453541860555,0,Champions
0,1,0,0,17,1,0,2,0,1,1,0,1,1,0,1,0,101.8,1752.45,0,1,5,0,1730.6,16.966666666666665,0,0.7531880807166725,1,At Risk
1,1,1,1,66,1,1,2,1,1,0,1,1,1,1,1,3,110.6,7210.85,0,3,6,0,7299.599999999999,15.8,0,0.08445531501326993,0,Champions
0,0,1,1,61,1,0,1,1,1,1,1,1,1,1,0,2,84.9,5264.5,0,3,7,0,5178.900000000001,10.6125,0,0.10714137431566054,0,Champions
0,0,0,0,22,1,0,2,0,1,0,0,1,1,0,1,1,93.2,2157.3,0,1,4,0,2050.4,18.64,0,0.7832969233813837,1,At Risk
0,0,0,0,1,0,0,1,0,0,0,0,0,0,0,1,0,24.4,24.4,0,0,0,1,24.4,24.4,1,0.8773233107092853,1,At Risk
1,0,0,0,6,1,0,2,0,0,0,0,0,0,0,0,3,70.55,433.95,0,0,1,1,423.3,35.275,1,0.4156207891217805,1,At Risk
0,0,0,0,31,1,0,2,0,1,0,1,0,0,0,1,0,78.45,2435.15,1,2,3,0,2431.9500000000003,19.6125,0,0.3821746795961086,1,At Risk
1,0,1,1,68,1,0,1,1,1,1,1,1,1,2,1,3,85.0,5607.75,0,3,7,0,5780.0,10.625,0,0.016287161182330447,0,Champions
1,0,1,1,34,1,1,2,0,0,1,0,1,0,0,0,0,87.45,2874.15,1,2,3,0,2973.3,21.8625,0,0.49962794435568936,1,At Risk
1,0,1,1,52,1,0,2,0,1,1,1,0,0,0,0,2,85.8,4433.3,0,3,4,0,4461.599999999999,17.16,0,0.2202075007815783,0,Champions
1,0,0,1,10,1,0,2,0,0,1,1,1,0,0,1,0,91.1,964.35,0,0,4,1,911.0,18.22,1,0.5500954877434611,1,At Risk
0,0,1,1,29,1,0,2,0,0,0,0,0,0,0,1,0,70.75,1974.8,1,2,1,0,2051.75,35.375,0,0.44201066477102524,1,At Risk
1,0,1,1,72,1,0,0,0,0,0,0,0,0,2,0,2,20.1,1460.85,0,3,1,0,1447.2,10.05,0,0.004737674051142453,2,Fence Sitters
0,0,1,1,47,1,0,0,0,0,0,0,0,0,1,0,1,20.05,951.55,0,2,1,0,942.35,10.025,0,0.030107383057333896,2,Fence Sitters
0,0,1,1,24,1,1,1,1,0,0,0,1,1,1,0,1,74.8,1821.2,0,1,4,0,1795.1999999999998,14.96,0,0.1003281583928054,0,Champions
0,0,0,0,65,1,1,0,0,0,0,0,0,0,1,0,3,24.8,1600.95,0,3,1,0,1612.0,12.4,0,0.043596183729395555,2,Fence Sitters
1,0,0,0,4,1,1,2,0,0,0,1,1,1,0,1,1,100.85,399.25,0,0,4,1,403.4,20.17,1,0.8158297920655898,1,At Risk
0,1,1,0,12,1,1,2,0,1,0,0,1,1,0,1,0,101.35,1218.55,1,0,4,1,1216.1999999999998,20.27,1,0.8333034123063215,1,At Risk
0,0,0,0,1,1,1,2,1,0,0,0,0,0,0,1,0,81.7,81.7,1,0,2,1,81.7,27.23333333333333,1,0.6642132980408625,1,At Risk
0,0,0,0,33,1,0,2,0,0,0,0,0,0,0,0,0,68.25,2171.15,1,2,1,0,2252.25,34.125,0,0.8416116098285829,1,At Risk
1,0,0,0,34,1,0,2,0,1,1,1,1,1,0,1,0,105.1,3634.8,0,2,6,0,3573.4,15.014285714285714,0,0.30993551748592035,0,Champions
1,0,1,0,14,1,0,0,0,0,0,0,0,0,2,0,1,20.4,292.4,0,1,1,0,285.6,10.2,0,0.022645177625297247,2,Fence Sitters
1,0,0,0,4,1,0,2,0,0,0,0,0,1,0,1,0,79.15,317.25,1,0,2,1,316.6,26.383333333333336,1,0.8689215964796835,1,At Risk
0,0,1,1,13,1,0,0,0,0,0,0,0,0,1,0,1,20.0,218.55,0,1,1,0,260.0,10.0,0,0.0562106676201037,2,Fence Sitters
1,0,1,1,65,1,1,1,0,1,0,1,1,1,2,1,2,79.4,5071.9,0,3,5,0,5161.0,13.233333333333334,0,0.03735440288633544,0,Champions
0,0,1,1,23,1,0,1,1,0,0,1,0,0,1,0,3,57.2,1423.35,0,1,3,0,1315.6,14.3,0,0.05373916006048181,2,Fence Sitters
0,0,1,0,55,1,0,1,1,1,1,0,0,0,2,0,0,58.6,3068.6,0,3,4,0,3223.0,11.72,0,0.03160246548775675,0,Champions
0,0,1,0,49,1,0,2,0,1,0,0,1,1,2,1,0,94.8,4690.65,0,3,4,0,4645.2,18.96,0,0.16134159316491373,0,Champions
0,0,1,0,60,1,1,2,0,1,1,0,1,1,1,0,2,102.5,6157.6,0,3,5,0,6150.0,17.083333333333332,0,0.5321053527498892,0,Champions
1,0,1,1,69,1,0,0,0,0,0,0,0,0,1,1,3,20.35,1442.65,0,3,1,0,1404.15,10.175,0,0.008413156533423165,2,Fence Sitters
0,0,0,0,40,1,1,2,0,0,0,0,1,0,0,1,0,84.9,3369.05,0,2,2,0,3396.0,28.3,0,0.8764965524115752,1,At Risk
0,0,1,0,67,1,0,1,1,1,0,1,0,1,2,1,3,69.2,4671.65,0,3,5,0,4636.400000000001,11.533333333333331,0,0.017592872927277077,0,Champions
0,1,0,0,35,1,1,2,0,0,0,0,1,1,0,1,0,95.45,3474.05,1,2,3,0,3340.75,23.8625,0,0.8278549283775934,1,At Risk
0,0,1,1,19,1,1,2,0,0,0,1,1,1,1,1,0,100.95,1875.55,1,1,4,0,1918.05,20.19,0,0.23997880406048167,0,Champions
1,0,1,1,13,1,0,0,0,0,0,0,0,0,2,0,1,20.85,272.35,0,1,1,0,271.05,10.425,0,0.018949112659856916,2,Fence Sitters
1,0,0,1,41,1,1,2,0,1,0,0,1,0,0,1,2,88.5,3645.05,0,2,3,0,3628.5,22.125,0,0.33583466835407105,0,Champions
1,0,0,0,4,0,0,1,1,0,1,0,0,0,0,0,1,35.0,135.75,0,0,2,1,140.0,11.666666666666666,1,0.35005681812459305,2,Fence Sitters
1,0,1,1,24,1,0,1,1,0,0,1,0,0,0,0,0,55.15,1319.85,0,1,3,0,1323.6,13.7875,0,0.09497726341903329,2,Fence Sitters
1,0,0,0,5,0,0,1,0,1,0,0,1,1,0,1,3,50.95,229.4,0,0,3,1,254.75,12.7375,1,0.37755638735545033,1,At Risk
1,0,0,0,5,1,1,1,0,1,0,0,0,1,0,1,0,64.0,370.25,0,0,3,1,320.0,16.0,1,0.44556622776043614,1,At Risk
1,0,1,1,1,1,0,2,0,0,0,0,0,0,0,1,1,69.1,69.1,1,0,1,1,69.1,34.55,1,0.8838363261983395,1,At Risk
1,0,1,1,72,1,1,1,1,1,1,1,1,0,2,0,2,80.2,5714.2,0,3,6,0,5774.400000000001,11.457142857142856,0,0.008780206544165416,0,Champions
1,0,0,0,24,1,0,1,0,0,1,0,0,0,0,1,3,49.3,1233.25,0,1,2,0,1183.1999999999998,16.433333333333334,0,0.23105831229898688,2,Fence Sitters
1,0,1,0,42,1,1,1,1,0,1,1,1,1,2,0,3,84.35,3571.6,0,2,6,0,3542.7,12.05,0,0.02345824973881451,0,Champions
1,0,0,0,4,1,0,0,0,0,0,0,0,0,0,0,1,20.05,83.3,0,0,1,1,80.2,10.025,1,0.2930014565079727,2,Fence Sitters
0,0,0,0,68,1,1,2,1,1,1,1,1,1,1,1,3,117.2,8035.95,0,3,7,0,7969.6,14.65,0,0.6130475382987595,0,Champions
1,0,1,1,33,1,0,0,0,0,0,0,0,0,1,0,1,20.1,579.4,0,2,1,0,663.3000000000001,10.05,0,0.02733494383358203,2,Fence Sitters
1,1,0,0,1,1,0,2,0,0,0,0,0,0,0,1,0,69.6,69.6,1,0,1,1,69.6,34.8,1,0.9457013118673095,1,At Risk
0,0,0,0,31,1,1,2,0,1,1,0,1,1,1,1,0,103.45,3066.45,1,2,5,0,3206.9500000000003,17.241666666666667,0,0.49297879737037714,0,Champions
1,0,0,0,4,1,1,2,0,1,0,0,0,0,0,0,2,77.95,305.55,1,0,2,1,311.8,25.98333333333333,1,0.674833562352725,1,At Risk
0,1,1,0,69,1,1,2,0,1,1,1,1,1,2,1,0,109.95,7634.25,0,3,6,0,7586.55,15.707142857142856,0,0.33892859956542404,0,Champions
0,1,0,0,38,1,1,2,0,0,0,0,1,1,0,0,0,94.75,3653.0,0,2,3,0,3600.5,23.6875,0,0.8005957243126048,1,At Risk
1,0,1,1,3,1,0,2,0,1,0,1,0,0,0,1,0,80.0,241.3,0,0,3,1,240.0,20.0,1,0.5658841509133674,1,At Risk
1,0,1,1,48,1,1,1,0,1,0,1,1,1,2,0,0,79.65,3870.3,0,2,5,0,3823.2,13.275,0,0.0409882578420896,0,Champions
1,0,1,0,15,1,1,0,0,0,0,0,0,0,2,0,1,25.2,387.9,0,1,1,0,378.0,12.6,0,0.03018812671862815,2,Fence Sitters
1,0,0,0,25,1,0,0,0,0,0,0,0,0,1,0,3,19.9,527.5,0,2,1,0,497.5,9.95,0,0.02865895075979475,2,Fence Sitters
1,1,0,0,1,1,0,2,0,0,0,0,1,0,0,0,0,78.45,78.45,1,0,2,1,78.45,26.15,1,0.9508560137491544,1,At Risk
1,0,0,0,48,0,0,1,1,1,0,0,1,0,0,1,0,44.8,2104.55,0,2,3,0,2150.4,11.2,0,0.3021460181065939,2,Fence Sitters
0,0,0,0,1,1,0,0,0,0,0,0,0,0,0,0,1,20.3,20.3,0,0,1,1,20.3,10.15,1,0.578166032134635,1,At Risk
0,0,0,0,1,1,0,0,0,0,0,0,0,0,0,0,0,19.2,19.2,0,0,1,1,19.2,9.6,1,0.4061045420907693,2,Fence Sitters
1,0,0,0,37,1,0,2,0,1,1,0,0,0,1,0,0,80.05,3019.1,0,2,3,0,2961.85,20.0125,0,0.11804924252474987,0,Champions
0,1,1,0,66,1,1,2,0,1,1,1,1,1,1,1,2,107.35,7051.95,0,3,6,0,7085.099999999999,15.335714285714284,0,0.4210792079206737,0,Champions
1,0,1,0,26,0,0,1,1,1,1,0,1,0,1,0,2,47.85,1190.5,0,2,4,0,1244.1,9.57,0,0.050313244524467934,2,Fence Sitters
0,0,1,0,63,1,0,1,1,1,0,1,1,0,1,0,3,70.8,4448.8,0,3,5,0,4460.4,11.8,0,0.12412305526099694,0,Champions
0,0,0,0,10,0,0,1,0,0,1,0,0,0,0,0,1,29.5,255.25,1,0,1,1,295.0,14.75,1,0.7582563359581542,1,At Risk
1,0,0,0,2,1,0,1,1,0,0,0,1,1,0,1,0,70.75,146.9,1,0,4,1,141.5,14.15,1,0.45279589197549497,1,At Risk
0,1,1,0,18,1,0,1,1,0,0,0,0,1,0,1,3,59.1,1011.05,0,1,3,0,1063.8,14.775,0,0.16805539448051862,2,Fence Sitters
1,0,1,0,64,1,1,0,0,0,0,0,0,0,2,0,1,25.55,1714.95,0,3,1,0,1635.2,12.775,0,0.011709658964893198,2,Fence Sitters
1,1,0,0,9,1,1,2,0,0,0,0,0,1,0,1,0,84.45,762.5,1,0,2,1,760.0500000000001,28.15,1,0.8292761558375716,1,At Risk
1,0,0,1,28,1,0,0,0,0,0,0,0,0,0,0,1,20.25,535.35,0,2,1,0,567.0,10.125,0,0.08056721784040914,2,Fence Sitters
1,0,0,0,1,1,0,2,0,0,1,0,0,0,0,0,0,75.55,75.55,0,0,2,1,75.55,25.183333333333334,1,0.8913630287800248,1,At Risk
0,0,0,0,4,1,1,2,0,0,0,0,0,1,0,1,0,85.65,338.9,1,0,2,1,342.6,28.55,1,0.9135533545863885,1,At Risk
0,1,0,0,38,1,0,1,0,1,1,1,1,0,1,1,3,70.15,2497.35,1,2,5,0,2665.7000000000003,11.691666666666668,0,0.04916257243546818,0,Champions
0,0,1,0,66,1,1,2,0,1,1,0,0,1,1,0,0,95.3,6273.4,0,3,4,0,6289.8,19.06,0,0.2825926317526705,0,Champions
1,0,0,0,1,1,0,2,0,0,0,0,0,0,0,1,0,70.25,70.25,0,0,1,1,70.25,35.125,1,0.9258006955645237,1,At Risk
1,0,1,0,18,1,0,1,0,0,0,1,0,0,0,1,1,50.3,908.75,0,1,2,0,905.4,16.766666666666666,0,0.24231611442422116,2,Fence Sitters
0,1,0,0,51,1,1,2,0,0,1,0,1,1,0,1,0,97.8,4913.3,1,3,4,0,4987.8,19.56,0,0.8657828400523839,1,At Risk
0,0,0,0,1,1,0,1,0,0,0,0,0,0,0,0,1,46.3,46.3,1,0,1,1,46.3,23.15,1,0.8363451955046063,1,At Risk
0,0,0,1,12,1,0,0,0,0,0,0,0,0,2,0,2,19.35,212.3,0,0,1,1,232.2,9.675,0,0.02423037155983958,2,Fence Sitters
1,0,0,0,41,1,1,2,0,1,1,0,1,1,0,1,0,106.3,4443.45,1,2,5,0,4358.3,17.716666666666665,0,0.708389072481329,0,Champions
0,0,0,0,12,1,1,0,0,0,0,0,0,0,0,0,0,25.0,316.2,0,0,1,1,300.0,12.5,1,0.5241208190463956,2,Fence Sitters
1,0,1,1,55,1,0,0,0,0,0,0,0,0,2,0,1,20.3,1079.05,0,3,1,0,1116.5,10.15,0,0.0141321526722668,2,Fence Sitters
1,0,0,0,7,1,1,2,0,0,0,0,0,0,0,1,0,75.35,564.65,0,0,1,1,527.4499999999999,37.675,1,0.7570058992686823,1,At Risk
1,0,0,0,12,1,0,2,0,0,1,1,0,1,0,1,0,89.4,1095.65,1,0,4,1,1072.8000000000002,17.880000000000003,1,0.6864451544117934,1,At Risk
1,0,1,1,68,1,1,1,1,1,1,1,1,1,2,0,3,88.0,6161.9,0,3,7,0,5984.0,11.0,0,0.023686595857917155,0,Champions
1,1,0,0,5,1,1,2,0,0,0,0,1,0,0,1,3,83.15,446.05,1,0,2,1,415.75,27.71666666666667,1,0.7508227339704735,1,At Risk
1,1,0,0,49,1,0,1,0,0,0,0,0,0,0,0,1,43.8,2106.05,0,3,1,0,2146.2,21.9,0,0.18125732038310968,2,Fence Sitters
0,0,0,0,40,0,0,1,1,1,1,0,1,1,1,0,3,62.05,2511.55,0,2,5,0,2482.0,10.341666666666669,0,0.16483436050997577,0,Champions
1,0,0,0,16,1,0,0,0,0,0,0,0,0,1,0,2,20.1,318.6,0,1,1,0,321.6,10.05,0,0.055594475643691056,2,Fence Sitters
0,0,0,0,10,1,1,2,0,0,0,0,0,0,0,1,1,74.15,811.8,1,0,1,1,741.5,37.075,1,0.8203353029296676,1,At Risk
1,0,1,0,72,1,1,2,0,1,1,0,1,1,1,1,0,101.35,7323.15,0,3,5,0,7297.2,16.891666666666666,0,0.19391890961793024,0,Champions
1,1,0,0,2,1,1,2,0,0,0,0,0,1,0,1,0,84.05,186.05,0,0,2,1,168.1,28.016666666666666,1,0.881495806824452,1,At Risk
0,0,1,1,23,1,0,0,0,0,0,0,0,0,2,0,1,20.9,454.0,0,1,1,0,480.7,10.45,0,0.011156115720463175,2,Fence Sitters
1,1,0,0,71,1,1,2,0,1,1,0,1,1,1,1,0,105.9,7521.95,0,3,5,0,7518.900000000001,17.650000000000002,0,0.18361473393648325,0,Champions
1,0,1,0,11,1,1,2,0,0,1,0,1,1,0,1,0,99.5,1056.95,1,0,4,1,1094.5,19.9,1,0.8938957972955834,1,At Risk
0,0,0,0,1,1,0,1,0,0,0,0,0,0,0,1,1,44.15,44.15,1,0,1,1,44.15,22.075,1,0.7782904580351232,1,At Risk
1,0,0,0,16,1,0,1,0,1,0,1,0,0,0,1,1,53.9,834.15,1,1,3,0,862.4,13.475,0,0.2646429245575997,2,Fence Sitters
1,0,0,0,1,1,1,2,0,0,0,0,0,1,0,1,1,85.45,85.45,1,0,2,1,85.45,28.48333333333333,1,0.9525027955792272,1,At Risk
0,0,1,0,12,1,0,2,0,1,0,0,0,1,0,1,3,85.05,999.8,0,0,3,1,1020.6,21.2625,1,0.6242705552659751,1,At Risk
1,0,0,0,54,0,0,1,1,0,0,1,0,1,1,0,2,44.1,2369.7,0,3,3,0,2381.4,11.025,0,0.06356492134981812,2,Fence Sitters
1,0,1,0,68,1,1,2,0,1,1,1,0,0,2,0,3,90.2,6297.65,0,3,4,0,6133.6,18.04,0,0.029027813710343294,0,Champions
1,0,1,1,4,1,1,1,0,0,0,0,0,0,0,0,1,50.85,239.55,1,0,1,1,203.4,25.425,1,0.5393427323778843,1,At Risk
1,0,0,1,1,1,0,1,0,0,1,0,0,1,0,0,0,59.2,59.2,1,0,3,1,59.2,14.8,1,0.6599059696339261,1,At Risk
0,0,0,0,27,1,0,1,1,0,0,1,0,0,0,0,1,53.45,1461.45,0,2,3,0,1443.15,13.3625,0,0.10949061708869139,2,Fence Sitters
0,0,0,0,21,1,0,0,0,0,0,0,0,0,0,1,1,19.95,416.4,0,1,1,0,418.95,9.975,0,0.15749486414203911,2,Fence Sitters
0,0,0,0,13,1,0,2,0,0,1,0,1,0,0,1,0,83.2,1060.6,1,1,3,0,1081.6,20.8,0,0.8348591094215702,1,At Risk
1,1,0,0,64,1,1,1,0,1,1,1,0,1,0,0,3,74.65,4869.35,0,3,5,0,4777.6,12.441666666666668,0,0.18257634025329905,0,Champions
1,0,0,0,1,1,0,1,1,1,0,0,0,0,0,1,0,54.9,54.9,1,0,3,1,54.9,13.725,1,0.6419727716242218,1,At Risk
0,0,1,0,57,0,0,1,0,1,1,1,1,1,2,1,2,57.5,3265.95,0,3,5,0,3277.5,9.583333333333334,0,0.01856209329032876,0,Champions
1,0,1,0,21,1,1,2,1,0,1,0,1,1,0,1,0,103.9,2254.2,1,1,5,0,2181.9,17.316666666666666,0,0.6945773900444385,1,At Risk
0,0,0,0,19,1,0,0,0,0,0,0,0,0,2,0,1,19.65,358.15,0,1,1,0,373.35,9.825,0,0.026208143437403218,2,Fence Sitters
0,0,1,0,31,1,0,2,0,0,1,0,1,1,1,1,0,93.8,2939.8,0,2,4,0,2907.8,18.76,0,0.5200651762344634,0,Champions
0,0,0,0,52,1,1,1,1,1,1,1,1,1,2,1,1,89.25,4652.4,0,3,7,0,4641.0,11.15625,0,0.024165719424011037,0,Champions
1,0,0,0,46,1,1,2,0,1,1,0,0,1,1,1,0,94.15,4408.45,0,2,4,0,4330.900000000001,18.83,0,0.20970772195844595,0,Champions
1,1,0,0,11,1,1,1,1,0,0,0,0,0,0,1,0,55.6,580.8,0,0,2,1,611.6,18.53333333333333,1,0.4304252844054187,1,At Risk
1,0,1,1,53,0,0,1,1,1,1,0,0,1,0,1,2,48.7,2495.2,0,3,4,0,2581.1000000000004,9.74,0,0.12839974471055127,0,Champions
1,0,1,1,11,1,0,0,0,0,0,0,0,0,0,1,1,19.25,180.3,1,0,1,1,211.75,9.625,1,0.11238068218736237,2,Fence Sitters
0,1,0,0,57,1,1,2,0,1,0,1,1,1,0,1,2,104.9,5913.95,0,3,5,0,5979.3,17.483333333333334,0,0.4328473958644717,0,Champions
1,1,0,0,2,1,1,2,0,0,0,0,0,0,0,1,1,75.45,158.4,1,0,1,1,150.9,37.725,1,0.8401949232926555,1,At Risk
1,1,0,0,2,1,0,1,1,1,0,0,0,0,0,0,1,54.85,104.2,1,0,3,1,109.7,13.7125,1,0.6594071931784813,1,At Risk
1,0,1,1,71,1,0,0,0,0,0,0,0,0,2,0,2,19.9,1389.35,0,3,1,0,1412.9,9.95,0,0.0062978265671021,2,Fence Sitters
1,0,1,1,1,1,0,0,0,0,0,0,0,0,0,1,1,19.4,19.4,0,0,1,1,19.4,9.7,1,0.4994939312712545,2,Fence Sitters
0,0,1,0,68,1,1,0,0,0,0,0,0,0,2,0,3,25.05,1629.2,0,3,1,0,1703.4,12.525,0,0.010335481939649553,2,Fence Sitters
0,0,1,0,72,1,0,1,1,1,1,1,1,1,2,0,1,84.45,6033.1,0,3,7,0,6080.400000000001,10.55625,0,0.008838490235455364,0,Champions
1,0,0,0,2,1,0,0,0,0,0,0,0,0,0,0,1,19.3,44.4,0,0,1,1,38.6,9.65,1,0.27265596782081075,2,Fence Sitters
0,1,1,0,1,1,1,2,0,0,0,0,1,1,0,1,0,95.1,95.1,1,0,3,1,95.1,23.775,1,0.904094763125733,1,At Risk
1,0,0,0,41,1,0,1,1,0,1,1,1,1,1,1,2,79.85,3320.75,0,2,6,0,3273.85,11.407142857142857,0,0.07249292588249953,0,Champions
0,0,1,1,72,1,1,0,0,0,0,0,0,0,2,0,3,25.55,1867.7,0,3,1,0,1839.6,12.775,0,0.005791188019150144,2,Fence Sitters
0,0,1,0,6,1,1,2,0,0,0,0,0,0,0,1,0,75.5,438.0,1,0,1,1,453.0,37.75,1,0.8283816520614804,1,At Risk
1,0,1,1,4,1,0,2,0,0,1,0,0,0,0,1,0,73.75,325.45,1,0,2,1,295.0,24.58333333333333,1,0.7436061538928123,1,At Risk
0,0,0,0,12,1,1,2,0,0,0,0,1,1,0,1,0,96.05,1148.1,1,0,3,1,1152.6,24.0125,1,0.943698245190186,1,At Risk
1,0,1,0,58,1,1,1,1,0,0,1,0,1,1,1,0,68.4,3972.25,0,3,4,0,3967.2,13.68,0,0.04732026286882395,0,Champions
1,0,0,0,7,1,0,0,0,0,0,0,0,0,0,0,1,20.65,155.9,0,0,1,1,144.54999999999998,10.325,1,0.2602755880741484,2,Fence Sitters
1,0,1,0,65,1,0,1,1,0,1,0,0,0,0,1,1,55.15,3673.15,0,3,3,0,3584.75,13.7875,0,0.10049396797799084,0,Champions
0,0,0,0,1,1,0,2,0,0,0,0,0,0,0,1,1,70.6,70.6,0,0,1,1,70.6,35.3,1,0.8917208617108078,1,At Risk
0,0,1,0,56,1,0,0,0,0,0,0,0,0,1,0,3,19.95,1126.75,0,3,1,0,1117.2,9.975,0,0.031762357801872046,2,Fence Sitters
0,0,0,0,4,1,0,0,0,0,0,0,0,0,0,0,1,19.0,73.45,0,0,1,1,76.0,9.5,1,0.15963893403219867,2,Fence Sitters
1,0,1,1,58,1,0,1,0,0,0,0,0,0,1,1,1,44.1,2413.05,0,3,1,0,2557.8,22.05,0,0.02343355310752667,2,Fence Sitters
0,0,1,0,62,1,1,2,0,0,1,1,1,1,2,1,2,107.6,6912.7,0,3,5,0,6671.2,17.933333333333334,0,0.4628136816807142,0,Champions
0,0,0,0,26,1,1,1,1,1,0,0,0,0,1,0,0,61.55,1581.95,0,2,3,0,1600.3,15.3875,0,0.1213454847413733,2,Fence Sitters
0,0,0,0,62,1,1,2,1,1,1,0,0,0,0,0,2,90.7,5586.45,0,3,4,0,5623.400000000001,18.14,0,0.2767001594314254,0,Champions
1,0,1,1,58,1,0,2,1,1,0,0,1,1,1,0,3,99.25,5846.65,0,3,5,0,5756.5,16.541666666666668,0,0.11256221181240371,0,Champions
1,0,1,0,68,1,1,1,1,1,1,1,1,1,2,1,0,91.7,6424.7,0,3,7,0,6235.6,11.4625,0,0.05102425131147031,0,Champions
1,0,1,1,61,1,1,2,1,1,1,0,0,1,1,1,3,100.7,6018.65,0,3,5,0,6142.7,16.783333333333335,0,0.13558311153493133,0,Champions
1,0,0,0,42,1,1,1,0,0,1,1,1,1,2,1,3,78.45,3373.4,0,2,5,0,3294.9,13.075,0,0.03007374427544614,0,Champions
0,0,0,0,18,1,1,2,0,0,0,0,1,0,0,0,2,84.3,1537.9,0,1,2,0,1517.4,28.1,0,0.808622875891011,1,At Risk
1,0,0,0,56,1,0,0,0,0,0,0,0,0,2,1,2,19.55,1080.55,0,3,1,0,1094.8,9.775,0,0.020451770677741322,2,Fence Sitters
1,0,0,0,4,1,1,2,0,1,0,0,0,1,0,1,0,88.95,355.2,1,0,3,1,355.8,22.2375,1,0.8328057072269442,1,At Risk
1,0,0,0,4,1,0,0,0,0,0,0,0,0,0,0,3,20.45,82.85,0,0,1,1,81.8,10.225,1,0.1834392040359019,2,Fence Sitters
1,0,0,1,35,1,0,1,1,1,0,0,0,0,1,0,3,55.6,2016.45,0,2,3,0,1946.0,13.9,0,0.05432361486105469,2,Fence Sitters
1,0,1,1,64,1,1,2,1,0,0,1,0,0,0,1,2,86.8,5327.25,0,3,3,0,5555.2,21.7,0,0.10643068718617371,0,Champions
1,0,0,0,31,1,0,0,0,0,0,0,0,0,1,0,1,20.95,683.25,0,2,1,0,649.4499999999999,10.475,0,0.041985813441379576,2,Fence Sitters
1,1,1,0,67,1,0,0,0,0,0,0,0,0,2,1,2,20.05,1263.05,0,3,1,0,1343.35,10.025,0,0.008065383389747398,2,Fence Sitters
1,0,0,0,4,1,0,1,0,1,0,0,0,0,0,0,3,50.7,151.3,1,0,2,1,202.8,16.900000000000002,1,0.27399221421186803,2,Fence Sitters
1,1,1,0,70,1,1,2,1,1,1,1,1,1,2,1,0,113.65,7714.65,0,3,7,0,7955.5,14.20625,0,0.16406992744320203,0,Champions
0,0,0,0,3,1,0,1,0,0,0,0,1,0,0,0,3,53.4,188.7,1,0,2,1,160.2,17.8,1,0.6791850834642501,1,At Risk
0,1,1,0,53,1,1,2,0,1,0,0,1,1,0,1,0,101.9,5549.4,1,3,4,0,5400.700000000001,20.380000000000003,0,0.7036917103430328,0,Champions
0,0,1,1,2,1,0,1,1,1,0,1,0,0,2,0,1,59.5,130.5,0,0,4,1,119.0,11.9,0,0.0253229126610886,2,Fence Sitters
1,0,1,1,29,1,0,2,0,0,0,0,1,1,0,1,3,87.8,2621.75,0,2,3,0,2546.2,21.95,0,0.3168004836081349,0,Champions
1,0,0,0,47,0,0,1,1,0,1,1,0,0,2,0,1,41.9,1875.25,0,2,3,0,1969.3,10.475,0,0.019322586133950354,2,Fence Sitters
1,0,1,1,68,1,1,2,0,0,0,0,1,0,1,1,0,83.0,5685.8,1,3,2,0,5644.0,27.666666666666668,0,0.24143260131910446,0,Champions
0,0,0,1,12,1,0,1,1,0,0,0,1,1,0,1,1,69.85,837.5,0,0,4,1,838.1999999999999,13.97,1,0.1432258430980816,0,Champions
1,0,1,1,8,1,0,1,0,1,0,1,0,0,0,0,2,56.3,401.5,0,0,3,1,450.4,14.075,1,0.14275125398081742,2,Fence Sitters
0,0,1,0,54,1,1,2,1,1,1,0,1,1,0,0,0,109.55,6118.95,0,3,6,0,5915.7,15.65,0,0.5346748483662214,0,Champions
0,0,1,1,69,1,0,2,0,1,0,1,1,0,2,1,1,92.15,6480.9,0,3,4,0,6358.35,18.43,0,0.03872121730786553,0,Champions
1,0,0,0,26,1,1,1,1,1,0,0,1,0,0,1,2,69.5,1800.05,0,2,4,0,1807.0,13.9,0,0.13171226009665574,0,Champions
1,0,1,0,72,1,1,2,1,1,1,1,0,0,2,1,2,97.0,7104.2,0,3,5,0,6984.0,16.166666666666668,0,0.01896005234035717,0,Champions
1,0,0,0,70,0,0,1,1,0,1,1,1,1,2,1,2,58.35,4214.25,0,3,5,0,4084.5,9.725,0,0.027212107818790847,0,Champions
0,0,0,1,1,1,0,1,1,0,0,0,0,0,0,0,1,50.6,50.6,1,0,2,1,50.6,16.866666666666667,1,0.49357151448182085,1,At Risk
0,0,0,0,10,1,0,2,0,0,0,0,1,1,0,1,0,89.5,863.1,1,0,3,1,895.0,22.375,1,0.8809115657962505,1,At Risk
1,0,1,1,28,1,0,2,0,0,0,0,0,0,1,1,2,70.4,1992.2,0,2,1,0,1971.2000000000005,35.2,0,0.05925822719171903,2,Fence Sitters
0,0,0,0,1,1,0,2,0,0,0,0,0,0,0,1,0,69.8,69.8,1,0,1,1,69.8,34.9,1,0.9324956925473729,1,At Risk
1,0,1,0,21,1,1,2,0,0,0,0,1,1,0,1,0,94.3,1948.35,0,1,3,0,1980.3,23.575,0,0.712233781711427,1,At Risk
0,1,1,0,51,1,1,2,1,0,1,0,1,0,0,1,2,93.8,4750.95,1,3,4,0,4783.8,18.76,0,0.410401448326888,0,Champions
1,0,1,1,53,1,0,0,0,0,0,0,0,0,1,0,2,19.55,1007.9,0,3,1,0,1036.15,9.775,0,0.02819844545380628,2,Fence Sitters
0,0,0,1,53,1,0,2,1,1,1,0,0,1,1,0,0,95.95,5036.9,0,3,5,0,5085.35,15.991666666666667,0,0.1442584105771224,0,Champions
0,0,1,0,24,1,1,2,0,0,1,0,1,1,0,1,0,101.05,2391.8,1,1,4,0,2425.2,20.21,0,0.7292985293680433,1,At Risk
1,0,1,0,70,1,1,1,1,1,1,1,1,1,2,1,3,94.8,6859.05,0,3,7,0,6636.0,11.85,0,0.05372953612248486,0,Champions
0,0,0,0,61,1,1,2,1,1,1,0,1,1,1,1,0,107.75,6521.9,0,3,6,0,6572.75,15.392857142857142,0,0.35399741067568535,0,Champions
1,0,0,0,11,1,0,1,1,0,0,1,0,0,1,1,1,54.6,617.85,0,0,3,1,600.6,13.65,0,0.1045927573155249,2,Fence Sitters
0,0,0,0,2,1,0,2,0,0,0,0,0,0,0,1,3,71.3,157.75,0,0,1,1,142.6,35.65,1,0.700297667096832,1,At Risk
0,0,0,0,25,1,0,0,0,0,0,0,0,0,1,1,2,19.5,516.3,0,2,1,0,487.5,9.75,0,0.033494138511202316,2,Fence Sitters
1,0,0,0,41,1,1,1,0,1,0,0,0,0,1,1,3,56.3,2364.0,0,2,2,0,2308.3,18.766666666666666,0,0.0729224585282085,2,Fence Sitters
0,0,1,0,18,1,1,2,0,0,0,0,1,1,0,1,0,94.7,1687.95,1,1,3,0,1704.6,23.675,0,0.7680805532790485,1,At Risk
0,1,1,0,72,1,1,2,0,1,1,0,1,1,2,1,2,104.15,7689.95,1,3,5,0,7498.8,17.358333333333334,0,0.1652216218487582,0,Champions
1,0,1,1,71,1,1,1,1,1,1,1,1,1,2,1,3,90.55,6239.05,0,3,7,0,6429.05,11.31875,0,0.008386584026352627,0,Champions
1,0,1,1,34,1,0,1,1,1,1,0,0,0,1,1,1,60.8,2042.05,0,2,4,0,2067.2,12.16,0,0.0542674298774028,0,Champions
0,0,0,0,29,1,0,2,0,0,1,1,1,1,0,1,3,98.8,2807.1,0,2,5,0,2865.2,16.466666666666665,0,0.40632539198775297,0,Champions
0,1,1,0,40,1,0,2,1,1,1,1,1,0,1,1,3,98.15,4116.8,0,2,6,0,3926.0,14.021428571428572,0,0.10140659103727052,0,Champions
0,0,1,0,36,0,0,1,1,0,1,0,0,0,1,0,1,35.35,1317.95,0,2,2,0,1272.6,11.783333333333331,0,0.0575326810356117,2,Fence Sitters
1,0,1,0,46,1,1,2,0,1,0,1,1,1,1,1,0,103.15,4594.65,0,2,5,0,4744.900000000001,17.191666666666666,0,0.23301586677220562,0,Champions
1,0,0,0,58,1,1,2,1,1,1,0,1,1,1,1,0,107.75,6332.75,0,3,6,0,6249.5,15.392857142857142,0,0.22767785171644309,0,Champions
0,0,0,0,39,1,1,2,0,1,0,0,0,0,1,0,3,81.4,3213.75,0,2,2,0,3174.6000000000004,27.133333333333336,0,0.14623458392781913,0,Champions
0,0,1,1,4,1,0,1,0,0,0,1,0,1,0,0,3,61.45,229.55,1,0,3,1,245.8,15.3625,1,0.1512792632383394,2,Fence Sitters
1,0,1,1,52,1,1,2,0,1,1,0,1,0,1,1,3,95.7,4976.15,0,3,4,0,4976.400000000001,19.14,0,0.0917879020259078,0,Champions
0,1,1,0,70,1,1,2,0,1,1,0,1,1,1,1,0,104.8,7308.95,0,3,5,0,7336.0,17.466666666666665,0,0.48272853086509365,0,Champions
0,1,1,0,65,1,0,2,0,0,0,0,0,0,1,1,2,70.95,4555.2,0,3,1,0,4611.75,35.475,0,0.07743652904028805,2,Fence Sitters
0,0,0,0,1,1,0,1,0,0,0,0,0,0,0,1,1,44.95,44.95,0,0,1,1,44.95,22.475,1,0.8210254584734553,1,At Risk
1,0,1,0,70,1,1,2,0,0,1,0,1,1,1,1,0,97.65,6982.5,0,3,4,0,6835.5,19.53,0,0.324011175897656,0,Champions
1,1,1,1,29,0,0,1,0,1,1,0,0,0,0,1,1,35.65,1025.15,0,2,2,0,1033.85,11.883333333333333,0,0.12601252095016058,2,Fence Sitters
0,0,0,0,1,1,0,2,0,0,0,0,1,1,0,1,0,90.55,90.55,1,0,3,1,90.55,22.6375,1,0.925321460341409,1,At Risk
1,0,0,0,67,1,1,1,1,0,1,1,1,1,2,1,1,85.25,5714.2,0,3,6,0,5711.75,12.178571428571429,0,0.026760506974863,0,Champions
1,0,0,0,1,1,0,0,0,0,0,0,0,0,0,1,1,19.5,19.5,0,0,1,1,19.5,9.75,1,0.557332820900843,1,At Risk
1,0,0,0,26,1,0,2,0,0,0,0,1,1,0,1,2,88.8,2274.35,1,2,3,0,2308.8,22.2,0,0.7037126506914186,1,At Risk
1,0,1,1,30,1,1,0,0,0,0,0,0,0,2,1,1,25.1,789.55,0,2,1,0,753.0,12.55,0,0.01841458397501251,2,Fence Sitters
1,0,1,0,48,1,0,2,0,0,1,1,1,1,0,1,3,100.05,4834.0,0,2,5,0,4802.4,16.675,0,0.2761440920946725,0,Champions
1,0,1,1,55,1,0,1,1,1,0,0,0,0,0,0,0,55.7,3131.8,0,3,3,0,3063.5,13.925,0,0.06471687360084305,0,Champions
0,0,0,0,7,1,1,2,0,0,0,0,0,1,0,1,1,85.2,602.55,1,0,2,1,596.4,28.4,1,0.917662413647664,1,At Risk
0,0,0,0,37,1,1,2,1,0,0,0,1,0,0,1,0,91.15,3369.25,0,2,3,0,3372.55,22.7875,0,0.5540694291422912,1,At Risk
1,0,1,0,31,1,0,2,0,1,0,0,0,1,0,1,2,83.85,2674.15,0,2,3,0,2599.35,20.9625,0,0.50425156716132,1,At Risk
0,0,0,0,4,1,0,1,0,0,0,0,0,0,0,1,0,45.9,199.75,0,0,1,1,183.6,22.95,1,0.8248819811458211,1,At Risk
0,0,1,1,72,1,1,0,0,0,0,0,0,0,2,1,3,25.1,1790.8,0,3,1,0,1807.2,12.55,0,0.005110749236458315,2,Fence Sitters
0,1,0,0,5,1,0,2,0,0,0,0,1,1,0,1,0,91.4,449.75,1,0,3,1,457.0,22.85,1,0.8958770895703098,1,At Risk
0,0,1,1,1,1,0,0,0,0,0,0,0,0,0,0,1,19.7,19.7,0,0,1,1,19.7,9.85,1,0.5726519471393794,1,At Risk
1,1,0,0,15,1,0,2,0,0,0,0,1,1,0,1,0,91.5,1400.3,0,1,3,0,1372.5,22.875,0,0.8126346724865504,1,At Risk
0,0,1,1,8,1,0,1,1,0,0,0,0,0,0,1,3,51.3,411.6,0,0,2,1,410.4,17.099999999999998,1,0.1427010308954396,2,Fence Sitters
1,0,0,0,35,1,0,0,0,0,0,0,0,0,1,0,1,21.1,741.0,0,2,1,0,738.5,10.55,0,0.03944389270177678,2,Fence Sitters
1,1,0,0,56,1,1,2,0,1,1,0,1,1,0,0,0,104.75,5841.35,0,3,5,0,5866.0,17.458333333333332,0,0.6198914057310684,0,Champions
0,0,1,0,42,1,1,2,0,0,1,1,1,1,0,1,2,106.15,4512.7,1,2,5,0,4458.3,17.691666666666666,0,0.7404927167764666,0,Champions
0,1,1,1,65,1,1,2,1,1,0,0,0,0,0,1,0,85.75,5688.45,0,3,3,0,5573.75,21.4375,0,0.07840890243808173,0,Champions
1,0,1,1,2,1,0,0,0,0,0,0,0,0,1,0,1,20.3,31.9,0,0,1,1,40.6,10.15,0,0.050148831311987385,2,Fence Sitters
0,1,1,0,65,1,1,2,1,0,0,0,1,1,1,1,0,100.75,6674.65,0,3,4,0,6548.75,20.15,0,0.19247313044485914,0,Champions
1,0,0,0,18,1,1,2,0,0,0,0,0,0,0,1,0,74.15,1345.75,0,1,1,0,1334.7,37.075,0,0.6981275594018592,1,At Risk
1,0,0,0,23,1,1,1,1,0,1,0,1,1,1,1,0,78.55,1843.05,0,1,5,0,1806.65,13.091666666666669,0,0.06872474929701868,0,Champions
1,0,0,0,4,1,0,1,0,0,0,0,0,0,0,1,1,45.3,196.95,1,0,1,1,181.2,22.65,1,0.6544021676582311,1,At Risk
0,0,1,0,70,1,0,0,0,0,0,0,0,0,2,0,3,19.85,1433.8,0,3,1,0,1389.5,9.925,0,0.006795647824273826,2,Fence Sitters
1,0,0,0,4,1,1,1,0,0,0,0,0,0,0,0,0,50.7,214.55,0,0,1,1,202.8,25.35,1,0.7624500101982922,1,At Risk
0,0,0,0,19,1,0,1,0,0,0,0,0,0,0,1,2,45.0,865.85,0,1,1,0,855.0,22.5,0,0.4689061226315376,1,At Risk
1,0,0,0,18,1,0,2,0,1,1,0,0,0,0,0,0,77.8,1358.6,0,1,3,0,1400.4,19.45,0,0.6257303065604024,1,At Risk
1,1,1,0,38,1,0,2,1,0,0,0,0,1,0,1,0,83.45,3147.15,0,2,3,0,3171.1,20.8625,0,0.41926281109316244,0,Champions
0,0,0,0,2,1,1,2,0,0,0,0,0,0,0,1,3,73.25,131.05,1,0,1,1,146.5,36.625,1,0.7280472110882237,1,At Risk
0,0,0,0,47,1,1,2,1,1,0,0,1,0,1,0,2,94.8,4535.85,0,2,4,0,4455.599999999999,18.96,0,0.2658805371781046,0,Champions
1,0,1,1,52,1,0,0,0,0,0,0,0,0,2,0,2,20.1,1078.75,0,3,1,0,1045.2,10.05,0,0.0136837147576795,2,Fence Sitters
0,0,0,0,9,1,1,1,0,0,0,0,0,1,0,0,1,59.9,542.4,0,0,2,1,539.1,19.966666666666665,1,0.6281670519212601,1,At Risk
1,0,1,0,26,1,1,1,1,1,1,1,1,1,1,1,3,90.1,2312.55,0,2,7,0,2342.6,11.2625,0,0.062067157156429874,0,Champions
0,0,1,1,8,1,0,1,0,0,1,0,0,0,0,1,0,51.05,415.05,1,0,2,1,408.4,17.016666666666666,1,0.542142259707705,1,At Risk
0,0,1,0,44,1,0,1,0,1,1,1,1,0,1,1,0,70.95,3250.45,0,2,5,0,3121.8,11.825,0,0.0724772852409697,0,Champions
1,0,0,0,3,0,0,1,0,1,0,0,0,0,0,0,1,29.2,98.5,0,0,1,1,87.6,14.6,1,0.6430093619392946,1,At Risk
0,0,0,0,2,1,0,1,0,0,0,0,0,0,0,1,2,46.6,87.9,0,0,1,1,93.2,23.3,1,0.7289126453181826,1,At Risk
1,0,1,1,9,1,1,2,0,0,0,0,1,0,0,1,2,85.35,754.65,1,0,2,1,768.15,28.45,1,0.7192949541522469,1,At Risk
0,1,0,0,1,1,1,2,0,0,0,0,0,0,0,1,0,75.35,75.35,1,0,1,1,75.35,37.675,1,0.9283339176825384,1,At Risk
0,0,0,0,25,1,0,2,1,0,0,0,0,0,0,0,2,74.3,1952.25,0,2,2,0,1857.5,24.766666666666666,0,0.5056017245609477,1,At Risk
1,1,1,0,2,1,0,2,0,0,0,0,0,0,0,1,0,69.3,153.8,0,0,1,1,138.6,34.65,1,0.7049880896312847,1,At Risk
0,0,0,0,43,1,0,2,1,0,0,0,0,0,0,1,0,75.2,3198.6,1,2,2,0,3233.6,25.066666666666663,0,0.662261570657577,1,At Risk
1,0,0,0,1,1,0,0,0,0,0,0,0,0,0,0,1,20.9,20.9,1,0,1,1,20.9,10.45,1,0.628841781577882,1,At Risk
1,0,1,0,58,1,1,2,0,1,1,0,0,1,1,1,0,94.3,5610.15,0,3,4,0,5469.4,18.86,0,0.19483999070724814,0,Champions
1,0,1,1,59,1,1,1,1,0,1,1,1,0,2,1,1,76.45,4519.5,0,3,5,0,4510.55,12.741666666666667,0,0.019313513639757883,0,Champions
0,0,0,0,44,0,0,1,1,0,1,0,1,1,1,1,0,54.0,2440.25,0,2,4,0,2376.0,10.8,0,0.1715089595757395,0,Champions
0,0,0,0,66,1,1,2,0,1,0,1,1,1,1,1,0,104.25,6860.6,0,3,5,0,6880.5,17.375,0,0.5072876198887842,0,Champions
0,0,1,1,68,1,0,0,0,0,0,0,0,0,2,0,2,19.95,1377.7,0,3,1,0,1356.6,9.975,0,0.007095821959965229,2,Fence Sitters
0,0,0,0,9,0,0,1,0,0,0,0,0,0,0,1,0,24.95,190.25,0,0,0,1,224.55,24.95,1,0.7811852061728448,1,At Risk
0,0,0,0,19,1,1,2,1,0,1,0,0,0,0,1,0,84.75,1651.95,0,1,3,0,1610.25,21.1875,0,0.45872338142058605,1,At Risk
0,0,0,0,4,1,0,0,0,0,0,0,0,0,0,0,1,19.75,78.3,0,0,1,1,79.0,9.875,1,0.30990777866369773,2,Fence Sitters
1,0,0,0,70,1,1,2,1,1,1,1,1,1,2,1,2,113.65,7939.25,0,3,7,0,7955.5,14.20625,0,0.15020898341887087,0,Champions
0,0,0,0,1,1,0,1,0,0,0,0,0,0,0,1,1,44.9,44.9,0,0,1,1,44.9,22.45,1,0.8030315616147538,1,At Risk
1,0,0,0,8,1,1,2,0,0,0,0,0,0,0,1,0,75.25,576.7,0,0,1,1,602.0,37.625,1,0.7420734507538833,1,At Risk
0,0,0,0,53,1,1,0,0,0,0,0,0,0,2,0,1,24.6,1279.0,0,3,1,0,1303.8000000000002,12.3,0,0.026783976801063432,2,Fence Sitters
0,1,0,0,51,1,1,0,0,0,0,0,0,0,1,0,2,25.0,1260.7,0,3,1,0,1275.0,12.5,0,0.07361925778002833,2,Fence Sitters
0,0,1,1,11,1,0,0,0,0,0,0,0,0,0,0,2,20.95,267.35,0,0,1,1,230.45,10.475,1,0.12437818219551489,2,Fence Sitters
0,0,1,1,60,1,1,2,1,0,1,1,1,1,2,1,0,110.6,6586.85,0,3,6,0,6636.0,15.8,0,0.07624799763731659,0,Champions
0,0,0,0,17,1,0,1,1,1,0,0,0,0,0,1,3,55.5,934.15,0,1,3,0,943.5,13.875,0,0.20753552158111616,2,Fence Sitters
0,0,0,0,3,1,0,1,0,0,0,0,0,0,0,1,0,43.3,123.65,1,0,1,1,129.89999999999998,21.65,1,0.7692192287912035,1,At Risk
0,0,1,0,70,1,0,2,1,1,1,1,1,1,1,1,2,109.5,7534.65,1,3,7,0,7665.0,13.6875,0,0.3898363070660198,0,Champions
0,0,0,0,1,1,0,0,0,0,0,0,0,0,0,0,1,19.45,19.45,0,0,1,1,19.45,9.725,1,0.5630775194664506,1,At Risk
0,1,0,0,43,1,1,2,0,0,0,0,1,0,0,1,0,84.85,3645.6,0,2,2,0,3648.55,28.28333333333333,0,0.8241744444261624,1,At Risk
1,0,1,0,16,1,0,0,0,0,0,0,0,0,0,0,1,19.6,314.45,0,1,1,0,313.6,9.8,0,0.21384571553097198,2,Fence Sitters
1,0,1,1,57,1,0,1,1,1,0,0,0,0,1,0,0,53.45,3053.0,0,3,3,0,3046.65,13.3625,0,0.04724491670148767,2,Fence Sitters
0,0,1,1,37,1,0,0,0,0,0,0,0,0,1,0,3,19.8,677.05,0,2,1,0,732.6,9.9,0,0.02725326004766199,2,Fence Sitters
1,0,1,0,72,1,1,2,1,1,1,1,1,1,2,0,3,112.1,7965.95,0,3,7,0,8071.2,14.0125,0,0.016130625341852608,0,Champions
1,1,0,0,11,1,1,2,0,0,0,0,0,1,0,1,3,84.8,906.85,1,0,2,1,932.8,28.266666666666666,1,0.7301726221488979,1,At Risk
1,1,1,0,50,1,1,2,0,1,1,0,1,0,0,1,0,95.05,4888.7,1,3,4,0,4752.5,19.01,0,0.4914802332640357,0,Champions
0,1,0,0,5,1,0,1,0,0,1,0,0,0,0,0,0,50.35,237.25,1,0,2,1,251.75,16.783333333333335,1,0.8068149537508476,1,At Risk
0,0,1,0,1,1,1,2,0,0,0,0,0,0,0,1,2,74.6,74.6,1,0,1,1,74.6,37.3,1,0.8890588407772543,1,At Risk
0,0,0,0,16,1,0,0,0,0,0,0,0,0,0,1,1,19.7,342.4,1,1,1,0,315.2,9.85,0,0.2215955488036027,2,Fence Sitters
0,1,1,0,2,1,0,2,0,0,1,0,0,0,0,1,0,74.2,140.1,0,0,2,1,148.4,24.73333333333333,1,0.7615110169089283,1,At Risk
1,0,0,0,17,1,1,1,0,0,1,1,1,0,0,1,1,69.0,1108.0,0,1,4,0,1173.0,13.8,0,0.22375558123504038,0,Champions
1,0,0,0,16,1,0,0,0,0,0,0,0,0,1,0,3,19.35,295.55,0,1,1,0,309.6,9.675,0,0.04150878911794437,2,Fence Sitters
1,0,0,0,15,1,0,1,0,0,1,0,0,1,0,1,0,59.45,892.65,1,1,3,0,891.75,14.8625,0,0.43250540323169734,1,At Risk
1,0,0,0,10,1,0,0,0,0,0,0,0,0,1,1,1,19.8,198.25,0,0,1,1,198.0,9.9,0,0.05194482025883937,2,Fence Sitters
1,0,0,1,46,1,0,2,1,1,0,1,1,1,1,1,2,105.2,4822.85,1,2,6,0,4839.2,15.028571428571428,0,0.1827506629193348,0,Champions
0,0,1,1,64,1,1,2,0,1,1,1,1,1,2,1,3,109.2,6741.15,0,3,6,0,6988.8,15.6,0,0.14096935854028347,0,Champions
1,0,0,0,1,1,1,2,0,1,0,0,0,0,0,1,1,79.15,79.15,0,0,2,1,79.15,26.383333333333336,1,0.8942121010122974,1,At Risk
0,0,1,1,25,1,0,1,0,1,1,0,0,0,1,0,1,53.65,1355.45,0,2,3,0,1341.25,13.4125,0,0.11117985255816881,2,Fence Sitters
0,0,1,1,71,1,0,2,1,1,1,1,1,0,2,0,3,100.2,7209.0,0,3,6,0,7114.2,14.314285714285717,0,0.023044991689642733,0,Champions
0,0,0,0,8,1,0,1,0,0,0,0,0,0,0,1,1,45.15,438.4,1,0,1,1,361.2,22.575,1,0.6907430519957389,1,At Risk
1,0,1,1,72,1,0,2,1,1,1,1,1,1,2,1,2,108.65,7726.35,0,3,7,0,7822.8,13.58125,0,0.013967807545483666,0,Champions
1,0,1,0,49,0,0,1,1,0,0,0,1,0,0,0,2,40.65,2070.75,0,3,2,0,1991.85,13.55,0,0.1846870126224314,2,Fence Sitters
0,0,1,1,29,0,0,1,1,1,1,1,0,1,1,1,3,55.35,1636.95,0,2,5,0,1605.15,9.225,0,0.08729517634104521,0,Champions
0,0,1,0,72,1,1,2,1,1,1,1,0,1,2,0,2,105.6,7581.5,0,3,6,0,7603.2,15.085714285714284,0,0.041037589580423736,0,Champions
0,0,1,0,31,1,1,2,0,1,1,0,1,0,0,0,0,93.8,3019.5,1,2,4,0,2907.8,18.76,0,0.7110738019668057,1,At Risk
1,0,0,0,50,1,1,2,0,0,0,0,1,1,0,1,0,95.7,4729.75,0,3,3,0,4785.0,23.925,0,0.8472713869429318,1,At Risk
0,0,1,0,71,1,1,1,1,0,1,1,1,1,2,0,0,83.2,6126.1,0,3,6,0,5907.2,11.885714285714286,0,0.021850498459251286,0,Champions
0,1,1,0,70,1,1,1,1,1,1,1,1,1,2,0,3,90.05,6333.4,0,3,7,0,6303.5,11.25625,0,0.02998486008559246,0,Champions
0,0,0,0,71,1,1,2,1,0,0,1,0,1,1,0,3,97.65,6687.85,0,3,4,0,6933.150000000001,19.53,0,0.1510268910593974,0,Champions
0,0,1,1,61,1,0,1,1,1,1,1,0,0,2,1,2,68.05,4158.25,0,3,5,0,4151.05,11.341666666666669,0,0.01146212502496103,0,Champions
0,0,0,0,32,1,0,2,0,0,0,1,1,1,0,1,0,96.2,3183.4,1,2,4,0,3078.4,19.24,0,0.6903313994614556,1,At Risk
1,0,0,1,1,1,0,2,0,0,0,0,0,1,0,1,0,79.6,79.6,1,0,2,1,79.6,26.53333333333333,1,0.9247911108337948,1,At Risk
0,0,0,0,68,1,1,2,1,1,1,0,0,1,2,1,2,102.1,7149.35,0,3,5,0,6942.799999999999,17.016666666666666,0,0.10316350253769153,0,Champions
0,0,0,0,62,1,1,0,0,0,0,0,0,0,2,0,2,23.4,1429.65,0,3,1,0,1450.8,11.7,0,0.01820693148651658,2,Fence Sitters
1,0,0,1,7,1,0,2,0,0,0,0,0,0,0,1,0,71.05,472.65,0,0,1,1,497.35,35.525,1,0.5852639245263576,1,At Risk
0,0,0,0,20,1,1,2,0,0,0,0,1,0,0,1,0,85.25,1734.5,1,1,2,0,1705.0,28.416666666666668,0,0.9064981047610571,1,At Risk
0,0,1,1,6,1,0,0,0,0,0,0,0,0,1,0,1,19.45,113.5,0,0,1,1,116.7,9.725,0,0.05629844900746991,2,Fence Sitters
1,1,0,0,33,0,0,1,1,1,1,0,1,1,0,1,2,59.45,1884.65,0,2,5,0,1961.85,9.908333333333331,0,0.3114004537047809,0,Champions
0,0,1,1,28,1,1,2,0,0,0,0,1,1,1,0,2,92.2,2568.15,0,2,3,0,2581.6,23.05,0,0.2527999878900174,0,Champions
0,0,0,0,27,1,0,0,0,0,0,0,0,0,2,0,3,19.85,470.0,0,2,1,0,535.95,9.925,0,0.014001171451056215,2,Fence Sitters
0,0,0,0,7,1,0,1,0,0,0,0,0,0,0,0,1,43.9,278.4,0,0,1,1,307.3,21.95,1,0.5992076035110886,1,At Risk
0,0,0,0,26,1,1,2,0,0,0,1,0,0,0,1,0,80.5,2088.8,1,2,2,0,2093.0,26.83333333333333,0,0.49544066907148165,1,At Risk
0,1,0,0,5,1,1,2,0,1,0,0,0,1,0,1,0,89.8,502.6,1,0,3,1,449.0,22.45,1,0.8396036004266098,1,At Risk
0,1,0,0,30,1,1,2,1,0,0,0,0,1,0,1,3,90.5,2595.85,0,2,3,0,2715.0,22.625,0,0.2635310431688112,0,Champions
0,0,0,0,63,1,1,2,0,1,0,0,0,1,1,0,3,90.45,5825.5,0,3,3,0,5698.35,22.6125,0,0.3336723014118177,0,Champions
0,0,0,0,1,1,0,1,0,1,0,0,0,0,0,1,0,50.75,50.75,1,0,2,1,50.75,16.916666666666668,1,0.6986300117887393,1,At Risk
1,0,0,1,53,1,1,1,0,1,1,1,1,1,1,1,0,84.6,4449.75,0,3,6,0,4483.799999999999,12.085714285714284,0,0.10672755863213795,0,Champions
1,0,1,1,14,1,0,2,0,1,0,1,0,1,0,1,3,89.65,1208.35,1,1,4,0,1255.1,17.93,0,0.26035491602461697,0,Champions
1,0,0,0,21,1,0,2,0,1,0,1,1,1,0,1,2,99.15,1956.4,0,1,5,0,2082.15,16.525000000000002,0,0.4817177148340211,0,Champions
0,0,0,0,17,1,0,0,0,0,0,0,0,0,1,0,1,19.95,310.6,0,1,1,0,339.15,9.975,0,0.062121408649259226,2,Fence Sitters
0,0,1,1,16,1,0,0,0,0,0,0,0,0,2,0,1,20.5,290.55,0,1,1,0,328.0,10.25,0,0.016927990095748302,2,Fence Sitters
1,0,0,0,35,1,0,1,0,0,1,0,0,1,0,1,0,62.1,2096.1,0,2,3,0,2173.5,15.525,0,0.5414205757779571,1,At Risk
1,1,0,0,32,1,0,2,0,0,0,0,0,1,0,1,0,79.5,2665.0,0,2,2,0,2544.0,26.5,0,0.7061231488197748,1,At Risk
1,0,1,1,28,1,0,0,0,0,0,0,0,0,0,1,2,19.55,543.8,0,2,1,0,547.4,9.775,0,0.06745548389108065,2,Fence Sitters
1,0,0,0,1,1,0,0,0,0,0,0,0,0,0,1,1,20.35,20.35,0,0,1,1,20.35,10.175,1,0.653554462817994,1,At Risk
0,0,0,0,59,0,0,1,0,0,0,1,1,1,0,1,0,51.7,3005.8,0,3,3,0,3050.3,12.925,0,0.3290807555928379,0,Champions
1,0,1,1,72,1,1,0,0,0,0,0,0,0,1,1,2,23.3,1623.15,0,3,1,0,1677.6,11.65,0,0.010969239594061996,2,Fence Sitters
0,0,0,0,36,1,0,1,0,1,0,1,0,1,1,1,1,65.4,2498.4,1,2,4,0,2354.4,13.080000000000002,0,0.09499861283139635,0,Champions
1,0,0,0,40,1,0,1,1,1,0,0,1,0,0,0,1,65.1,2586.0,0,2,4,0,2604.0,13.02,0,0.21857793398986347,0,Champions
0,0,1,1,40,1,1,2,0,0,1,0,0,0,0,1,0,81.2,3292.3,0,2,2,0,3248.0,27.066666666666663,0,0.487065559250782,1,At Risk
1,0,0,1,9,1,0,1,0,0,1,1,1,1,0,1,1,72.9,651.4,1,0,5,1,656.1,12.15,1,0.19517920559181734,0,Champions
0,0,1,1,63,1,0,1,1,1,1,1,1,0,2,0,3,74.5,4674.55,0,3,6,0,4693.5,10.642857142857142,0,0.018966881876775803,0,Champions
1,0,0,0,3,1,0,2,0,0,0,0,1,0,0,1,0,80.5,232.35,0,0,2,1,241.5,26.83333333333333,1,0.8713075597245376,1,At Risk
0,0,1,1,40,0,0,1,0,1,1,1,1,1,1,0,1,60.3,2448.5,0,2,5,0,2412.0,10.05,0,0.10175438615939952,0,Champions
0,0,1,0,8,1,0,2,1,0,0,0,0,0,0,1,1,75.0,658.1,0,0,2,1,600.0,25.0,1,0.6655390986176809,1,At Risk
0,1,1,0,34,1,0,2,1,0,0,1,1,0,1,0,1,90.15,3128.8,0,2,4,0,3065.1000000000004,18.03,0,0.10003135704723058,0,Champions
0,0,0,0,5,0,0,1,1,0,1,1,0,0,0,0,1,40.0,223.45,1,0,3,1,200.0,10.0,1,0.4183900095591634,1,At Risk
0,1,0,0,9,1,1,2,0,1,0,0,1,1,0,1,3,99.45,919.4,1,0,4,1,895.0500000000001,19.89,1,0.8308927984871725,1,At Risk
0,0,1,0,9,1,1,1,0,1,1,0,0,1,0,1,3,69.05,653.95,0,0,4,1,621.4499999999999,13.81,1,0.22581107803909573,1,At Risk
0,0,1,1,31,1,1,1,0,0,0,0,0,1,0,0,2,59.7,1825.5,0,2,2,0,1850.7,19.9,0,0.16364730709216968,2,Fence Sitters
1,0,1,0,50,1,0,0,0,0,0,0,0,0,1,1,2,19.85,943.1,0,3,1,0,992.5,9.925,0,0.02266619370309198,2,Fence Sitters
1,0,0,0,2,1,0,2,1,1,0,1,0,0,0,1,0,86.25,181.65,1,0,4,1,172.5,17.25,1,0.41711683533788524,1,At Risk
1,0,0,0,1,1,0,1,0,0,0,0,0,0,0,1,0,45.65,45.65,1,0,1,1,45.65,22.825,1,0.8534993457715783,1,At Risk
0,0,0,0,8,1,0,2,0,0,0,0,0,0,0,1,1,70.1,551.35,1,0,1,1,560.8,35.05,1,0.6354647768205969,1,At Risk
1,0,0,0,9,0,0,1,0,1,0,0,0,1,0,0,0,40.75,359.4,0,0,2,1,366.75,13.583333333333334,1,0.4915942913783945,1,At Risk
1,1,0,0,2,1,0,2,0,0,0,0,0,0,0,1,2,70.2,115.95,1,0,1,1,140.4,35.1,1,0.6391906492344853,1,At Risk
1,0,0,0,3,1,0,1,1,1,0,0,0,0,0,0,0,55.35,165.2,1,0,3,1,166.05,13.8375,1,0.3573071575317495,1,At Risk
0,0,1,0,25,1,0,2,0,0,0,1,1,1,0,1,3,95.7,2338.35,0,2,4,0,2392.5,19.14,0,0.21618289197568535,0,Champions
0,1,0,0,1,1,0,1,0,0,0,0,0,0,0,0,0,46.3,46.3,0,0,1,1,46.3,23.15,1,0.8927981125203733,1,At Risk
1,0,1,1,45,1,1,1,1,1,1,1,1,0,0,0,1,81.3,3541.1,0,2,6,0,3658.5,11.614285714285714,0,0.085717814769763,0,Champions
0,1,1,1,51,1,1,2,0,1,1,0,0,0,0,1,0,84.2,4146.05,1,3,3,0,4294.2,21.05,0,0.42488794081906006,0,Champions
1,0,1,1,55,1,0,0,0,0,0,0,0,0,0,0,3,20.0,1087.25,0,3,1,0,1100.0,10.0,0,0.05534277969367071,2,Fence Sitters
1,0,0,0,38,1,1,1,1,1,1,0,0,0,0,1,2,66.15,2522.4,0,2,4,0,2513.7000000000003,13.23,0,0.15233210302141173,0,Champions
0,0,0,0,2,1,0,1,0,0,0,0,0,0,0,0,1,45.85,81.0,1,0,1,1,91.7,22.925,1,0.8029873126906966,1,At Risk
0,0,1,1,38,1,0,0,0,0,0,0,0,0,0,0,0,19.6,717.3,0,2,1,0,744.8000000000001,9.8,0,0.10396796941447979,2,Fence Sitters
0,0,0,0,34,1,0,1,0,1,0,0,0,0,0,1,0,49.8,1734.2,0,2,2,0,1693.1999999999998,16.599999999999998,0,0.3530694663344647,2,Fence Sitters
1,0,1,0,70,1,1,2,0,0,1,0,1,1,1,1,0,101.75,7069.3,0,3,4,0,7122.5,20.35,0,0.14411470908968554,0,Champions
1,0,0,0,13,1,0,1,1,0,0,1,0,0,1,0,1,55.15,742.9,0,1,3,0,716.9499999999999,13.7875,0,0.11743511778163583,2,Fence Sitters
0,0,0,0,39,1,1,2,0,0,0,0,0,0,0,0,0,75.25,3017.65,1,2,1,0,2934.75,37.625,0,0.8327530377668823,1,At Risk
1,0,0,0,61,1,1,2,0,1,1,0,1,1,1,1,0,103.95,6423.0,0,3,5,0,6340.95,17.325,0,0.22571214945268095,0,Champions
1,0,0,0,12,1,1,2,0,0,1,0,1,1,0,1,2,100.15,1164.3,1,0,4,1,1201.8000000000002,20.03,1,0.8668573841835648,1,At Risk
0,0,0,0,41,1,0,2,0,1,0,1,1,1,2,1,3,99.65,4220.35,0,2,5,0,4085.65,16.608333333333334,0,0.11481153279593204,0,Champions
0,0,0,0,21,1,1,2,0,0,0,0,0,0,0,1,0,73.7,1558.7,0,1,1,0,1547.7,36.85,0,0.8070184420171481,1,At Risk
0,1,0,0,55,0,0,1,0,0,1,0,1,1,1,1,2,50.05,2743.45,0,3,3,0,2752.75,12.5125,0,0.13220554660587036,2,Fence Sitters
0,0,1,0,69,0,0,1,1,0,1,1,1,1,2,0,2,60.25,4055.5,0,3,5,0,4157.25,10.041666666666666,0,0.016585478885584187,0,Champions
0,1,1,1,26,1,1,2,0,1,1,0,1,1,0,0,0,105.75,2710.25,1,2,5,0,2749.5,17.625,0,0.6417007947739656,0,Champions
1,1,1,0,69,1,0,2,1,1,0,0,0,1,1,0,3,87.3,6055.55,0,3,4,0,6023.7,17.46,0,0.1330299000142622,0,Champions
1,1,1,0,18,0,0,1,0,0,1,0,1,1,0,1,0,48.35,810.7,1,1,3,0,870.3000000000001,12.0875,0,0.5419656966472404,1,At Risk
0,0,1,1,47,1,1,1,0,1,0,0,0,0,0,0,0,54.25,2538.2,0,2,2,0,2549.75,18.08333333333333,0,0.11161709247256225,2,Fence Sitters
1,0,1,1,72,1,0,1,1,1,1,1,1,1,2,0,2,85.3,6129.2,0,3,7,0,6141.599999999999,10.6625,0,0.007561024645035796,0,Champions
0,1,1,0,33,0,0,1,0,1,1,1,1,0,0,1,0,50.0,1750.85,0,2,4,0,1650.0,10.0,0,0.12826644495339756,2,Fence Sitters
1,0,1,1,2,0,0,1,0,0,0,0,0,0,0,1,1,24.4,36.55,1,0,0,1,48.8,24.4,1,0.47273703801176187,2,Fence Sitters
1,0,1,1,72,1,1,1,1,1,1,1,1,1,2,0,3,90.95,6652.45,0,3,7,0,6548.400000000001,11.36875,0,0.012913144176933391,0,Champions
0,1,1,0,37,1,0,2,0,0,0,0,0,0,0,1,2,72.25,2575.45,0,2,1,0,2673.25,36.125,0,0.4304740491467859,1,At Risk
1,1,1,1,62,1,1,2,0,1,1,0,0,1,0,1,3,96.1,6019.35,0,3,4,0,5958.2,19.22,0,0.30446990295500637,0,Champions
1,0,1,0,71,1,0,0,0,0,0,0,0,0,2,0,3,19.85,1379.6,0,3,1,0,1409.35,9.925,0,0.005038777013475498,2,Fence Sitters
0,0,0,1,23,1,0,1,0,1,0,1,0,0,0,1,2,55.3,1284.2,0,1,3,0,1271.9,13.825,0,0.1094338890145982,2,Fence Sitters
1,0,0,0,16,1,0,0,0,0,0,0,0,0,1,0,1,20.1,296.15,0,1,1,0,321.6,10.05,0,0.057481211913621745,2,Fence Sitters
0,0,0,0,9,1,0,1,1,0,1,1,1,0,0,1,1,69.5,653.25,0,0,5,1,625.5,11.583333333333334,1,0.12826191991615943,0,Champions
0,0,1,1,17,1,1,0,0,0,0,0,0,0,2,1,1,25.15,412.6,0,1,1,0,427.55,12.575,0,0.023813256573305363,2,Fence Sitters
1,0,0,0,4,1,0,0,0,0,0,0,0,0,0,0,2,20.95,85.5,1,0,1,1,83.8,10.475,1,0.26462796870830096,2,Fence Sitters
1,1,1,0,1,1,0,1,1,0,0,0,0,0,0,1,0,49.55,49.55,1,0,2,1,49.55,16.516666666666666,1,0.6367709271234891,1,At Risk
1,0,1,0,24,1,1,2,0,0,1,0,0,0,0,1,1,79.65,1928.7,0,1,2,0,1911.6,26.55,0,0.47552522462424557,1,At Risk
1,1,0,0,1,1,0,2,0,0,0,0,0,0,0,1,0,71.25,71.25,0,0,1,1,71.25,35.625,1,0.9061976276020645,1,At Risk
0,1,0,0,72,1,1,2,1,1,1,1,1,1,2,0,2,113.8,7845.8,0,3,7,0,8193.6,14.225,0,0.06955600539850486,0,Champions
1,0,1,0,72,1,1,0,0,0,0,0,0,0,2,0,0,24.55,1750.7,0,3,1,0,1767.6,12.275,0,0.021285292548812604,2,Fence Sitters
1,0,0,1,11,1,0,0,0,0,0,0,0,0,0,0,3,19.7,216.2,0,0,1,1,216.7,9.85,1,0.10080694618537055,2,Fence Sitters
0,0,0,0,9,1,0,0,0,0,0,0,0,0,0,0,1,20.25,178.5,1,0,1,1,182.25,10.125,1,0.2623284192622302,2,Fence Sitters
1,1,1,0,2,1,0,1,0,1,0,0,0,0,0,0,3,50.15,115.1,1,0,2,1,100.3,16.716666666666665,1,0.18909664923772687,2,Fence Sitters
1,1,1,0,60,1,1,2,0,0,1,0,1,1,1,1,3,100.5,6029.0,0,3,4,0,6030.0,20.1,0,0.14845557727174924,0,Champions
0,1,1,0,29,1,1,2,0,1,1,0,0,1,0,1,0,95.9,2745.2,1,2,4,0,2781.1000000000004,19.18,0,0.6275516350321452,1,At Risk
1,0,0,0,49,1,0,1,0,0,1,1,1,1,2,1,2,74.45,3721.9,0,3,5,0,3648.05,12.408333333333331,0,0.023051373179727302,0,Champions
1,1,0,0,30,1,1,2,0,1,1,0,1,1,0,1,0,104.1,3121.1,0,2,5,0,3123.0,17.349999999999998,0,0.5850122510874257,0,Champions
1,0,1,0,53,1,0,0,0,0,0,0,0,0,1,0,3,19.05,990.45,0,3,1,0,1009.65,9.525,0,0.015706570912192987,2,Fence Sitters
0,0,0,1,39,1,1,0,0,0,0,0,0,0,2,0,1,25.0,1004.35,0,2,1,0,975.0,12.5,0,0.027319126605943423,2,Fence Sitters
1,0,0,0,9,1,0,0,0,0,0,0,0,0,0,0,1,19.05,157.65,0,0,1,1,171.45000000000002,9.525,1,0.16856227205784208,2,Fence Sitters
0,0,0,0,39,1,0,2,0,0,1,1,0,0,1,0,0,81.9,3219.75,0,2,3,0,3194.1000000000004,20.475,0,0.2135119833782947,0,Champions
0,1,0,0,8,1,0,2,0,0,0,0,0,0,0,1,0,69.7,572.85,0,0,1,1,557.6,34.85,1,0.7489234781551394,1,At Risk
1,0,1,1,51,1,1,2,0,0,1,0,0,1,1,1,0,90.15,4554.85,0,3,3,0,4597.650000000001,22.5375,0,0.13922355018723087,0,Champions
0,0,1,1,71,1,1,0,0,0,0,0,0,0,2,0,3,25.35,1847.55,0,3,1,0,1799.85,12.675,0,0.00604105656714009,2,Fence Sitters
0,1,0,0,71,1,1,0,0,0,0,0,0,0,2,1,1,24.65,1766.75,0,3,1,0,1750.15,12.325,0,0.011182339114115055,2,Fence Sitters
1,1,1,0,70,1,0,0,0,0,0,0,0,0,2,1,3,19.55,1462.05,0,3,1,0,1368.5,9.775,0,0.006526284455878445,2,Fence Sitters
1,1,0,0,1,0,0,1,0,0,0,0,0,0,0,0,0,25.25,25.25,1,0,0,1,25.25,25.25,1,0.8858437754071476,1,At Risk
0,0,1,0,38,0,0,1,1,1,0,1,1,1,2,1,2,60.0,2193.2,0,2,5,0,2280.0,10.0,0,0.026643859287445473,0,Champions
1,0,1,0,28,1,0,2,0,1,1,0,0,1,0,0,3,89.9,2433.5,0,2,4,0,2517.2000000000003,17.98,0,0.37319442302141576,0,Champions
1,0,1,0,32,1,0,0,0,0,0,0,0,0,0,0,2,19.4,641.15,0,2,1,0,620.8,9.7,0,0.11673063054933423,2,Fence Sitters
0,1,1,0,49,1,0,1,0,1,0,0,0,0,2,0,1,49.8,2398.4,0,3,2,0,2440.2,16.599999999999998,0,0.01913436986218035,2,Fence Sitters
1,0,1,1,37,1,1,0,0,0,0,0,0,0,2,1,2,24.1,861.85,0,2,1,0,891.7,12.05,0,0.018381887804429838,2,Fence Sitters
1,0,0,0,10,1,0,1,0,0,1,1,0,0,0,0,0,54.25,583.0,0,0,3,1,542.5,13.5625,1,0.36779168688417796,1,At Risk
0,0,1,0,67,1,1,2,1,1,1,0,1,1,1,0,3,109.9,7332.4,0,3,6,0,7363.3,15.7,0,0.3101097411470165,0,Champions
0,0,0,0,7,0,0,1,0,0,1,1,0,0,1,1,3,35.5,249.55,0,0,2,1,248.5,11.833333333333334,0,0.05653335024486322,2,Fence Sitters
1,0,0,0,51,1,0,2,0,0,0,0,1,1,1,0,3,87.55,4475.9,0,3,3,0,4465.05,21.8875,0,0.1686928362512346,0,Champions
1,0,0,0,9,1,0,1,0,0,0,0,0,0,0,0,0,45.15,416.45,1,0,1,1,406.35,22.575,1,0.7271845785052539,1,At Risk
1,0,0,0,9,1,0,2,0,0,0,0,1,1,0,1,1,88.4,788.6,0,0,3,1,795.6,22.1,1,0.8550464110149827,1,At Risk
0,0,0,0,4,1,0,1,0,0,0,1,0,0,0,1,1,50.8,202.3,0,0,2,1,203.2,16.933333333333334,1,0.5203283274171211,1,At Risk
0,0,1,0,71,1,1,2,1,1,1,0,1,0,2,1,0,99.0,6994.6,0,3,5,0,7029.0,16.5,0,0.09113552236872621,0,Champions
1,0,1,1,50,1,1,2,0,0,0,0,1,0,0,1,2,84.4,4116.15,1,3,2,0,4220.0,28.133333333333336,0,0.507739391188306,1,At Risk
1,1,1,1,24,1,0,2,0,0,1,0,1,1,2,1,0,96.55,2263.45,0,1,4,0,2317.2,19.31,0,0.1410257295714589,0,Champions
0,0,1,0,22,1,0,1,1,0,0,0,1,0,1,1,2,59.75,1374.35,0,1,3,0,1314.5,14.9375,0,0.09813201812922064,2,Fence Sitters
0,0,0,0,44,1,1,2,1,1,1,0,1,1,0,1,0,111.5,4915.15,0,2,6,0,4906.0,15.928571428571429,0,0.4533378488474857,0,Champions
1,0,1,1,33,1,1,0,0,0,0,0,0,0,0,0,2,24.25,838.5,0,2,1,0,800.25,12.125,0,0.09101766387093325,2,Fence Sitters
1,0,0,0,1,1,1,2,0,0,0,0,0,0,0,1,0,75.1,75.1,1,0,1,1,75.1,37.55,1,0.9453143774185341,1,At Risk
1,0,1,0,54,1,1,1,0,0,0,0,1,1,1,1,3,70.15,3715.65,1,3,3,0,3788.1,17.5375,0,0.06734211064133097,0,Champions
0,0,0,0,42,1,1,2,0,1,0,0,1,1,0,1,0,101.75,4273.45,1,2,4,0,4273.5,20.35,0,0.8046072987927552,1,At Risk
1,0,0,0,1,1,0,1,0,0,0,0,0,0,0,0,0,45.8,45.8,1,0,1,1,45.8,22.9,1,0.8541107410800524,1,At Risk
1,0,0,0,1,1,0,0,0,0,0,0,0,0,0,0,1,20.5,20.5,0,0,1,1,20.5,10.25,1,0.6254111286256193,1,At Risk
0,0,0,0,30,1,0,1,1,1,0,1,1,0,1,0,0,70.4,2044.75,0,2,5,0,2112.0,11.733333333333334,0,0.10207899422587559,0,Champions
1,0,0,0,1,0,0,1,0,0,0,1,0,0,0,0,1,30.55,30.55,0,0,1,1,30.55,15.275,1,0.6169335870464618,1,At Risk
0,0,1,1,16,1,1,1,1,1,0,1,1,1,0,0,0,84.9,1398.25,0,1,6,0,1358.4,12.12857142857143,0,0.1696413482600988,0,Champions
0,0,0,0,1,1,0,0,0,0,0,0,0,0,0,1,1,20.1,20.1,1,0,1,1,20.1,10.05,1,0.6488727293384484,1,At Risk
0,0,1,0,9,0,0,1,0,0,0,1,1,0,0,0,1,40.65,328.95,1,0,2,1,365.85,13.55,1,0.41988534759375734,1,At Risk
0,1,1,0,46,1,1,2,0,0,1,0,1,1,0,1,0,101.0,4680.05,1,2,4,0,4646.0,20.2,0,0.6448778757774916,0,Champions
0,0,0,0,1,1,0,2,0,0,0,0,0,0,0,1,0,69.1,69.1,1,0,1,1,69.1,34.55,1,0.9334244318612209,1,At Risk
0,0,1,0,71,1,0,1,1,0,0,1,0,0,2,0,2,54.5,3778.2,0,3,3,0,3869.5,13.625,0,0.009916720227731317,0,Champions
0,0,0,0,43,1,1,2,0,0,0,0,0,0,0,1,3,75.35,3161.4,0,2,1,0,3240.05,37.675,0,0.5730220149623597,1,At Risk
0,0,1,0,50,0,0,1,1,0,0,1,1,0,1,1,2,44.45,2188.45,0,3,3,0,2222.5,11.1125,0,0.04233680784051445,2,Fence Sitters
1,0,0,0,13,1,1,2,0,0,0,0,0,0,0,1,1,75.0,999.45,1,1,1,0,975.0,37.5,0,0.7308962511310114,1,At Risk
0,0,1,1,19,1,0,2,0,1,0,1,1,1,1,0,2,100.0,1888.65,1,1,5,0,1900.0,16.666666666666668,0,0.19844058185621904,0,Champions
1,0,0,0,41,1,1,2,0,0,1,0,1,1,0,0,2,98.05,3990.6,0,2,4,0,4020.05,19.61,0,0.7415328459990831,1,At Risk
1,1,0,0,1,1,0,2,0,0,0,0,0,0,0,1,0,71.15,71.15,1,0,1,1,71.15,35.575,1,0.9061976276020645,1,At Risk
1,0,0,0,24,0,0,1,0,1,1,0,1,1,0,1,3,54.15,1240.25,1,1,4,0,1299.6,10.83,0,0.46770320393166004,1,At Risk
1,0,1,0,40,1,1,1,0,1,0,0,1,0,1,0,2,63.9,2635.0,0,2,3,0,2556.0,15.975,0,0.07374779368309292,0,Champions
1,0,1,1,3,1,1,1,0,1,1,0,1,0,0,1,2,69.15,235.0,0,0,4,1,207.45,13.830000000000002,1,0.2074329247366115,1,At Risk
1,0,0,0,37,1,1,1,1,0,0,0,1,0,1,0,2,64.65,2347.85,0,2,3,0,2392.05,16.1625,0,0.07190495222728556,2,Fence Sitters
1,0,1,1,67,1,1,2,1,0,1,1,1,1,2,1,3,108.75,7156.2,1,3,6,0,7286.25,15.535714285714286,0,0.07614353344496523,0,Champions
1,0,1,1,32,1,1,2,0,1,0,0,1,1,0,1,0,98.85,3089.6,0,2,4,0,3163.2,19.77,0,0.43503263404417347,0,Champions
1,0,1,0,6,1,0,1,0,0,0,1,0,0,0,1,0,49.15,270.8,1,0,2,1,294.9,16.383333333333333,1,0.4550151576140773,1,At Risk
1,0,1,1,32,1,1,2,1,0,0,0,1,0,0,0,0,89.6,2901.8,0,2,3,0,2867.2,22.4,0,0.201935654195385,0,Champions
1,0,0,0,59,1,1,2,0,1,1,0,0,0,0,1,0,83.25,4949.1,0,3,3,0,4911.75,20.8125,0,0.6175880533499964,0,Champions
1,0,1,0,30,1,0,1,0,1,1,1,0,1,1,0,2,70.25,2198.9,0,2,5,0,2107.5,11.708333333333334,0,0.07997936812387836,0,Champions
0,0,0,1,20,1,0,0,0,0,0,0,0,0,0,1,0,19.4,374.5,1,1,1,0,388.0,9.7,0,0.16337074268212912,2,Fence Sitters
1,0,1,1,27,1,1,0,0,0,0,0,0,0,2,0,0,24.5,761.95,0,2,1,0,661.5,12.25,0,0.027212537321254213,2,Fence Sitters
1,1,0,0,20,1,1,2,1,0,0,0,0,0,0,1,0,79.15,1520.9,1,1,2,0,1583.0,26.383333333333336,0,0.34869162400069315,1,At Risk
0,0,0,1,9,1,0,0,0,0,0,0,0,0,1,0,1,20.1,190.25,0,0,1,1,180.9,10.05,0,0.05043796340227955,2,Fence Sitters
1,0,1,1,68,1,1,1,1,1,1,0,1,0,1,1,3,73.0,5163.0,0,3,5,0,4964.0,12.166666666666666,0,0.11815877369401055,0,Champions
1,0,1,1,69,1,1,1,1,0,0,1,0,0,2,0,3,61.4,4059.85,0,3,3,0,4236.599999999999,15.35,0,0.013981104525991465,0,Champions
0,0,0,0,26,1,1,2,0,0,1,1,0,0,0,1,1,84.3,2281.6,0,2,3,0,2191.8,21.075,0,0.4689812085408717,1,At Risk
0,0,1,1,69,1,0,0,0,0,0,0,0,0,2,0,2,19.9,1356.7,0,3,1,0,1373.1,9.95,0,0.007095821959965229,2,Fence Sitters
0,0,0,0,11,1,0,0,0,0,0,0,0,0,2,0,1,20.4,231.45,0,0,1,1,224.4,10.2,0,0.027339977689708823,2,Fence Sitters
0,0,0,0,1,1,1,1,0,0,0,0,0,0,0,0,1,50.75,50.75,0,0,1,1,50.75,25.375,1,0.8316942861914213,1,At Risk
0,0,1,1,10,1,0,0,0,0,0,0,0,0,1,0,1,20.45,242.4,0,0,1,1,204.5,10.225,0,0.0503470523259382,2,Fence Sitters
1,0,1,1,55,1,1,1,1,1,0,1,0,1,1,1,2,75.75,4264.25,0,3,5,0,4166.25,12.625,0,0.04331361835739022,0,Champions
0,0,0,0,44,1,0,1,1,0,0,1,1,0,1,0,0,65.4,2774.55,0,2,4,0,2877.6000000000004,13.080000000000002,0,0.14002801154671995,0,Champions
0,1,1,0,46,1,0,2,0,0,0,0,0,1,0,1,0,80.4,3605.2,1,2,2,0,3698.4,26.8,0,0.7003481236011757,1,At Risk
0,0,1,1,69,1,0,1,1,1,1,0,0,0,2,1,2,59.75,4069.9,0,3,4,0,4122.75,11.95,0,0.016935809067731396,0,Champions
0,1,0,0,11,1,0,2,0,0,0,0,0,1,0,1,0,78.5,874.2,0,0,2,1,863.5,26.166666666666668,1,0.8680852183957181,1,At Risk
1,0,1,0,11,1,1,2,0,1,0,0,1,1,0,1,0,102.0,1145.35,1,0,4,1,1122.0,20.4,1,0.8245833340939759,1,At Risk
0,0,0,0,29,1,0,1,0,0,1,0,0,0,0,0,2,48.95,1323.7,0,2,2,0,1419.5500000000002,16.316666666666666,0,0.4678013230622023,1,At Risk
1,0,1,0,57,1,1,2,1,0,0,0,1,1,0,1,0,99.65,5497.05,0,3,4,0,5680.05,19.93,0,0.5003238541959144,0,Champions
0,0,0,0,28,1,0,0,0,0,0,0,0,0,1,0,3,18.25,534.7,0,2,1,0,511.0,9.125,0,0.016838010837871075,2,Fence Sitters
1,0,0,0,42,1,0,1,1,0,1,0,0,0,0,0,3,54.55,2455.05,0,2,3,0,2291.1,13.6375,0,0.13097151107205776,2,Fence Sitters
1,0,0,0,2,1,0,0,0,0,0,0,0,0,0,0,1,20.65,38.7,1,0,1,1,41.3,10.325,1,0.31093444682300003,2,Fence Sitters
0,0,0,1,23,0,0,1,1,1,0,1,0,0,1,0,2,40.65,947.4,0,1,3,0,934.95,10.1625,0,0.05255773358001207,2,Fence Sitters
1,0,1,1,18,1,0,0,0,0,0,0,0,0,0,0,1,20.45,357.0,0,1,1,0,368.1,10.225,0,0.1022839041613704,2,Fence Sitters
0,0,1,1,62,1,1,0,0,0,0,0,0,0,1,0,2,24.8,1476.25,0,3,1,0,1537.6,12.4,0,0.027911583887677366,2,Fence Sitters
1,0,0,0,1,1,0,2,0,0,0,0,0,0,0,1,1,70.8,70.8,1,0,1,1,70.8,35.4,1,0.9209013660422906,1,At Risk
0,0,0,0,16,1,1,2,0,0,0,1,0,1,0,1,3,89.05,1448.6,1,1,3,0,1424.8,22.2625,0,0.4524609214796515,1,At Risk
1,0,0,0,3,1,1,2,0,0,0,0,1,1,0,1,0,96.6,291.9,1,0,3,1,289.79999999999995,24.15,1,0.9532202743868947,1,At Risk
0,0,0,0,67,1,1,1,1,1,1,1,1,1,1,1,2,88.8,5903.15,0,3,7,0,5949.599999999999,11.1,0,0.11882647088780177,0,Champions
0,0,0,0,62,1,0,0,0,0,0,0,0,0,2,1,3,20.05,1201.65,0,3,1,0,1243.1,10.025,0,0.012521959207092877,2,Fence Sitters
1,0,1,0,57,1,1,2,0,1,1,0,1,1,0,1,3,104.5,5921.35,1,3,5,0,5956.5,17.416666666666668,0,0.4820243108171261,0,Champions
0,0,0,0,2,1,0,2,0,0,0,0,0,0,0,1,0,69.8,146.65,0,0,1,1,139.6,34.9,1,0.8763321465960117,1,At Risk
1,0,1,1,23,1,1,1,1,0,1,1,1,0,2,1,2,77.15,1759.4,0,1,5,0,1774.45,12.858333333333334,0,0.013903578127043988,0,Champions
1,0,0,1,25,0,0,1,1,0,0,1,0,0,2,0,2,35.05,844.45,0,2,2,0,876.2499999999999,11.683333333333332,0,0.028766049017211064,2,Fence Sitters
1,1,0,0,72,1,1,2,0,1,1,1,1,1,2,1,2,108.1,7774.05,0,3,6,0,7783.2,15.44285714285714,0,0.09132646253551474,0,Champions
1,0,1,0,2,1,1,2,0,0,0,0,1,0,0,1,0,84.05,134.05,0,0,2,1,168.1,28.016666666666666,1,0.8114394982100213,1,At Risk
1,0,0,0,8,1,0,0,0,0,0,0,0,0,1,1,2,20.2,140.95,0,0,1,1,161.6,10.1,0,0.054205335068376714,2,Fence Sitters
1,0,0,0,5,1,1,1,0,0,0,0,0,0,0,1,1,50.6,249.95,1,0,1,1,253.0,25.3,1,0.659838297902294,1,At Risk
0,0,0,0,35,0,0,1,0,0,1,0,1,1,0,0,0,49.2,1701.65,0,2,3,0,1722.0,12.3,0,0.6783778012717602,1,At Risk
0,0,0,0,24,1,1,0,0,0,0,0,0,0,1,0,0,24.6,592.65,0,1,1,0,590.4000000000001,12.3,0,0.1127663900905943,2,Fence Sitters
1,0,1,1,2,1,0,2,0,0,0,0,0,0,0,1,0,71.65,135.75,0,0,1,1,143.3,35.825,1,0.6911585515672728,1,At Risk
0,0,1,1,72,1,1,2,1,1,1,1,0,1,2,1,3,104.9,7732.65,0,3,6,0,7552.8,14.985714285714286,0,0.0182828617661956,0,Champions
1,0,0,0,41,1,1,2,1,1,1,1,1,0,0,1,0,106.5,4282.4,0,2,6,0,4366.5,15.214285714285714,0,0.3241861185847777,0,Champions
0,0,0,1,4,1,0,1,1,0,0,0,0,0,0,0,0,49.35,219.65,1,0,2,1,197.4,16.45,1,0.5394056742585991,1,At Risk
0,0,0,0,26,1,0,2,0,1,0,0,0,0,1,0,2,75.5,2018.1,0,2,2,0,1963.0,25.166666666666668,0,0.19656791983720448,2,Fence Sitters
0,0,0,0,7,1,0,2,0,1,0,0,1,1,0,1,0,94.25,669.0,1,0,4,1,659.75,18.85,1,0.8455192165118443,1,At Risk
1,0,1,0,1,1,0,2,0,0,0,0,0,0,0,1,0,68.95,68.95,1,0,1,1,68.95,34.475,1,0.9134736147585186,1,At Risk
1,0,1,1,4,1,1,1,0,1,0,1,0,0,0,1,1,58.5,224.85,0,0,3,1,234.0,14.625,1,0.2207681739115488,1,At Risk
0,0,0,0,48,1,0,1,0,1,1,1,1,1,2,0,3,78.9,3771.5,0,2,6,0,3787.2,11.271428571428572,0,0.02132853908004682,0,Champions
0,1,0,0,2,1,1,2,0,0,0,0,1,1,0,1,0,93.85,196.75,1,0,3,1,187.7,23.4625,1,0.9262558446487519,1,At Risk
1,1,1,0,12,1,0,1,1,0,1,1,1,1,1,1,0,79.2,943.85,0,0,6,1,950.4,11.314285714285717,0,0.09309526848025793,0,Champions
0,0,1,0,60,1,1,2,1,0,1,1,1,1,0,1,2,109.45,6572.85,0,3,6,0,6567.0,15.635714285714286,0,0.35564538482519276,0,Champions
0,0,0,0,55,1,0,1,1,0,1,1,0,0,2,1,0,59.2,3175.85,0,3,4,0,3256.0,11.84,0,0.019263544114365407,0,Champions
0,0,0,0,1,0,0,1,0,0,0,1,0,0,0,0,1,29.15,29.15,0,0,1,1,29.15,14.575,1,0.6046850130854872,1,At Risk
0,0,0,0,1,1,0,0,0,0,0,0,0,0,0,0,1,20.05,20.05,0,0,1,1,20.05,10.025,1,0.6301773548820512,1,At Risk
0,0,0,0,4,1,1,2,0,0,0,0,0,0,0,1,0,76.05,318.9,1,0,1,1,304.2,38.025,1,0.9272076775574265,1,At Risk
0,0,0,0,1,0,0,1,0,0,0,0,0,0,0,1,1,24.45,24.45,1,0,0,1,24.45,24.45,1,0.8409030176598111,1,At Risk
1,0,0,0,42,1,0,1,0,0,1,1,0,1,2,0,3,66.5,2762.75,0,2,4,0,2793.0,13.3,0,0.01958626635822798,0,Champions
1,0,0,0,1,1,0,1,1,0,0,0,0,0,0,0,2,49.55,49.55,0,0,2,1,49.55,16.516666666666666,1,0.5109748283503696,1,At Risk
0,0,0,0,7,1,1,2,0,0,1,0,1,0,0,1,3,89.35,631.85,1,0,3,1,625.4499999999999,22.3375,1,0.6887444277145992,1,At Risk
0,0,0,0,3,1,0,2,0,0,1,0,0,0,0,1,3,73.6,232.5,0,0,2,1,220.8,24.53333333333333,1,0.6378233352277335,1,At Risk
1,0,1,0,72,1,1,1,1,1,1,0,1,1,2,1,3,82.65,5919.35,0,3,6,0,5950.8,11.80714285714286,0,0.009344371787356354,0,Champions
0,0,0,0,15,1,1,1,0,0,0,0,0,0,0,1,0,49.0,749.25,0,1,1,0,735.0,24.5,0,0.689904100610726,1,At Risk
0,0,1,0,4,1,0,2,0,0,0,0,1,0,0,1,0,80.35,307.4,1,0,2,1,321.4,26.78333333333333,1,0.87960152235655,1,At Risk
1,0,0,0,11,1,1,0,0,0,0,0,0,0,1,0,0,25.2,245.15,0,0,1,1,277.2,12.6,0,0.10756707145612732,2,Fence Sitters
1,0,0,0,5,1,1,0,0,0,0,0,0,0,0,0,1,25.45,134.75,0,0,1,1,127.25,12.725,1,0.3461353944488125,2,Fence Sitters
1,1,0,0,1,1,0,1,1,0,1,0,0,0,0,1,0,55.8,55.8,1,0,3,1,55.8,13.95,1,0.6396126797373715,1,At Risk
0,0,1,0,72,1,1,2,1,0,1,1,1,1,2,1,3,110.9,8240.85,0,3,6,0,7984.8,15.842857142857143,0,0.03339026277536017,0,Champions
1,0,1,0,55,1,1,2,0,1,0,0,0,0,0,1,3,77.75,4266.4,0,3,2,0,4276.25,25.916666666666668,0,0.3405198876676016,0,Champions
1,0,1,1,40,1,1,0,0,0,0,0,0,0,0,1,0,26.2,1077.5,0,2,1,0,1048.0,13.1,0,0.15225696886020504,2,Fence Sitters
1,0,1,0,57,1,0,0,0,0,0,0,0,0,2,0,2,19.9,1115.6,0,3,1,0,1134.3,9.95,0,0.016278994387736875,2,Fence Sitters
0,0,0,0,1,1,0,2,0,0,0,0,1,0,0,1,0,79.05,79.05,1,0,2,1,79.05,26.35,1,0.9538927118108386,1,At Risk
0,0,1,0,1,1,0,2,1,0,0,0,1,1,0,1,0,95.0,95.0,1,0,4,1,95.0,19.0,1,0.8745178735559542,1,At Risk
1,0,0,0,1,0,0,1,0,0,0,0,0,0,0,0,1,25.2,25.2,1,0,0,1,25.2,25.2,1,0.810079637827832,1,At Risk
0,1,1,1,52,1,1,1,0,1,1,0,1,1,1,1,0,80.85,4079.55,0,3,5,0,4204.2,13.475,0,0.15092089531036793,0,Champions
0,1,0,0,41,1,1,2,0,0,1,0,1,1,0,1,0,98.4,4187.75,1,2,4,0,4034.4,19.68,0,0.8595174311695907,1,At Risk
0,0,1,0,43,1,0,1,0,0,0,0,1,0,1,1,1,56.35,2391.15,0,2,2,0,2423.05,18.78333333333333,0,0.21700705656456973,2,Fence Sitters
1,0,1,1,47,1,0,0,0,0,0,0,0,0,2,0,2,19.3,890.5,0,2,1,0,907.1,9.65,0,0.014702479285679165,2,Fence Sitters
0,0,0,0,3,1,1,1,0,0,0,0,0,0,0,0,2,50.4,137.25,0,0,1,1,151.2,25.2,1,0.7469081428189638,1,At Risk
0,1,1,1,66,1,1,1,1,1,1,1,1,0,2,0,3,79.4,5154.6,1,3,6,0,5240.400000000001,11.342857142857143,0,0.02978589481807778,0,Champions
0,0,1,1,55,1,0,1,0,0,1,1,0,0,2,1,3,55.25,3119.9,0,3,3,0,3038.75,13.8125,0,0.02075227525890091,2,Fence Sitters
0,0,0,0,29,1,0,0,0,0,0,0,0,0,1,0,1,19.1,529.5,0,2,1,0,553.9000000000001,9.55,0,0.022023185383778815,2,Fence Sitters
1,0,0,1,12,1,1,2,0,0,0,0,1,0,0,1,0,84.05,966.55,0,0,2,1,1008.6,28.016666666666666,1,0.7053423985460071,1,At Risk
1,0,1,0,66,1,1,2,0,1,1,0,1,1,0,1,0,105.2,6936.85,0,3,5,0,6943.2,17.533333333333335,0,0.7241709421647453,0,Champions
0,1,0,0,35,1,1,2,0,0,1,0,1,1,0,1,0,101.4,3496.3,1,2,4,0,3549.0,20.28,0,0.7461999913599427,1,At Risk
0,1,1,0,10,1,1,2,0,0,1,0,0,1,0,1,0,89.8,914.3,1,0,3,1,898.0,22.45,1,0.7477718515902008,1,At Risk
0,0,1,1,27,1,1,2,0,0,0,0,0,0,0,1,2,75.75,1929.0,0,2,1,0,2045.25,37.875,0,0.46854588608559977,1,At Risk
1,0,0,0,58,1,0,2,0,0,0,1,1,1,0,1,0,95.3,5817.7,0,3,4,0,5527.4,19.06,0,0.5162676894824648,0,Champions
0,0,1,0,54,1,0,2,1,1,1,1,1,1,2,0,2,109.75,6110.2,1,3,7,0,5926.5,13.71875,0,0.15651517942539234,0,Champions
0,0,0,0,9,1,0,0,0,0,0,0,0,0,0,0,1,19.85,178.8,0,0,1,1,178.65,9.925,1,0.2566334304675736,2,Fence Sitters
0,0,0,0,2,1,0,0,0,0,0,0,0,0,1,0,3,19.3,28.3,1,0,1,1,38.6,9.65,0,0.04298070358514085,2,Fence Sitters
0,0,0,0,6,1,0,2,0,0,0,0,0,0,0,1,0,69.1,435.0,0,0,1,1,414.6,34.55,1,0.8633502520079223,1,At Risk
1,1,0,0,26,1,0,2,0,0,0,0,1,1,0,1,0,91.25,2351.8,1,2,3,0,2372.5,22.8125,0,0.7534405388448032,1,At Risk
1,0,0,0,9,1,0,0,0,0,0,0,0,0,0,0,1,20.25,186.15,0,0,1,1,182.25,10.125,1,0.25371236459585494,2,Fence Sitters
0,0,1,0,8,1,0,1,0,1,1,0,0,0,0,1,1,54.75,445.85,0,0,3,1,438.0,13.6875,1,0.2995088692505883,1,At Risk
0,0,0,0,12,1,0,2,0,0,0,0,1,0,0,1,0,81.45,912.0,0,0,2,1,977.4,27.15,1,0.8948410812415806,1,At Risk
1,0,0,0,15,1,1,1,0,0,0,0,0,0,0,1,0,49.1,679.55,1,1,1,0,736.5,24.55,0,0.5787794540912025,1,At Risk
0,0,1,0,43,1,1,1,1,0,1,0,1,1,1,1,0,80.2,3581.6,0,2,5,0,3448.6,13.366666666666667,0,0.14947209033472822,0,Champions
0,0,0,0,42,1,1,2,0,0,0,1,1,1,0,1,0,100.3,4222.95,0,2,4,0,4212.599999999999,20.06,0,0.661951861531776,0,Champions
1,0,0,0,31,1,1,1,1,0,1,1,0,0,0,0,3,65.25,1994.3,1,2,4,0,2022.75,13.05,0,0.07554892729175566,0,Champions
1,0,0,1,66,1,1,2,1,0,1,1,0,0,2,1,3,90.95,5930.05,0,3,4,0,6002.7,18.19,0,0.06999745164109077,0,Champions
1,1,0,0,18,1,1,2,0,1,0,1,0,0,0,1,0,85.45,1505.85,1,1,3,0,1538.1,21.3625,0,0.5886308135178026,1,At Risk
0,0,0,0,1,1,0,0,0,0,0,0,0,0,0,0,1,20.0,20.0,0,0,1,1,20.0,10.0,1,0.6301773548820512,1,At Risk
0,0,1,0,61,1,1,2,0,1,0,1,1,0,2,1,0,94.1,5638.3,1,3,4,0,5740.099999999999,18.82,0,0.10467670330921167,0,Champions
0,0,0,0,10,1,1,2,0,1,0,0,0,0,0,0,0,79.85,797.25,0,0,2,1,798.5,26.616666666666664,1,0.6999933973063374,1,At Risk
0,1,0,0,1,1,0,2,0,0,0,0,0,0,0,1,0,71.65,71.65,1,0,1,1,71.65,35.825,1,0.8990191564757689,1,At Risk
1,1,0,0,18,1,0,2,0,1,0,0,0,0,0,1,0,73.55,1359.45,0,1,2,0,1323.9,24.516666666666666,0,0.5992746821704237,1,At Risk
0,0,1,0,24,1,1,2,0,1,1,0,1,1,0,1,0,104.65,2542.45,1,1,5,0,2511.6000000000004,17.441666666666666,0,0.7957194231901363,1,At Risk
1,0,1,1,3,1,0,0,0,0,0,0,0,0,0,0,1,19.3,54.7,0,0,1,1,57.900000000000006,9.65,1,0.19045180561978778,2,Fence Sitters
0,0,0,0,50,1,0,0,0,0,0,0,0,0,1,0,3,20.15,989.05,0,3,1,0,1007.5,10.075,0,0.028304070612587297,2,Fence Sitters
0,0,1,1,1,1,0,1,0,0,0,0,0,0,0,0,0,44.55,44.55,0,0,1,1,44.55,22.275,1,0.7027183359524865,1,At Risk
0,0,0,0,2,1,0,1,1,0,0,1,0,0,0,1,1,54.45,87.3,0,0,3,1,108.9,13.6125,1,0.37559374636458265,1,At Risk
0,0,0,0,17,1,0,0,0,0,0,0,0,0,1,1,2,19.65,351.55,0,1,1,0,334.04999999999995,9.825,0,0.051425254091704974,2,Fence Sitters
0,0,1,1,69,1,1,2,0,1,1,0,1,1,2,1,0,105.0,7297.75,0,3,5,0,7245.0,17.5,0,0.276908476734998,0,Champions
0,0,1,0,72,1,1,1,1,1,1,1,1,1,2,1,3,88.7,6301.7,0,3,7,0,6386.400000000001,11.0875,0,0.007995799797401679,0,Champions
1,0,0,0,3,1,1,2,0,0,0,0,0,0,0,1,0,74.25,210.3,1,0,1,1,222.75,37.125,1,0.8750516052838183,1,At Risk
0,1,1,1,50,1,1,1,1,1,1,0,0,1,2,1,2,75.15,3822.45,0,3,5,0,3757.500000000001,12.525,0,0.02408558809339542,0,Champions
1,0,0,0,53,1,0,0,0,0,0,0,0,0,2,0,1,20.25,1048.45,0,3,1,0,1073.25,10.125,0,0.02263736858163641,2,Fence Sitters
1,0,1,0,58,1,1,2,1,1,0,1,1,1,2,1,3,109.1,6393.65,0,3,6,0,6327.799999999999,15.585714285714284,0,0.15709306379372923,0,Champions
0,0,0,0,46,0,0,1,1,0,0,0,0,0,1,1,2,30.75,1489.3,0,2,1,0,1414.5,15.375,0,0.12760304142253018,2,Fence Sitters
0,1,1,0,72,1,1,2,1,1,1,1,1,1,0,1,3,112.9,8061.5,0,3,7,0,8128.8,14.1125,0,0.19836002711468775,0,Champions
1,1,0,0,1,1,1,2,0,0,0,0,0,0,0,1,0,74.2,74.2,1,0,1,1,74.2,37.1,1,0.9153685184532973,1,At Risk
1,0,1,1,6,1,1,2,0,1,1,0,1,0,0,1,1,94.05,518.75,0,0,4,1,564.3,18.81,1,0.766246387776722,1,At Risk
0,0,1,0,72,1,1,1,1,1,1,1,0,1,2,0,2,78.85,5763.15,0,3,6,0,5677.2,11.264285714285714,0,0.00952686229808248,0,Champions
0,0,0,0,4,1,0,1,0,0,0,0,0,1,0,1,1,55.3,238.5,0,0,2,1,221.2,18.433333333333334,1,0.6955774450284282,1,At Risk
1,0,1,1,52,1,0,0,0,0,0,0,0,0,2,0,1,19.35,1031.7,0,3,1,0,1006.2,9.675,0,0.014440928501340593,2,Fence Sitters
1,0,0,0,2,1,0,0,0,0,0,0,0,0,1,0,1,20.45,34.8,0,0,1,1,40.9,10.225,0,0.059477530966407684,2,Fence Sitters
1,0,1,0,65,1,0,0,0,0,0,0,0,0,2,0,2,19.35,1319.95,0,3,1,0,1257.75,9.675,0,0.012879428302857241,2,Fence Sitters
0,1,1,0,43,1,1,2,0,1,0,0,1,1,0,1,0,101.0,4388.4,1,2,4,0,4343.0,20.2,0,0.7066628846087587,1,At Risk
0,0,1,0,4,1,1,2,0,1,0,0,1,1,0,1,0,100.2,420.2,1,0,4,1,400.8,20.04,1,0.8953657807268302,1,At Risk
0,1,1,0,25,1,1,2,1,0,0,0,0,1,1,1,0,89.05,2177.45,1,2,3,0,2226.25,22.2625,0,0.0942424201625766,0,Champions
1,0,1,0,51,1,1,1,0,1,0,1,1,1,1,1,3,78.65,3950.85,0,3,5,0,4011.15,13.108333333333334,0,0.10913075034693133,0,Champions
0,0,0,0,12,1,1,1,0,0,1,0,1,1,0,0,2,74.75,827.05,0,0,4,1,897.0,14.95,1,0.7113553578065149,1,At Risk
1,0,1,1,57,1,0,1,1,0,0,0,1,1,1,1,2,70.1,3913.3,1,3,4,0,3995.7,14.02,0,0.02961744944745491,0,Champions
1,0,1,1,24,1,0,0,0,0,0,0,0,0,1,0,1,19.9,533.5,0,1,1,0,477.6,9.95,0,0.030549353701408835,2,Fence Sitters
1,0,1,0,64,1,1,1,0,0,1,1,0,0,1,0,2,58.35,3756.45,0,3,3,0,3734.4,14.5875,0,0.05005027827384889,0,Champions
1,0,0,0,4,1,0,2,0,1,1,1,1,1,1,1,0,105.65,443.9,1,0,6,1,422.6,15.092857142857143,0,0.3446689534556351,0,Champions
1,0,0,0,26,1,1,2,0,0,1,0,1,1,0,1,2,100.5,2599.95,0,2,4,0,2613.0,20.1,0,0.5738842280545414,1,At Risk
1,0,1,1,15,1,0,0,0,0,0,0,0,0,0,0,1,20.05,284.3,0,1,1,0,300.75,10.025,0,0.10595289460628454,2,Fence Sitters
0,1,1,0,64,1,1,0,0,0,0,0,0,0,2,0,3,25.65,1740.8,0,3,1,0,1641.6,12.825,0,0.011995631748703463,2,Fence Sitters
0,1,1,0,36,1,1,2,0,1,0,0,1,1,0,1,0,96.5,3436.1,1,2,4,0,3474.0,19.3,0,0.6294038101212213,1,At Risk
1,0,1,0,27,1,1,2,0,0,0,0,1,1,0,0,3,95.0,2462.55,0,2,3,0,2565.0,23.75,0,0.47338590929803753,1,At Risk
0,1,1,0,1,1,0,2,0,0,0,0,0,0,0,0,1,70.85,70.85,1,0,1,1,70.85,35.425,1,0.8645329807818648,1,At Risk
1,0,0,0,35,1,1,1,1,0,1,1,1,1,1,1,3,85.95,3110.1,1,2,6,0,3008.25,12.278571428571428,0,0.08368186745402154,0,Champions
0,0,0,0,4,1,0,2,0,0,1,0,0,0,0,1,0,73.9,280.85,1,0,2,1,295.6,24.633333333333336,1,0.8136377816323507,1,At Risk
1,0,1,1,8,1,0,1,0,0,0,0,0,0,0,1,0,45.45,411.75,0,0,1,1,363.6,22.725,1,0.31169906927264723,2,Fence Sitters
0,0,0,0,10,1,0,0,0,0,0,0,0,0,0,1,3,20.0,198.6,0,0,1,1,200.0,10.0,1,0.13161829885264364,2,Fence Sitters
1,0,0,0,2,1,0,1,0,1,0,0,0,0,0,0,1,49.2,103.7,0,0,2,1,98.4,16.400000000000002,1,0.43113063801772394,1,At Risk
1,0,1,0,58,1,1,2,1,1,1,0,1,1,2,1,2,109.45,6144.55,1,3,6,0,6348.1,15.635714285714286,0,0.12056297068095663,0,Champions
0,0,1,0,51,1,0,1,1,1,1,1,1,1,2,1,3,83.25,4089.45,0,3,7,0,4245.75,10.40625,0,0.010623109364079472,0,Champions
1,0,1,1,46,1,0,0,0,0,0,0,0,0,2,1,1,19.25,864.2,0,2,1,0,885.5,9.625,0,0.012910818136870337,2,Fence Sitters
0,0,0,0,1,1,0,0,0,0,0,0,0,0,0,1,2,19.65,19.65,0,0,1,1,19.65,9.825,1,0.5449096356041343,1,At Risk
0,0,0,0,46,1,1,2,0,0,0,0,0,0,0,0,2,72.8,3249.4,0,2,1,0,3348.8,36.4,0,0.6105658910628659,1,At Risk
1,0,1,0,50,1,1,2,1,1,0,1,1,1,0,1,2,109.65,5405.8,0,3,6,0,5482.5,15.664285714285716,0,0.3779585401447355,0,Champions
0,0,1,1,53,1,0,1,0,1,0,1,1,0,0,0,3,65.0,3363.8,0,3,4,0,3445.0,13.0,0,0.04207080094753691,0,Champions
0,0,1,0,61,1,1,2,0,1,1,1,1,1,0,1,0,114.1,7132.15,0,3,6,0,6960.099999999999,16.3,0,0.5214188617271279,0,Champions
0,0,0,0,5,1,0,0,0,0,0,0,0,0,0,0,2,20.65,93.55,0,0,1,1,103.25,10.325,1,0.25186581999472074,2,Fence Sitters
0,0,0,0,47,1,0,1,1,1,1,1,1,1,1,1,2,86.95,4138.9,0,2,7,0,4086.65,10.86875,0,0.05997109029156135,0,Champions
1,0,0,0,54,1,1,2,0,1,1,0,1,0,1,1,2,94.75,5121.75,0,3,4,0,5116.5,18.95,0,0.1966389251403045,0,Champions
0,0,0,1,19,0,0,1,0,0,0,0,0,0,0,1,3,25.35,566.1,0,1,0,0,481.65,25.35,0,0.14549668145168038,2,Fence Sitters
1,0,0,1,26,1,0,2,0,1,1,1,1,1,2,1,0,105.45,2715.3,0,2,6,0,2741.7000000000003,15.064285714285717,0,0.0949937382551357,0,Champions
0,0,1,1,70,1,1,0,0,0,0,0,0,0,2,0,1,25.4,1782.05,0,3,1,0,1778.0,12.7,0,0.012513853785048955,2,Fence Sitters
0,0,1,0,17,1,1,2,0,1,1,0,1,1,0,1,0,102.55,1742.5,0,1,5,0,1743.35,17.091666666666665,0,0.794804984514942,1,At Risk
1,0,0,0,30,1,1,2,0,1,0,0,1,1,0,1,0,100.2,2983.8,1,2,4,0,3006.0,20.04,0,0.7565432538746852,1,At Risk
1,0,0,1,1,1,1,0,0,0,0,0,0,0,0,0,1,24.0,24.0,0,0,1,1,24.0,12.0,1,0.5174193929517742,1,At Risk
1,0,1,1,19,1,1,0,0,0,0,0,0,0,2,0,1,25.6,485.9,0,1,1,0,486.4,12.8,0,0.019137169197619108,2,Fence Sitters
1,0,1,0,26,1,0,1,0,1,1,0,1,1,2,1,3,73.5,1905.7,0,2,5,0,1911.0,12.25,0,0.018132243871010936,0,Champions
1,0,1,1,21,1,0,2,0,1,0,0,0,0,0,1,2,74.05,1565.7,1,1,2,0,1555.05,24.683333333333334,0,0.425609850694155,1,At Risk
0,0,1,0,50,1,1,2,0,1,0,0,1,1,1,1,0,98.25,4858.7,0,3,4,0,4912.5,19.65,0,0.43863079057967014,0,Champions
1,0,1,0,68,0,0,1,1,0,1,0,1,1,1,1,0,54.4,3723.65,0,3,4,0,3699.2,10.88,0,0.09511343512990662,0,Champions
0,0,0,0,3,1,1,2,0,0,1,0,1,1,0,1,2,101.55,298.35,1,0,4,1,304.65,20.31,1,0.891280340327815,1,At Risk
0,0,1,1,9,1,0,2,0,0,1,1,1,1,0,0,0,103.1,970.45,0,0,5,1,927.9,17.183333333333334,1,0.6548160870844892,1,At Risk
1,0,1,1,51,0,0,1,1,0,0,1,0,0,2,0,2,34.2,1782.0,0,3,2,0,1744.2,11.4,0,0.007753615457948596,2,Fence Sitters
1,0,0,0,9,1,0,1,0,0,0,0,0,0,0,1,0,43.75,405.7,0,0,1,1,393.75,21.875,1,0.5809671951587194,1,At Risk
0,1,1,1,41,1,1,2,0,1,1,1,1,1,1,1,0,111.95,4534.9,1,2,6,0,4589.95,15.992857142857144,0,0.35898018387287844,0,Champions
0,0,0,0,22,1,1,2,0,1,0,0,1,1,0,1,0,100.65,2415.95,0,1,4,0,2214.3,20.130000000000003,0,0.8278417021707483,1,At Risk
1,0,1,1,21,0,0,1,1,0,1,0,1,1,1,1,0,55.95,1157.05,1,1,4,0,1174.95,11.19,0,0.15190852248478892,2,Fence Sitters
0,0,1,1,71,1,1,2,1,1,1,1,1,1,2,1,2,116.05,8297.5,0,3,7,0,8239.55,14.50625,0,0.021810821759341004,0,Champions
0,0,0,0,1,1,0,1,0,0,0,0,0,0,0,0,0,45.75,45.75,1,0,1,1,45.75,22.875,1,0.8753794490831096,1,At Risk
0,0,1,1,26,1,1,1,0,0,1,1,1,1,1,1,3,82.0,2083.1,0,2,5,0,2132.0,13.666666666666666,0,0.14702428536218212,0,Champions
0,0,1,0,71,1,1,1,1,1,0,1,0,0,2,0,2,65.15,4681.75,0,3,4,0,4625.650000000001,13.03,0,0.010902586433165821,0,Champions
0,0,0,0,4,1,0,1,0,0,0,0,0,0,0,1,3,44.8,176.2,0,0,1,1,179.2,22.4,1,0.5114492426637647,1,At Risk
1,0,0,0,12,1,1,2,1,0,0,0,0,0,0,1,0,79.8,1001.2,0,0,2,1,957.6,26.6,1,0.3779906161310332,1,At Risk
1,0,1,0,18,1,1,2,0,0,0,1,1,0,0,1,0,88.85,1594.75,0,1,3,0,1599.3,22.2125,0,0.5763197511935173,1,At Risk
1,0,0,0,3,1,1,2,0,0,0,0,0,0,0,1,0,74.95,212.4,0,0,1,1,224.85,37.475,1,0.8750516052838183,1,At Risk
1,1,1,0,72,1,1,2,1,1,0,0,1,1,1,1,2,106.85,7677.4,0,3,5,0,7693.2,17.808333333333334,0,0.08109143672097072,0,Champions
0,0,0,0,11,1,0,2,0,1,0,0,0,0,0,0,0,74.95,815.5,1,0,2,1,824.45,24.98333333333333,1,0.693504544774505,1,At Risk
1,0,0,0,1,1,0,2,0,0,0,0,0,1,0,0,3,80.15,80.15,1,0,2,1,80.15,26.71666666666667,1,0.8480464185992543,1,At Risk
0,0,0,0,13,1,0,0,0,0,0,0,0,0,1,0,3,19.3,259.65,0,1,1,0,250.9,9.65,0,0.04354813533316131,2,Fence Sitters
1,0,1,0,72,1,1,2,0,1,1,1,1,1,1,1,0,109.25,8109.8,1,3,6,0,7866.0,15.607142857142858,0,0.3118389018420634,0,Champions
0,0,1,0,42,1,1,1,1,0,0,0,0,0,1,0,3,56.1,2386.85,0,2,2,0,2356.2000000000003,18.7,0,0.09479597995598393,2,Fence Sitters
1,0,0,0,17,1,0,0,0,0,0,0,0,0,0,0,3,19.7,340.35,0,1,1,0,334.9,9.85,0,0.13254278800128932,2,Fence Sitters
1,1,0,0,7,1,0,1,0,1,0,0,0,0,0,1,1,51.3,419.35,0,0,2,1,359.1,17.099999999999998,1,0.28494765250072485,2,Fence Sitters
1,0,1,0,68,1,1,2,1,1,1,1,1,1,2,0,1,118.6,7990.05,0,3,7,0,8064.799999999999,14.825,0,0.1500785194384846,0,Champions
0,0,1,1,56,1,1,0,0,0,0,0,0,0,2,0,2,24.15,1402.25,0,3,1,0,1352.4,12.075,0,0.012229841589514595,2,Fence Sitters
1,0,1,1,38,1,0,0,0,0,0,0,0,0,1,0,1,20.3,749.35,0,2,1,0,771.4,10.15,0,0.028168365264237872,2,Fence Sitters
1,0,1,1,72,1,1,2,1,1,1,1,1,1,2,1,0,115.5,8425.15,0,3,7,0,8316.0,14.4375,0,0.01365682544434367,0,Champions
1,0,0,0,48,1,1,0,0,0,0,0,0,0,1,0,3,25.05,1171.5,0,2,1,0,1202.4,12.525,0,0.08175515427798362,2,Fence Sitters
1,1,1,0,52,1,1,2,1,1,1,0,1,1,0,1,0,109.1,5647.95,0,3,6,0,5673.2,15.585714285714284,0,0.35306563343720015,0,Champions
1,0,1,1,35,1,0,0,0,0,0,0,0,0,1,0,1,19.65,708.8,0,2,1,0,687.75,9.825,0,0.02802669742582687,2,Fence Sitters
0,0,1,0,67,1,1,2,0,1,1,1,1,1,2,1,2,111.3,7567.2,0,3,6,0,7457.099999999999,15.9,0,0.40002374316419403,0,Champions
1,0,0,0,1,0,0,1,1,0,0,0,0,0,0,0,1,29.9,29.9,0,0,1,1,29.9,14.95,1,0.6859423041348223,1,At Risk
0,0,0,0,53,1,0,2,0,1,0,1,0,0,0,1,1,80.6,4348.1,0,3,3,0,4271.799999999999,20.15,0,0.293958957227139,0,Champions
0,0,1,1,34,1,0,0,0,0,0,0,0,0,0,0,1,20.8,635.9,0,2,1,0,707.2,10.4,0,0.06653466625774573,2,Fence Sitters
1,0,0,0,3,0,0,1,0,0,0,0,1,0,0,0,3,35.2,108.95,1,0,1,1,105.6,17.6,1,0.7089738388608214,1,At Risk
1,0,1,0,1,1,0,2,0,0,0,0,1,0,0,0,0,78.8,78.8,1,0,2,1,78.8,26.266666666666666,1,0.9312519440971743,1,At Risk
0,0,0,0,19,1,0,2,0,0,1,1,1,0,0,0,1,89.95,1682.4,0,1,4,0,1709.05,17.990000000000002,0,0.41841378250967776,1,At Risk
1,1,1,0,60,1,1,2,1,1,1,1,1,1,2,1,2,116.05,6925.9,0,3,7,0,6963.0,14.50625,0,0.10916548604992299,0,Champions
0,0,0,0,11,1,0,0,0,0,0,0,0,0,2,0,3,19.55,223.15,0,0,1,1,215.05,9.775,0,0.022599625357057108,2,Fence Sitters
1,0,0,0,47,1,1,2,0,1,1,0,1,1,0,1,0,106.4,5127.95,1,2,5,0,5000.8,17.733333333333334,0,0.6874357043823767,0,Champions
0,0,0,0,18,1,0,1,1,0,0,0,0,0,0,0,0,49.4,874.8,1,1,2,0,889.1999999999999,16.466666666666665,0,0.565058428262809,1,At Risk
1,0,1,1,60,1,1,2,1,1,1,1,1,1,2,0,3,115.25,6758.45,0,3,7,0,6915.0,14.40625,0,0.07810779448751994,0,Champions
0,0,1,0,72,1,1,0,0,0,0,0,0,0,2,0,3,24.8,1874.3,0,3,1,0,1785.6,12.4,0,0.008562696190706778,2,Fence Sitters
0,0,0,0,39,1,0,0,0,0,0,0,0,0,1,0,1,19.9,791.15,0,2,1,0,776.0999999999999,9.95,0,0.0433499754169365,2,Fence Sitters
1,0,1,0,59,1,0,2,1,0,1,0,0,0,1,1,3,81.25,4639.45,0,3,3,0,4793.75,20.3125,0,0.04362206791291945,0,Champions
0,0,1,1,2,1,0,2,0,0,0,0,0,0,0,0,1,69.95,143.9,0,0,1,1,139.9,34.975,1,0.7473921660855026,1,At Risk
0,1,0,0,1,1,0,2,0,0,0,0,0,0,0,0,0,69.1,69.1,1,0,1,1,69.1,34.55,1,0.9373527377889233,1,At Risk
0,0,1,1,20,1,0,2,0,0,0,0,1,1,0,1,0,90.2,1776.55,1,1,3,0,1804.0,22.55,0,0.5670024593411835,1,At Risk
1,0,0,0,6,1,1,2,0,0,0,0,1,1,0,1,2,93.55,536.4,1,0,3,1,561.3,23.3875,1,0.8740515565335337,1,At Risk
0,0,0,0,71,1,1,2,0,0,1,1,0,0,2,1,3,86.4,6172.0,0,3,3,0,6134.400000000001,21.6,0,0.04161087214648449,0,Champions
1,0,1,0,24,1,1,1,1,1,1,0,0,0,0,0,1,66.3,1559.45,0,1,4,0,1591.1999999999998,13.26,0,0.1452823447211509,0,Champions
0,1,1,0,67,1,1,2,0,0,0,0,1,1,0,1,3,94.65,6079.0,0,3,3,0,6341.55,23.6625,0,0.4065823305529639,0,Champions
0,0,0,0,1,1,0,2,0,0,0,0,0,1,0,1,1,80.85,80.85,1,0,2,1,80.85,26.95,1,0.9339798119407386,1,At Risk
1,0,1,1,48,1,1,2,0,0,0,0,0,1,1,1,1,82.05,4029.95,1,2,2,0,3938.4,27.35,0,0.14978708940553465,0,Champions
1,0,1,0,37,1,1,1,0,1,0,1,0,1,1,0,1,72.1,2658.4,0,2,4,0,2667.7,14.419999999999998,0,0.07387649905246925,0,Champions
0,0,0,0,11,0,0,1,0,1,1,0,0,0,0,0,1,34.7,383.55,0,0,2,1,381.7000000000001,11.566666666666668,1,0.4824774834143092,1,At Risk
0,0,1,0,3,1,0,0,0,0,0,0,0,0,0,1,3,20.55,51.15,1,0,1,1,61.650000000000006,10.275,1,0.1717354471545199,2,Fence Sitters
1,0,1,0,18,1,0,2,0,0,1,0,1,1,0,1,3,95.95,1745.5,0,1,4,0,1727.1,19.19,0,0.456074970731601,1,At Risk
0,0,1,1,50,1,0,1,0,0,0,0,0,0,1,1,2,44.8,2230.85,0,3,1,0,2240.0,22.4,0,0.05496997498669701,2,Fence Sitters
1,0,1,1,67,1,1,2,1,0,1,1,1,1,1,1,0,109.4,7281.6,0,3,6,0,7329.8,15.62857142857143,0,0.10010271415302478,0,Champions
1,0,1,0,25,1,0,1,1,1,0,1,0,1,0,1,1,71.05,1837.7,0,2,5,0,1776.25,11.841666666666669,0,0.09806210908874424,0,Champions
1,1,0,0,2,1,1,2,0,0,1,0,0,0,0,1,0,78.55,149.55,1,0,2,1,157.1,26.183333333333334,1,0.7959887491540814,1,At Risk
0,0,0,0,9,1,0,0,0,0,0,0,0,0,0,0,3,19.7,180.7,0,0,1,1,177.29999999999998,9.85,1,0.14716407119624889,2,Fence Sitters
1,0,0,1,10,0,0,1,1,1,0,1,0,0,1,0,1,40.25,411.45,0,0,3,1,402.5,10.0625,0,0.04345729501562458,2,Fence Sitters
1,0,1,0,70,1,0,0,0,0,0,0,0,0,2,0,3,19.85,1328.35,0,3,1,0,1389.5,9.925,0,0.009412314758968615,2,Fence Sitters
0,0,0,0,9,1,0,1,1,0,1,1,0,1,0,1,2,68.25,576.95,0,0,5,1,614.25,11.375,1,0.13645240995860738,0,Champions
1,0,0,0,4,1,0,0,0,0,0,0,0,0,0,1,3,20.15,68.45,0,0,1,1,80.6,10.075,1,0.17039421485840894,2,Fence Sitters
1,0,0,0,2,1,0,1,1,0,0,0,0,0,0,0,1,50.95,123.05,0,0,2,1,101.9,16.983333333333334,1,0.37506009049156147,1,At Risk
1,0,0,1,1,1,0,2,0,0,0,0,0,1,0,0,0,78.65,78.65,1,0,2,1,78.65,26.21666666666667,1,0.9322193705503156,1,At Risk
0,0,0,0,19,0,0,1,0,0,0,0,0,0,0,1,2,25.15,468.35,0,1,0,0,477.85,25.15,0,0.487159156673564,2,Fence Sitters
0,0,1,1,7,1,0,0,0,0,0,0,0,0,0,1,2,20.25,174.7,0,0,1,1,141.75,10.125,1,0.12367147491259134,2,Fence Sitters
0,0,0,0,1,1,0,1,0,0,0,0,0,0,0,1,0,42.9,42.9,1,0,1,1,42.9,21.45,1,0.8686784181274689,1,At Risk
0,1,0,0,1,1,0,1,0,0,0,0,0,0,0,0,0,44.0,44.0,0,0,1,1,44.0,22.0,1,0.804818125099878,1,At Risk
1,0,1,1,9,1,0,0,0,0,0,0,0,0,1,0,1,20.25,172.35,0,0,1,1,182.25,10.125,0,0.05029858717326519,2,Fence Sitters
1,0,0,0,3,0,0,1,1,0,0,1,0,0,0,0,1,34.25,139.35,1,0,2,1,102.75,11.416666666666666,1,0.4724824971091307,1,At Risk
1,0,0,0,9,0,0,1,1,0,1,1,1,1,0,0,1,58.5,539.85,1,0,5,1,526.5,9.75,1,0.3998356139581216,1,At Risk
1,0,0,0,5,1,0,1,1,0,1,0,0,0,0,0,3,55.8,300.4,0,0,3,1,279.0,13.95,1,0.26897134705949804,1,At Risk
1,0,1,1,56,1,0,2,0,0,0,0,1,1,1,0,2,88.9,4968.0,0,3,3,0,4978.400000000001,22.225,0,0.09253680915094294,0,Champions
1,0,0,1,18,1,1,1,1,0,0,0,0,0,0,0,1,57.65,992.7,0,1,2,0,1037.7,19.216666666666665,0,0.16849537073051551,2,Fence Sitters
0,1,0,0,49,1,1,2,0,0,0,0,1,1,0,1,0,96.2,4718.25,1,3,3,0,4713.8,24.05,0,0.9092034340546395,1,At Risk
0,0,1,0,70,1,1,1,1,1,1,1,1,0,2,0,1,79.15,5536.5,0,3,6,0,5540.5,11.30714285714286,0,0.031173774340146888,0,Champions
1,0,0,0,72,1,1,2,0,1,1,1,1,1,2,1,3,108.05,7806.6,0,3,6,0,7779.599999999999,15.435714285714283,0,0.09341740399699268,0,Champions
1,1,0,0,6,1,0,2,0,0,1,0,0,0,0,0,0,74.4,434.1,1,0,2,1,446.4,24.8,1,0.7179685722807013,1,At Risk
0,1,1,0,17,1,1,2,0,0,0,0,1,1,0,1,0,94.8,1563.9,0,1,3,0,1611.6,23.7,0,0.6867616824150525,1,At Risk
0,0,1,0,29,0,0,1,0,0,0,0,1,1,0,1,0,45.9,1332.4,0,2,2,0,1331.1,15.3,0,0.7261177880136889,1,At Risk
1,0,1,0,6,1,1,2,0,1,1,0,1,1,0,1,0,105.3,545.2,1,0,5,1,631.8,17.55,1,0.8105183695089379,1,At Risk
0,0,1,0,63,1,1,2,0,0,1,0,1,1,2,0,0,102.6,6296.75,0,3,4,0,6463.799999999999,20.52,0,0.16523496172926921,0,Champions
0,0,1,0,16,1,1,2,0,0,0,0,0,0,0,1,2,73.85,1284.2,1,1,1,0,1181.6,36.925,0,0.606778992898103,1,At Risk
0,0,0,0,59,1,0,1,0,0,1,0,0,1,1,1,2,61.35,3645.5,0,3,3,0,3619.65,15.3375,0,0.1991400388576455,0,Champions
1,0,0,0,3,1,0,1,0,0,1,0,1,0,0,0,0,57.55,161.45,0,0,3,1,172.64999999999998,14.3875,1,0.566179360415974,1,At Risk
1,0,0,0,8,0,0,1,0,1,0,0,0,0,0,1,1,29.25,226.95,0,0,1,1,234.0,14.625,1,0.5003594499061496,2,Fence Sitters
1,1,1,0,7,1,1,2,0,0,0,0,0,1,0,1,0,84.55,646.85,1,0,2,1,591.85,28.183333333333334,1,0.8023114965604364,1,At Risk
1,0,0,0,68,1,0,0,0,0,0,0,0,0,2,0,3,19.6,1441.65,0,3,1,0,1332.8000000000002,9.8,0,0.008289878847606591,2,Fence Sitters
1,0,1,1,68,1,1,2,1,0,1,1,1,1,2,0,3,111.75,7511.3,0,3,6,0,7599.0,15.964285714285714,0,0.101039325497117,0,Champions
1,1,1,0,52,1,1,2,0,1,1,0,1,1,1,1,0,106.5,5621.85,0,3,5,0,5538.0,17.75,0,0.23785814921398274,0,Champions
0,0,1,1,72,1,1,2,1,1,0,1,1,1,2,1,3,107.7,7919.8,0,3,6,0,7754.400000000001,15.385714285714286,0,0.019157397171847966,0,Champions
1,0,1,0,32,1,0,0,0,0,0,0,0,0,1,0,1,19.3,593.2,0,2,1,0,617.6,9.65,0,0.028544806283443625,2,Fence Sitters
1,0,1,0,72,1,0,0,0,0,0,0,0,0,2,0,2,20.05,1423.65,0,3,1,0,1443.6,10.025,0,0.005875695188330462,2,Fence Sitters
0,0,1,1,1,1,0,2,0,0,0,0,0,0,0,1,3,69.95,69.95,0,0,1,1,69.95,34.975,1,0.7236601268790425,1,At Risk
0,0,1,1,42,1,0,1,1,0,0,1,0,1,1,0,3,63.7,2763.35,0,2,4,0,2675.4,12.74,0,0.052963618391078916,0,Champions
1,0,0,0,25,1,1,0,0,0,0,0,0,0,2,0,3,24.75,692.1,1,2,1,0,618.75,12.375,0,0.03395557676197899,2,Fence Sitters
0,0,0,0,45,1,0,1,1,0,0,0,0,0,0,1,2,50.9,2298.55,0,2,2,0,2290.5,16.966666666666665,0,0.19963267661961756,2,Fence Sitters
1,0,1,1,43,0,0,1,1,0,1,1,1,1,1,1,3,60.4,2640.55,0,2,5,0,2597.2,10.066666666666666,0,0.06889636060343717,0,Champions
0,0,1,0,37,1,1,1,1,0,1,0,1,1,1,0,1,79.25,2911.8,0,2,5,0,2932.25,13.208333333333334,0,0.11873819074392047,0,Champions
1,1,0,0,20,1,1,2,0,0,0,0,0,1,0,1,3,85.8,1727.5,1,1,2,0,1716.0,28.6,0,0.601090881682414,1,At Risk
1,0,0,0,4,0,0,1,0,0,0,0,0,0,0,1,0,24.45,86.6,1,0,0,1,97.8,24.45,1,0.7737235294339155,1,At Risk
0,0,1,0,63,1,0,2,1,1,1,1,1,1,2,1,3,110.1,6705.7,0,3,7,0,6936.299999999999,13.7625,0,0.11799845963304541,0,Champions
0,0,0,0,3,1,0,2,0,0,0,0,1,1,0,0,1,90.7,237.65,0,0,3,1,272.1,22.675,1,0.8932015913689467,1,At Risk
0,0,1,1,66,1,1,0,0,0,0,0,0,0,2,1,3,25.3,1672.35,0,3,1,0,1669.8,12.65,0,0.007693712638507468,2,Fence Sitters
0,0,0,0,28,1,1,2,0,1,1,0,1,1,0,1,0,105.7,2979.5,1,2,5,0,2959.6,17.616666666666667,0,0.8541998026416071,1,At Risk
1,1,0,0,8,1,1,2,0,0,0,0,0,1,0,0,0,85.2,695.75,0,0,2,1,681.6,28.4,1,0.8773226278929179,1,At Risk
0,0,0,1,71,1,1,0,0,0,0,0,0,0,2,0,1,24.35,1654.6,0,3,1,0,1728.85,12.175,0,0.009591426468711263,2,Fence Sitters
0,0,0,0,1,0,0,1,0,0,0,0,0,0,0,1,0,24.25,24.25,1,0,0,1,24.25,24.25,1,0.9359130617725074,1,At Risk
1,0,1,1,72,1,1,0,0,0,0,0,0,0,2,0,2,25.1,1857.85,0,3,1,0,1807.2,12.55,0,0.005676872370990484,2,Fence Sitters
0,1,1,0,16,1,0,1,1,1,0,0,0,0,0,1,2,54.55,825.1,0,1,3,0,872.8,13.6375,0,0.21184687931132842,2,Fence Sitters
0,0,1,0,66,1,1,2,1,1,1,1,0,0,2,0,1,96.6,6424.25,0,3,5,0,6375.599999999999,16.099999999999998,0,0.1005458423832704,0,Champions
1,0,0,0,11,1,1,2,0,0,0,0,0,0,0,1,0,76.5,837.95,1,0,1,1,841.5,38.25,1,0.8302718595892721,1,At Risk
0,0,0,0,51,1,1,1,1,1,1,1,1,0,1,1,3,81.15,4126.2,0,3,6,0,4138.650000000001,11.592857142857143,0,0.05440412314327027,0,Champions
1,0,0,1,8,0,0,1,1,0,0,0,0,1,0,1,0,38.5,330.8,0,0,2,1,308.0,12.833333333333334,1,0.23121659436772762,2,Fence Sitters
0,0,0,0,14,1,0,2,0,0,0,0,1,1,0,1,0,92.9,1337.45,0,1,3,0,1300.6,23.225,0,0.8852445575146124,1,At Risk
1,0,0,0,4,1,1,2,0,1,0,1,0,1,0,1,0,93.5,362.2,1,0,4,1,374.0,18.7,1,0.6659137276527333,1,At Risk
1,0,0,0,70,1,1,1,1,1,1,0,1,1,2,0,1,84.7,5991.05,0,3,6,0,5929.0,12.1,0,0.039359280215217,0,Champions
1,0,0,1,70,1,1,1,1,1,0,1,0,0,2,0,0,66.0,4891.5,0,3,4,0,4620.0,13.2,0,0.038022009839264716,0,Champions
1,1,1,0,54,1,1,2,0,1,0,0,1,1,1,1,3,101.5,5373.1,1,3,4,0,5481.0,20.3,0,0.20927187233182065,0,Champions
0,0,0,1,28,1,0,2,1,0,0,0,0,0,0,1,2,74.9,2068.55,1,2,2,0,2097.2000000000003,24.96666666666667,0,0.3633736629532545,1,At Risk
0,0,0,0,24,1,0,0,0,0,0,0,0,0,2,0,1,20.75,487.05,0,1,1,0,498.0,10.375,0,0.0184136892548088,2,Fence Sitters
1,0,1,0,69,1,0,1,0,1,0,0,0,1,2,1,3,61.45,4131.2,0,3,3,0,4240.05,15.3625,0,0.015129577296464388,0,Champions
0,0,1,1,42,1,0,1,1,1,0,0,0,0,0,0,1,54.5,2301.15,0,2,3,0,2289.0,13.625,0,0.13145951259859864,2,Fence Sitters
1,1,0,0,2,1,0,2,0,0,0,0,0,0,0,1,0,69.6,131.65,1,0,1,1,139.2,34.8,1,0.7777311030581298,1,At Risk
1,1,0,0,39,1,1,2,0,0,1,0,1,1,0,1,0,99.75,4036.0,0,2,4,0,3890.25,19.95,0,0.7774694877189781,1,At Risk
0,0,1,1,45,1,1,2,0,1,1,1,1,1,2,1,2,109.75,4900.65,0,2,6,0,4938.75,15.678571428571429,0,0.1985343168265291,0,Champions
0,0,1,1,72,1,1,1,1,1,1,1,1,0,2,1,2,80.85,5727.45,0,3,6,0,5821.2,11.55,0,0.007521540551730033,0,Champions
1,0,0,0,38,1,0,0,0,0,0,0,0,0,2,0,1,20.3,743.05,0,2,1,0,771.4,10.15,0,0.02071549477841482,2,Fence Sitters
0,0,1,0,72,1,1,1,1,1,1,1,0,0,2,1,2,67.8,4804.65,0,3,5,0,4881.599999999999,11.3,0,0.006231816269420361,0,Champions
0,0,0,0,1,1,1,0,0,0,0,0,0,0,0,1,1,24.05,24.05,1,0,1,1,24.05,12.025,1,0.6929375290530272,1,At Risk
0,0,1,1,72,1,0,0,0,0,0,0,0,0,2,1,3,19.8,1414.65,0,3,1,0,1425.6,9.9,0,0.003468622170051301,2,Fence Sitters
0,0,1,0,55,1,1,0,0,0,0,0,0,0,2,0,2,25.7,1443.65,0,3,1,0,1413.5,12.85,0,0.01831379754808689,2,Fence Sitters
1,0,1,1,51,0,0,1,0,0,1,1,1,1,1,1,0,56.15,2898.95,0,3,4,0,2863.65,11.23,0,0.07511250425473348,0,Champions
0,0,0,0,63,1,0,1,1,1,1,1,1,1,2,1,2,86.7,5309.5,0,3,7,0,5462.1,10.8375,0,0.01593064320868707,0,Champions
1,0,0,0,1,1,0,0,0,0,0,0,0,0,0,0,1,20.4,20.4,0,0,1,1,20.4,10.2,1,0.6254111286256193,1,At Risk
1,0,1,1,23,1,0,0,0,0,0,0,0,0,2,1,1,19.65,451.55,0,1,1,0,451.95,9.825,0,0.011533310341787938,2,Fence Sitters
1,0,0,0,1,1,0,1,0,1,0,0,0,0,0,0,0,50.55,50.55,1,0,2,1,50.55,16.849999999999998,1,0.600676029166208,1,At Risk
1,0,0,0,2,1,1,1,0,0,0,1,0,0,0,1,1,54.35,117.05,0,0,2,1,108.7,18.116666666666667,1,0.5705794148160412,1,At Risk
1,1,0,0,52,1,1,2,1,1,1,0,1,1,0,0,3,108.1,5839.3,0,3,6,0,5621.2,15.44285714285714,0,0.33031680009789904,0,Champions
1,0,0,0,36,1,1,1,1,0,0,0,0,0,1,0,1,54.45,1893.5,0,2,2,0,1960.2,18.15,0,0.059888798088688563,2,Fence Sitters
1,0,0,0,1,1,0,1,0,0,0,0,0,0,0,0,1,45.35,45.35,0,0,1,1,45.35,22.675,1,0.8067243221515248,1,At Risk
1,0,0,0,28,1,1,1,1,0,1,0,0,0,1,0,1,59.0,1654.45,0,2,3,0,1652.0,14.75,0,0.0385933374786188,2,Fence Sitters
1,0,1,1,7,1,0,1,1,1,1,0,1,0,1,0,0,69.45,477.05,0,0,5,1,486.15,11.575,0,0.03633304589699561,0,Champions
0,0,0,0,14,1,1,2,0,1,0,0,1,1,0,1,0,100.55,1415.55,1,1,4,0,1407.7,20.11,0,0.8234623543490215,1,At Risk
0,1,1,0,72,0,0,1,1,1,1,1,1,1,2,1,3,64.95,4546.0,0,3,6,0,4676.400000000001,9.278571428571428,0,0.013855654154931866,0,Champions
1,0,1,1,1,1,0,0,0,0,0,0,0,0,0,1,1,20.5,20.5,1,0,1,1,20.5,10.25,1,0.562480166140324,1,At Risk
1,0,0,0,10,1,0,0,0,0,0,0,0,0,0,0,1,18.85,163.2,0,0,1,1,188.5,9.425,1,0.16856227205784208,2,Fence Sitters
0,0,0,0,42,1,0,0,0,0,0,0,0,0,1,0,2,19.8,849.9,0,2,1,0,831.6,9.9,0,0.04051491279836659,2,Fence Sitters
1,0,0,0,7,0,0,1,0,0,0,0,0,0,0,0,2,25.05,189.95,0,0,0,1,175.35,25.05,1,0.5606414533990097,2,Fence Sitters
0,0,0,0,4,1,0,2,0,0,1,0,0,0,0,1,2,74.8,321.9,1,0,2,1,299.2,24.933333333333334,1,0.7073790575824009,1,At Risk
0,0,1,1,72,1,1,2,1,1,1,1,1,1,2,1,3,114.3,8058.55,0,3,7,0,8229.6,14.2875,0,0.011442023644940758,0,Champions
1,0,1,0,20,0,0,1,0,0,0,0,0,0,0,1,0,24.45,482.8,1,1,0,0,489.0,24.45,0,0.4213395217376652,2,Fence Sitters
0,0,0,0,63,1,0,2,1,1,1,1,1,1,2,0,3,109.2,7049.75,0,3,7,0,6879.6,13.65,0,0.12328099505857211,0,Champions
1,0,0,0,56,0,0,1,1,1,1,1,0,0,2,0,2,45.05,2560.1,0,3,4,0,2522.8,9.01,0,0.024045896427741912,0,Champions
1,0,0,1,5,1,0,1,0,0,0,1,0,0,0,1,1,51.0,286.8,0,0,2,1,255.0,17.0,1,0.4225646990193941,1,At Risk
1,0,1,0,72,1,1,2,0,1,1,1,1,1,2,1,2,110.45,7982.5,0,3,6,0,7952.400000000001,15.778571428571428,0,0.03940513796139953,0,Champions
0,1,1,1,68,1,1,2,0,1,1,0,0,0,0,1,0,84.65,5683.6,0,3,3,0,5756.200000000001,21.1625,0,0.3705701675631245,0,Champions
0,0,1,1,67,1,0,1,1,1,0,1,0,0,1,0,1,60.05,3994.05,0,3,4,0,4023.35,12.01,0,0.035839831581851965,0,Champions
0,0,1,1,8,1,0,1,0,0,0,0,0,0,0,0,2,44.65,369.15,0,0,1,1,357.2,22.325,1,0.3222310916094356,2,Fence Sitters
0,0,1,1,52,1,1,2,0,1,0,1,0,1,0,1,2,93.25,4631.7,0,3,4,0,4849.0,18.65,0,0.16952125459651776,0,Champions
1,0,1,1,18,1,0,0,0,0,0,0,0,0,0,1,1,20.25,401.95,0,1,1,0,364.5,10.125,0,0.08042812568832398,2,Fence Sitters
1,0,1,1,59,1,1,0,0,0,0,0,0,0,2,0,1,25.45,1534.05,0,3,1,0,1501.55,12.725,0,0.008130048134951022,2,Fence Sitters
1,0,0,0,60,1,0,0,0,0,0,0,0,0,2,0,1,20.6,1093.0,0,3,1,0,1236.0,10.3,0,0.02194828796116439,2,Fence Sitters
0,0,0,0,7,1,1,2,0,0,0,0,1,1,0,1,0,94.1,701.3,0,0,3,1,658.6999999999999,23.525,1,0.9240502284091308,1,At Risk
0,0,1,1,59,0,0,1,1,0,1,0,0,0,1,0,1,34.8,1980.3,0,3,2,0,2053.2,11.6,0,0.024312110320916135,2,Fence Sitters
0,0,0,0,46,0,0,1,1,0,1,1,1,1,2,1,2,60.75,2893.4,0,2,5,0,2794.5,10.125,0,0.02495368732563802,0,Champions
0,0,0,0,5,1,0,1,0,1,0,0,0,0,0,1,0,51.35,262.3,0,0,2,1,256.75,17.116666666666667,1,0.5261207243315268,1,At Risk
0,1,1,0,59,0,0,1,1,0,1,1,1,1,2,1,3,64.05,3886.85,0,3,5,0,3778.95,10.675,0,0.01725420941846014,0,Champions
1,0,1,0,70,1,1,1,0,1,1,1,1,1,2,1,2,84.8,5917.55,0,3,6,0,5936.0,12.114285714285714,0,0.03134143409659264,0,Champions
1,0,0,0,14,1,0,2,0,0,0,0,0,0,0,1,3,71.0,914.0,1,1,1,0,994.0,35.5,0,0.47203457058956155,1,At Risk
1,0,0,0,44,1,1,1,0,0,0,0,0,0,0,1,1,50.15,2139.1,0,2,1,0,2206.6,25.075,0,0.2883928173180319,2,Fence Sitters
1,0,1,0,64,1,1,2,1,0,1,0,1,0,2,1,3,94.6,5948.7,0,3,4,0,6054.4,18.92,0,0.057066676408153015,0,Champions
1,0,1,1,58,0,0,1,1,0,1,1,1,1,2,0,1,59.75,3624.35,0,3,5,0,3465.5,9.958333333333334,0,0.014663034012149823,0,Champions
1,1,1,0,46,1,1,2,0,0,0,1,1,1,1,0,0,100.25,4753.85,0,2,4,0,4611.5,20.05,0,0.3348928842323893,0,Champions
0,1,1,0,58,1,1,2,0,1,0,0,1,1,0,1,0,98.9,5780.7,0,3,4,0,5736.200000000001,19.78,0,0.6849812215812524,0,Champions
1,0,1,0,72,1,1,2,0,1,0,0,1,1,2,1,3,97.7,6869.7,0,3,4,0,7034.400000000001,19.54,0,0.04368534422798525,0,Champions
1,1,0,0,30,0,0,1,0,0,1,0,1,0,0,1,0,40.3,1172.95,1,2,2,0,1209.0,13.433333333333332,0,0.7093662530035164,1,At Risk
0,1,0,0,11,1,1,1,1,1,0,0,0,0,0,0,2,60.25,662.95,0,0,3,1,662.75,15.0625,1,0.2507229937578272,1,At Risk
1,1,0,0,34,0,0,1,0,1,1,0,1,1,0,1,0,56.25,1765.95,0,2,4,0,1912.5,11.25,0,0.5425700511379329,1,At Risk
0,0,0,0,54,0,0,1,1,1,0,0,0,1,2,0,2,46.2,2431.95,0,3,3,0,2494.8,11.55,0,0.04503688592592509,2,Fence Sitters
1,0,0,0,3,0,0,1,0,1,0,0,1,1,0,1,0,50.6,155.35,1,0,3,1,151.8,12.65,1,0.5890784699945832,1,At Risk
1,0,1,1,72,1,1,0,0,0,0,0,0,0,2,0,1,24.9,1859.2,0,3,1,0,1792.8,12.45,0,0.005676872370990484,2,Fence Sitters
1,0,1,1,40,1,1,2,0,0,1,1,0,0,0,1,0,84.85,3303.05,1,2,3,0,3394.0,21.2125,0,0.4876994026653143,1,At Risk
1,0,1,1,2,1,0,1,0,0,0,0,1,1,0,0,1,65.7,134.35,1,0,3,1,131.4,16.425,1,0.5981020695801131,1,At Risk
0,0,1,1,54,1,1,1,0,0,1,0,0,1,2,0,3,63.35,3409.1,0,3,3,0,3420.9,15.8375,0,0.03667029249095245,0,Champions
1,0,0,0,14,1,0,1,1,0,0,0,0,0,0,0,2,50.1,709.5,0,1,2,0,701.4,16.7,0,0.23015930631456247,2,Fence Sitters
1,0,0,0,1,1,0,2,0,0,0,0,0,0,0,0,0,70.5,70.5,1,0,1,1,70.5,35.25,1,0.9261364665560967,1,At Risk
1,0,0,0,10,1,1,2,0,1,1,0,0,1,0,1,0,94.85,953.45,1,0,4,1,948.5,18.97,1,0.7653915292991689,1,At Risk
1,0,0,0,1,1,0,1,1,0,0,0,0,0,0,0,0,50.15,50.15,0,0,2,1,50.15,16.716666666666665,1,0.5404273801831568,1,At Risk
0,0,0,0,1,1,0,0,0,0,0,0,0,0,0,0,1,19.75,19.75,1,0,1,1,19.75,9.875,1,0.6301773548820512,1,At Risk
0,0,0,0,56,1,1,1,1,1,0,1,0,0,1,1,2,64.65,3665.55,0,3,4,0,3620.400000000001,12.93,0,0.052165292138225336,0,Champions
1,0,1,0,68,1,0,1,1,1,0,1,1,1,2,1,2,79.6,5515.8,0,3,6,0,5412.799999999999,11.37142857142857,0,0.03332735474154742,0,Champions
1,0,1,1,14,1,0,0,0,0,0,0,0,0,1,1,1,19.5,272.0,0,1,1,0,273.0,9.75,0,0.03813594090415429,2,Fence Sitters
0,0,1,1,68,1,0,2,1,0,0,1,1,1,2,1,0,99.55,6668.0,0,3,5,0,6769.4,16.591666666666665,0,0.06806234908919562,0,Champions
0,1,1,0,55,1,1,2,0,0,0,0,0,0,0,1,0,74.0,4052.4,0,3,1,0,4070.0,37.0,0,0.4734481406645155,1,At Risk
1,0,0,0,16,0,0,1,1,0,0,0,1,0,0,1,0,38.9,664.4,0,1,2,0,622.4,12.966666666666669,0,0.589612525104393,1,At Risk
0,1,0,0,9,1,0,2,0,0,0,0,0,1,0,1,0,79.55,718.55,0,0,2,1,715.9499999999999,26.516666666666666,1,0.8547643014249178,1,At Risk
0,0,1,1,14,1,0,1,1,1,0,0,1,0,0,1,0,65.45,937.6,1,1,4,0,916.3,13.09,0,0.1296813705478891,0,Champions
0,1,1,0,58,1,1,2,0,0,1,0,1,1,0,1,0,98.7,5812.6,1,3,4,0,5724.6,19.74,0,0.807759678654737,0,Champions
0,0,0,0,53,0,0,1,1,1,0,0,0,1,0,1,2,46.3,2546.85,0,3,3,0,2453.9,11.575,0,0.421143319142397,2,Fence Sitters
0,0,1,0,70,1,1,2,1,1,1,0,1,0,2,1,3,99.35,6944.5,0,3,5,0,6954.5,16.558333333333334,0,0.11677363194580041,0,Champions
1,1,1,1,14,1,1,2,0,0,0,0,1,1,0,1,0,95.8,1346.3,0,1,3,0,1341.2,23.95,0,0.5928323123156829,1,At Risk
0,0,1,1,22,1,0,1,1,0,1,1,1,0,1,1,2,67.5,1544.05,1,1,5,0,1485.0,11.25,0,0.04635274344517814,0,Champions
1,0,1,0,10,1,1,2,1,0,0,0,0,0,0,1,3,78.15,765.15,0,0,2,1,781.5,26.05,1,0.3979396396181378,1,At Risk
1,0,1,1,29,1,1,0,0,0,0,0,0,0,2,0,1,26.1,692.55,0,2,1,0,756.9000000000001,13.05,0,0.02514935272759067,2,Fence Sitters
1,0,0,0,1,1,0,2,0,0,0,0,0,0,0,1,0,69.6,69.6,1,0,1,1,69.6,34.8,1,0.9438488241866427,1,At Risk
0,0,1,0,49,1,1,1,1,0,1,1,1,1,1,0,0,84.35,4059.35,1,3,6,0,4133.15,12.05,0,0.09578885293697513,0,Champions
1,1,1,0,68,1,1,2,0,1,0,0,1,1,0,1,0,100.2,6851.65,1,3,4,0,6813.6,20.04,0,0.6744302892332413,0,Champions
1,0,0,0,1,1,0,2,0,0,0,0,1,0,0,0,0,78.05,78.05,1,0,2,1,78.05,26.016666666666666,1,0.9619648833862754,1,At Risk
1,0,0,0,30,0,0,1,0,0,0,1,0,1,1,1,3,40.35,1187.05,0,2,2,0,1210.5,13.45,0,0.12973549442709656,2,Fence Sitters
1,0,1,0,72,1,1,1,1,1,1,1,1,0,2,0,3,79.2,5401.9,0,3,6,0,5702.400000000001,11.314285714285717,0,0.009103273665722037,0,Champions
1,0,0,0,10,1,0,0,0,0,0,0,0,0,0,1,1,20.9,247.0,0,0,1,1,209.0,10.45,1,0.23693131760637035,2,Fence Sitters
0,0,0,0,7,1,1,2,0,0,0,0,0,0,0,0,0,73.6,520.0,1,0,1,1,515.1999999999999,36.8,1,0.8624016664871659,1,At Risk
1,0,0,0,9,1,1,2,0,0,0,0,0,0,0,1,0,74.75,706.6,1,0,1,1,672.75,37.375,1,0.7194852984793231,1,At Risk
1,0,0,1,1,1,0,1,1,0,0,0,0,0,0,0,1,49.9,49.9,0,0,2,1,49.9,16.633333333333333,1,0.5008600030400788,1,At Risk
1,0,0,0,20,1,1,1,0,1,0,1,0,1,0,1,3,68.9,1370.35,0,1,4,0,1378.0,13.78,0,0.13336934349124122,0,Champions
1,0,0,0,1,1,0,0,0,0,0,0,0,0,0,1,1,20.25,20.25,0,0,1,1,20.25,10.125,1,0.653554462817994,1,At Risk
1,0,0,0,29,1,1,2,0,0,0,0,0,0,0,1,3,76.0,2215.25,0,2,1,0,2204.0,38.0,0,0.4777950619109822,1,At Risk
0,0,0,0,1,1,0,2,0,0,0,1,0,0,0,0,0,74.0,74.0,0,0,2,1,74.0,24.666666666666668,1,0.6956181209700723,1,At Risk
0,0,0,0,3,1,0,2,1,0,0,1,0,0,0,1,1,82.3,214.4,0,0,3,1,246.9,20.575,1,0.44339546002289737,1,At Risk
1,0,0,0,20,1,0,2,1,0,1,0,1,0,0,1,2,89.4,1871.15,0,1,4,0,1788.0,17.880000000000003,0,0.44291733232013997,1,At Risk
0,0,0,1,64,1,0,2,0,1,0,1,1,1,0,1,3,99.15,6171.2,0,3,5,0,6345.6,16.525000000000002,0,0.2243305379501851,0,Champions
0,0,0,0,1,1,0,0,0,0,0,0,0,0,0,1,1,20.2,20.2,1,0,1,1,20.2,10.1,1,0.6488727293384484,1,At Risk
1,0,0,0,6,0,0,1,1,0,0,0,0,0,0,0,2,29.45,161.45,0,0,1,1,176.7,14.725,1,0.4928566590681188,2,Fence Sitters
0,0,1,0,50,1,0,0,0,0,0,0,0,0,2,0,0,19.8,1013.2,0,3,1,0,990.0,9.9,0,0.018302148547951255,2,Fence Sitters
0,0,0,0,6,1,0,1,1,0,0,0,0,1,0,1,2,59.15,336.7,0,0,3,1,354.9,14.7875,1,0.26200406220737715,1,At Risk
0,0,1,1,7,1,0,1,0,0,0,0,0,0,0,0,0,44.75,333.65,0,0,1,1,313.25,22.375,1,0.43430246080913026,1,At Risk
0,0,1,1,72,1,1,2,0,0,1,0,0,1,2,1,3,90.8,6511.8,0,3,3,0,6537.599999999999,22.7,0,0.02055117241324333,0,Champions
0,0,1,0,8,1,0,1,0,1,0,0,0,0,0,1,2,49.55,393.45,0,0,2,1,396.4,16.516666666666666,1,0.28827759843984196,2,Fence Sitters
1,0,1,1,67,1,1,2,1,0,0,1,1,1,2,0,3,106.7,7009.5,0,3,5,0,7148.900000000001,17.783333333333335,0,0.13604697840606503,0,Champions
1,1,1,0,24,1,1,2,0,0,0,0,1,1,0,1,0,93.55,2264.05,1,1,3,0,2245.2,23.3875,0,0.6274120271294666,1,At Risk
1,0,1,0,72,1,1,2,1,1,0,0,0,1,2,1,3,94.45,6921.7,0,3,4,0,6800.400000000001,18.89,0,0.03546635438116218,0,Champions
0,0,1,1,33,1,0,0,0,0,0,0,0,0,1,1,2,19.45,600.25,0,2,1,0,641.85,9.725,0,0.025889983996414078,2,Fence Sitters
0,0,0,0,2,0,0,1,0,0,0,0,0,0,0,1,0,25.05,56.35,1,0,0,1,50.1,25.05,1,0.847779420365434,1,At Risk
0,0,1,0,70,1,0,1,1,1,0,1,0,1,2,0,1,67.95,4664.15,0,3,5,0,4756.5,11.325,0,0.03560922748917442,0,Champions
1,0,0,0,22,1,0,1,0,1,1,0,1,0,1,0,2,65.25,1441.8,0,1,4,0,1435.5,13.05,0,0.0793917996896775,0,Champions
1,0,0,0,59,1,1,2,1,1,1,0,0,1,0,1,2,99.45,5623.7,0,3,5,0,5867.55,16.575,0,0.29536789826765775,0,Champions
0,0,0,0,36,1,0,0,0,0,0,0,0,0,1,1,3,20.35,695.85,0,2,1,0,732.6,10.175,0,0.030859387508213036,2,Fence Sitters
1,0,1,1,51,1,0,0,0,0,0,0,0,0,2,0,1,19.95,1028.75,0,3,1,0,1017.45,9.975,0,0.012853905475485646,2,Fence Sitters
0,0,1,0,53,1,1,1,1,0,1,1,1,0,1,0,2,77.4,4155.95,0,3,5,0,4102.200000000001,12.9,0,0.053992539500872724,0,Champions
1,0,1,1,20,1,0,0,0,0,0,0,0,0,1,0,2,19.7,395.6,0,1,1,0,394.0,9.85,0,0.03398686743415234,2,Fence Sitters
0,0,1,0,63,1,0,2,1,0,1,0,1,1,2,0,3,99.7,6330.4,0,3,5,0,6281.1,16.616666666666667,0,0.0877522865649622,0,Champions
1,0,0,0,40,1,0,2,0,1,0,0,0,0,0,0,3,74.8,2971.7,0,2,2,0,2992.0,24.933333333333334,0,0.34841615642274726,1,At Risk
0,0,0,0,35,1,0,0,0,0,0,0,0,0,1,1,1,19.15,638.0,0,2,1,0,670.25,9.575,0,0.02058989697165533,2,Fence Sitters
0,0,1,1,26,1,0,2,0,0,0,0,0,1,1,0,2,78.95,2034.25,0,2,2,0,2052.7000000000003,26.316666666666663,0,0.17458791769094567,2,Fence Sitters
0,1,1,0,27,1,1,2,0,1,1,0,0,1,0,1,0,95.55,2510.2,1,2,4,0,2579.85,19.11,0,0.6310289648791683,1,At Risk
0,0,0,1,53,1,0,1,1,1,0,1,0,0,1,0,3,62.85,3419.5,0,3,4,0,3331.05,12.57,0,0.04767376435907771,0,Champions
0,1,1,0,34,1,0,2,0,0,0,0,0,0,0,0,3,71.55,2427.35,0,2,1,0,2432.7,35.775,0,0.3177047921553544,2,Fence Sitters
1,1,1,0,19,1,1,2,0,0,0,0,1,1,0,1,0,94.95,1760.25,0,1,3,0,1804.05,23.7375,0,0.5882972711802628,1,At Risk
0,0,1,0,43,1,0,2,1,1,1,0,0,0,0,1,3,86.1,3551.65,0,2,4,0,3702.3,17.22,0,0.25415850707559795,0,Champions
0,0,1,1,6,1,0,0,0,0,0,0,0,0,0,0,1,19.55,122.9,0,0,1,1,117.3,9.775,1,0.14489945457393436,2,Fence Sitters
0,0,0,1,56,1,1,0,0,0,0,0,0,0,2,1,1,24.8,1424.2,0,3,1,0,1388.8,12.4,0,0.0128292493611637,2,Fence Sitters
0,0,0,0,57,0,0,1,0,1,0,0,1,0,0,1,0,39.3,2111.45,1,3,2,0,2240.1,13.1,0,0.6608681164487877,2,Fence Sitters
0,0,1,1,34,1,0,2,0,0,1,0,1,0,0,1,1,84.05,2909.95,0,2,3,0,2857.7,21.0125,0,0.5742635235608982,1,At Risk
1,0,0,0,10,0,0,1,0,1,0,1,0,0,0,0,0,36.25,374.0,0,0,2,1,362.5,12.083333333333334,1,0.26348448474658615,2,Fence Sitters
1,0,0,0,1,1,0,0,0,0,0,0,0,0,0,1,1,20.25,20.25,1,0,1,1,20.25,10.125,1,0.653554462817994,1,At Risk
1,0,0,0,13,0,0,1,0,0,0,0,0,0,0,1,0,23.9,300.8,1,1,0,0,310.7,23.9,0,0.84430086782508,1,At Risk
0,0,0,0,56,1,1,2,0,1,0,0,1,1,0,0,0,98.6,5581.05,0,3,4,0,5521.599999999999,19.72,0,0.8083696881251593,0,Champions
1,0,1,0,55,1,1,2,0,1,1,0,1,1,0,1,3,103.65,5676.65,0,3,5,0,5700.75,17.275000000000002,0,0.512063797299665,0,Champions
1,0,1,1,36,1,1,1,1,1,1,1,1,1,2,1,3,92.9,3379.25,0,2,7,0,3344.4,11.6125,0,0.02810742490166502,0,Champions
0,0,1,0,47,1,0,0,0,0,0,0,0,0,1,0,2,19.9,942.95,0,2,1,0,935.3,9.95,0,0.037567049736067275,2,Fence Sitters
1,0,1,1,12,1,0,0,0,0,0,0,0,0,0,1,3,20.1,232.4,0,0,1,1,241.2,10.05,1,0.07937335241945646,2,Fence Sitters
1,0,0,0,1,1,0,2,0,0,1,0,1,0,0,1,0,85.45,85.45,1,0,3,1,85.45,21.3625,1,0.9364607118924514,1,At Risk
0,1,0,0,24,1,1,2,0,1,0,0,0,0,0,1,0,80.5,2088.45,0,1,2,0,1932.0,26.83333333333333,0,0.6784899629506108,1,At Risk
1,0,0,0,63,1,1,2,0,1,0,0,1,1,1,0,2,99.9,6137.0,1,3,4,0,6293.700000000001,19.98,0,0.350322726411703,0,Champions
1,1,0,0,35,0,0,1,0,0,1,0,1,0,0,1,0,39.85,1434.6,0,2,2,0,1394.75,13.283333333333331,0,0.5441384809586088,2,Fence Sitters
1,0,0,0,67,1,0,1,1,1,0,1,0,0,1,0,3,60.5,3870.0,0,3,4,0,4053.5,12.1,0,0.05717215224909907,0,Champions
0,0,0,0,25,1,1,2,0,0,0,0,0,1,0,1,0,84.8,2043.45,1,2,2,0,2120.0,28.266666666666666,0,0.8655477110881643,1,At Risk
0,0,0,0,21,1,1,2,1,0,1,0,1,1,0,0,1,103.85,2215.0,0,1,5,0,2180.85,17.308333333333334,0,0.7539769901586455,1,At Risk
1,0,0,0,13,1,0,1,1,1,0,1,0,1,0,0,2,67.8,842.25,0,1,5,0,881.4,11.3,0,0.16720589288112625,0,Champions
0,0,1,0,35,1,1,2,0,0,0,0,0,0,0,1,0,75.2,2576.2,1,2,1,0,2632.0,37.6,0,0.7616820058355728,1,At Risk
0,1,1,0,71,1,1,0,0,0,0,0,0,0,2,0,2,24.85,1901.0,0,3,1,0,1764.35,12.425,0,0.010212839435768166,2,Fence Sitters
1,0,0,0,29,1,0,0,0,0,0,0,0,0,0,0,3,19.35,601.6,0,2,1,0,561.1500000000001,9.675,0,0.08241581570613918,2,Fence Sitters
0,0,1,0,71,0,0,1,0,1,0,0,1,1,2,0,0,49.35,3515.25,1,3,3,0,3503.85,12.3375,0,0.11688937019082077,0,Champions
0,1,1,0,7,1,0,2,0,0,0,0,1,1,0,1,0,89.0,605.45,0,0,3,1,623.0,22.25,1,0.8114677495513919,1,At Risk
1,1,0,0,57,0,0,1,0,1,1,0,1,1,0,1,0,55.0,3094.05,0,3,4,0,3135.0,11.0,0,0.4750888045848253,0,Champions
0,0,1,0,65,1,1,1,1,0,1,1,0,1,2,0,2,76.15,4929.55,0,3,5,0,4949.75,12.691666666666668,0,0.016308569769287563,0,Champions
0,0,0,0,27,1,0,0,0,0,0,0,0,0,1,0,1,20.3,595.05,0,2,1,0,548.1,10.15,0,0.04365709485949775,2,Fence Sitters
0,0,0,0,6,1,1,2,0,0,0,0,0,0,0,1,0,74.9,469.8,1,0,1,1,449.4,37.45,1,0.8564076122957646,1,At Risk
1,1,0,0,72,1,1,2,1,1,1,1,1,1,2,1,3,117.35,8436.25,0,3,7,0,8449.199999999999,14.66875,0,0.02879791977578895,0,Champions
0,0,0,0,1,1,0,0,0,0,0,0,0,0,0,1,1,19.75,19.75,0,0,1,1,19.75,9.875,1,0.6420904238726443,1,At Risk
0,0,0,0,11,1,0,1,0,0,0,0,0,0,0,0,3,45.2,492.0,0,0,1,1,497.2000000000001,22.6,1,0.4447451344256641,1,At Risk
0,0,1,1,39,1,1,0,0,0,0,0,0,0,2,0,1,25.2,987.95,0,2,1,0,982.8,12.6,0,0.024671915111380276,2,Fence Sitters
1,1,0,0,59,1,1,2,1,1,1,0,0,0,0,1,0,89.75,5496.9,0,3,4,0,5295.25,17.95,0,0.24518437207255703,0,Champions
0,0,0,0,26,1,0,1,1,0,0,1,1,1,1,0,2,75.0,1908.35,0,2,5,0,1950.0,12.5,0,0.06882874413166203,0,Champions
0,1,0,0,2,1,0,1,0,0,1,0,0,0,0,0,1,49.95,107.1,0,0,2,1,99.9,16.650000000000002,1,0.7513263515765123,1,At Risk
1,0,1,1,72,0,0,1,1,1,1,1,1,1,2,0,2,65.7,4575.35,0,3,6,0,4730.400000000001,9.385714285714286,0,0.010982585348024642,0,Champions
0,0,1,0,65,1,1,1,1,1,1,0,0,0,1,0,3,67.05,4309.55,0,3,4,0,4358.25,13.41,0,0.07398936082984095,0,Champions
0,0,1,1,72,1,1,2,0,1,1,1,1,1,2,0,3,110.9,7922.75,0,3,6,0,7984.8,15.842857142857143,0,0.050825293075370925,0,Champions
0,0,0,0,6,1,1,2,0,0,0,1,0,1,0,1,2,87.95,522.35,0,0,3,1,527.7,21.9875,1,0.6235631901566486,1,At Risk
0,1,0,0,32,1,0,0,0,0,0,0,0,0,1,0,3,19.8,587.7,0,2,1,0,633.6,9.9,0,0.028573622355939864,2,Fence Sitters
1,0,1,0,50,1,1,1,0,0,1,0,1,1,1,0,2,75.7,3876.2,0,3,4,0,3785.0,15.14,0,0.14568505571929607,0,Champions
0,0,1,0,61,0,0,1,1,0,1,1,1,1,2,1,1,62.15,3778.85,0,3,5,0,3791.15,10.358333333333333,0,0.017594401368304948,0,Champions
1,0,0,0,15,1,0,2,0,1,1,0,1,1,0,1,0,101.25,1457.25,1,1,5,0,1518.75,16.875,0,0.7344793510074176,1,At Risk
0,0,1,0,72,1,1,2,1,1,1,1,1,1,2,0,2,115.15,8349.45,0,3,7,0,8290.800000000001,14.39375,0,0.027450195256857685,0,Champions
0,0,0,0,9,1,0,0,0,0,0,0,0,0,0,1,1,18.95,185.6,1,0,1,1,170.54999999999998,9.475,1,0.14327809036286585,2,Fence Sitters
1,0,0,0,1,1,0,0,0,0,0,0,0,0,0,0,1,19.5,19.5,0,0,1,1,19.5,9.75,1,0.5585409147390626,1,At Risk
1,0,0,0,12,1,1,2,0,0,0,0,0,1,0,1,0,86.55,1066.9,0,0,2,1,1038.6,28.85,1,0.8792540306095042,1,At Risk
1,0,0,0,37,0,0,1,0,0,0,1,0,0,0,0,3,28.6,973.55,1,2,1,0,1058.2,14.3,0,0.4097218242735201,2,Fence Sitters
0,0,1,1,61,1,0,0,0,0,0,0,0,0,1,0,1,20.4,1226.45,0,3,1,0,1244.4,10.2,0,0.019211459342705944,2,Fence Sitters
0,0,1,1,18,1,0,0,0,0,0,0,0,0,1,0,2,19.8,342.3,0,1,1,0,356.40000000000003,9.9,0,0.05056587558761855,2,Fence Sitters
0,0,0,1,21,1,0,1,0,0,0,0,0,0,0,0,1,45.65,985.05,0,1,1,0,958.65,22.825,0,0.32055231155238895,2,Fence Sitters
0,0,1,1,68,0,0,1,1,1,1,1,0,1,2,1,1,56.4,3948.45,0,3,5,0,3835.2,9.4,0,0.019209248327688694,0,Champions
0,1,0,0,12,1,1,2,0,0,0,0,0,0,0,1,3,73.3,828.05,0,0,1,1,879.5999999999999,36.65,1,0.4423139566354603,1,At Risk
1,1,0,0,2,0,0,1,0,0,0,0,0,0,0,0,0,24.35,41.85,1,0,0,1,48.7,24.35,1,0.8303623037544607,1,At Risk
1,0,1,0,62,1,1,2,0,0,1,0,1,1,0,1,0,101.35,6164.7,0,3,4,0,6283.7,20.27,0,0.5288242341259715,0,Champions
1,1,0,0,29,1,1,2,0,0,0,1,1,1,0,0,0,98.65,2862.75,1,2,4,0,2860.8500000000004,19.73,0,0.65280016705224,1,At Risk
0,0,0,1,1,0,0,1,0,1,0,1,0,0,0,0,1,33.6,33.6,0,0,2,1,33.6,11.2,1,0.48872159678715116,1,At Risk
0,1,1,0,5,1,1,2,0,0,1,0,0,0,0,1,2,79.9,343.95,1,0,2,1,399.5,26.633333333333336,1,0.7483075476188857,1,At Risk
1,0,0,0,1,1,0,0,0,0,0,0,0,0,0,0,0,20.7,20.7,0,0,1,1,20.7,10.35,1,0.6781366876975733,1,At Risk
0,0,0,1,62,1,1,2,0,0,1,1,1,1,2,1,0,104.05,6590.5,0,3,5,0,6451.099999999999,17.341666666666665,0,0.25981113564664665,0,Champions
1,0,1,1,36,1,0,0,0,0,0,0,0,0,2,0,2,20.25,717.95,0,2,1,0,729.0,10.125,0,0.013612382030730666,2,Fence Sitters
1,1,0,0,28,1,1,2,0,0,1,1,1,1,0,1,0,103.3,2890.65,1,2,5,0,2892.4,17.216666666666665,0,0.5457027817382537,0,Champions
1,0,1,1,69,1,1,1,1,1,0,1,1,0,1,0,3,73.7,4885.85,0,3,5,0,5085.3,12.283333333333331,0,0.08501289150059414,0,Champions
1,0,1,0,11,1,1,2,1,0,0,1,1,0,0,1,3,96.2,1222.05,1,0,4,1,1058.2,19.24,1,0.691984810780468,1,At Risk
1,0,1,0,63,1,1,2,0,1,1,1,1,1,0,1,0,108.75,6871.7,0,3,6,0,6851.25,15.535714285714286,0,0.39563453978456403,0,Champions
0,0,0,0,23,1,0,0,0,0,0,0,0,0,1,0,2,20.15,405.6,0,1,1,0,463.45,10.075,0,0.04302228529436641,2,Fence Sitters
0,0,0,0,10,1,0,0,0,0,0,0,0,0,0,0,3,19.75,208.25,0,0,1,1,197.5,9.875,1,0.14716407119624889,2,Fence Sitters
1,0,1,0,71,1,1,0,0,0,0,0,0,0,2,1,3,25.95,1801.9,0,3,1,0,1842.45,12.975,0,0.008315050724556676,2,Fence Sitters
1,1,0,0,45,1,1,1,1,0,0,1,0,1,0,1,0,70.05,3062.45,0,2,4,0,3152.25,14.01,0,0.1567386764813444,0,Champions
1,0,1,1,70,1,1,0,0,0,0,0,0,0,2,0,1,24.05,1764.75,0,3,1,0,1683.5,12.025,0,0.008580821381808428,2,Fence Sitters
1,0,0,1,22,1,1,2,0,0,0,0,0,1,0,1,0,84.75,1816.75,0,1,2,0,1864.5,28.25,0,0.6648077599381756,1,At Risk
1,0,1,1,52,1,1,0,0,0,0,0,0,0,2,0,1,23.05,1255.1,0,3,1,0,1198.6,11.525,0,0.011977153318927805,2,Fence Sitters
0,0,1,0,55,1,1,2,0,0,1,1,1,1,1,1,0,104.15,5743.05,1,3,5,0,5728.25,17.358333333333334,0,0.5905808721813356,0,Champions
1,0,0,0,65,0,0,1,1,0,1,1,1,1,2,0,3,59.95,3921.1,0,3,5,0,3896.75,9.991666666666667,0,0.01886671924674546,0,Champions
1,0,1,1,72,1,0,0,0,0,0,0,0,0,2,0,2,19.55,1463.45,0,3,1,0,1407.6,9.775,0,0.006220373949701979,2,Fence Sitters
0,0,1,0,10,1,0,0,0,0,0,0,0,0,1,0,2,19.6,189.45,0,0,1,1,196.0,9.8,0,0.06653580792502214,2,Fence Sitters
1,0,0,1,7,1,0,0,0,0,0,0,0,0,1,0,1,20.05,96.8,0,0,1,1,140.35,10.025,0,0.047570548775184615,2,Fence Sitters
0,1,0,0,5,1,0,2,0,1,0,0,0,1,0,1,0,85.55,408.5,0,0,3,1,427.75,21.3875,1,0.8154473984067886,1,At Risk
1,0,1,1,24,1,1,1,1,0,1,0,1,1,2,0,3,78.6,1846.65,0,1,5,0,1886.4,13.1,0,0.017761075082258306,0,Champions
1,0,1,1,72,1,1,2,1,1,1,1,1,1,2,1,3,116.8,8456.75,0,3,7,0,8409.6,14.6,0,0.010115492503467629,0,Champions
0,0,0,0,21,0,0,1,1,0,0,1,1,0,0,1,1,43.55,1011.5,0,1,3,0,914.55,10.8875,0,0.2833058958928053,2,Fence Sitters
0,0,1,0,69,0,0,1,0,1,1,1,1,1,1,1,3,60.8,4263.4,0,3,5,0,4195.2,10.133333333333333,0,0.049108939075935686,0,Champions
0,0,1,1,44,1,0,1,0,1,0,1,0,0,0,1,2,54.9,2549.1,0,2,3,0,2415.6,13.725,0,0.11483669236455543,2,Fence Sitters
1,1,1,1,61,1,1,1,0,0,1,0,1,0,1,1,0,65.2,3965.05,0,3,3,0,3977.2,16.3,0,0.0659437210518564,0,Champions
0,1,0,0,24,1,1,2,0,1,1,0,1,1,0,1,3,102.95,2496.7,1,1,5,0,2470.8,17.158333333333335,0,0.6976042796754277,1,At Risk
1,0,0,0,1,1,0,2,0,0,0,0,1,1,0,0,0,90.6,90.6,1,0,3,1,90.6,22.65,1,0.9341892157023121,1,At Risk
1,0,0,0,6,1,0,1,0,0,0,1,0,0,0,1,2,50.8,288.05,1,0,2,1,304.79999999999995,16.933333333333334,1,0.49085310663017784,1,At Risk
0,0,0,0,4,1,1,2,0,1,0,0,0,1,0,1,0,90.05,368.1,1,0,3,1,360.2,22.5125,1,0.8609234844734772,1,At Risk
0,0,1,0,72,1,1,2,0,1,1,1,1,1,2,1,0,108.2,7840.6,0,3,6,0,7790.400000000001,15.457142857142856,0,0.25044432905940456,0,Champions
0,0,0,0,72,1,1,1,1,1,1,1,1,1,2,0,2,92.0,6632.75,0,3,7,0,6624.0,11.5,0,0.01538465174671403,0,Champions
0,1,1,0,14,1,1,2,0,0,0,0,0,0,0,1,0,75.1,1013.35,0,1,1,0,1051.4,37.55,0,0.7650214775797455,1,At Risk
0,0,0,0,7,1,1,0,0,0,0,0,0,0,0,1,2,25.05,152.95,0,0,1,1,175.35,12.525,1,0.3545416871837768,2,Fence Sitters
1,0,0,0,48,1,0,2,0,1,0,0,0,0,1,0,0,75.15,3772.65,0,2,2,0,3607.2,25.05,0,0.06677748173906524,2,Fence Sitters
0,0,1,1,55,1,0,0,0,0,0,0,0,0,1,0,1,19.5,1026.35,0,3,1,0,1072.5,9.75,0,0.03548256836527783,2,Fence Sitters
0,0,0,0,1,1,0,0,0,0,0,0,0,0,0,0,3,19.3,19.3,0,0,1,1,19.3,9.65,1,0.31549427763803417,2,Fence Sitters
0,0,0,0,45,1,0,2,1,1,1,1,1,1,1,0,3,112.2,5031.85,0,2,7,0,5049.0,14.025,0,0.3674545438344687,0,Champions
0,0,0,0,3,1,0,2,0,0,0,0,0,0,0,1,1,70.3,220.4,0,0,1,1,210.9,35.15,1,0.8306035452244183,1,At Risk
1,0,1,0,71,1,0,0,0,0,0,0,0,0,2,0,1,19.6,1416.5,0,3,1,0,1391.6,9.8,0,0.007716602605173108,2,Fence Sitters
0,0,1,0,8,1,0,0,0,0,0,0,0,0,0,0,1,20.25,158.35,0,0,1,1,162.0,10.125,1,0.2870958057475871,2,Fence Sitters
1,0,1,0,3,1,1,2,0,0,0,0,0,0,0,1,0,75.85,256.6,1,0,1,1,227.55,37.925,1,0.8531783764062182,1,At Risk
0,0,1,1,69,1,0,1,1,1,0,1,1,1,2,0,2,80.65,5542.55,0,3,6,0,5564.85,11.521428571428572,0,0.02500303583206845,0,Champions
0,0,1,1,1,1,0,2,0,0,0,0,0,0,0,1,0,68.5,68.5,1,0,1,1,68.5,34.25,1,0.8901045220213735,1,At Risk
1,1,1,0,72,1,1,2,1,1,1,1,1,1,2,1,3,115.75,8443.7,0,3,7,0,8334.0,14.46875,0,0.018698006772481224,0,Champions
0,0,0,0,11,1,0,2,1,0,0,0,0,0,0,1,0,73.5,791.75,1,0,2,1,808.5,24.5,1,0.6504594815805324,1,At Risk
0,0,0,0,71,1,1,1,1,1,1,1,0,1,2,0,2,80.6,5708.2,0,3,6,0,5722.599999999999,11.514285714285714,0,0.009786771086846799,0,Champions
1,0,0,0,1,1,0,2,0,0,0,0,0,0,0,1,1,69.95,69.95,1,0,1,1,69.95,34.975,1,0.9109737395287545,1,At Risk
1,0,1,0,33,0,0,1,1,0,1,1,1,1,2,0,2,59.55,2016.3,0,2,5,0,1965.15,9.925,0,0.018215602128385067,0,Champions
1,0,0,0,16,1,0,0,0,0,0,0,0,0,1,0,1,19.05,326.65,0,1,1,0,304.8,9.525,0,0.035092697705499984,2,Fence Sitters
1,1,1,0,56,1,1,2,1,1,1,1,0,0,1,0,0,95.65,5471.75,0,3,5,0,5356.400000000001,15.941666666666668,0,0.170408240351331,0,Champions
1,0,0,0,1,1,0,0,0,0,0,0,0,0,0,0,3,19.95,19.95,0,0,1,1,19.95,9.975,1,0.4018432395061549,2,Fence Sitters
0,0,0,0,5,1,0,1,0,0,1,0,1,1,0,1,0,70.05,346.4,1,0,4,1,350.25,14.01,1,0.715607624151965,1,At Risk
0,0,1,1,57,1,0,0,0,0,0,0,0,0,1,0,1,19.4,1061.6,0,3,1,0,1105.8,9.7,0,0.036163953867061054,2,Fence Sitters
0,0,1,1,56,0,0,1,0,1,1,0,0,0,1,1,3,36.1,1971.5,0,3,2,0,2021.6,12.033333333333331,0,0.05678050504850096,2,Fence Sitters
0,0,0,0,8,1,1,2,0,1,1,0,1,0,0,1,0,94.0,773.65,1,0,4,1,752.0,18.8,1,0.8495423988419892,1,At Risk
1,0,1,1,22,1,0,1,1,1,1,0,0,0,0,0,1,61.15,1422.05,1,1,4,0,1345.3,12.23,0,0.09267641573876816,0,Champions
1,0,0,0,1,1,0,0,0,0,0,0,0,0,0,0,1,19.75,19.75,0,0,1,1,19.75,9.875,1,0.6258745431276408,1,At Risk
1,0,0,1,40,1,0,1,1,0,0,1,1,0,0,1,3,64.1,2460.35,0,2,4,0,2564.0,12.82,0,0.09142505760692596,0,Champions
0,0,1,1,46,1,0,0,0,0,0,0,0,0,2,0,3,19.75,856.5,0,2,1,0,908.5,9.875,0,0.012257296124258465,2,Fence Sitters
0,0,1,1,63,1,0,0,0,0,0,0,0,0,2,0,1,19.7,1275.85,0,3,1,0,1241.1,9.85,0,0.009958509789629994,2,Fence Sitters
0,0,1,1,68,1,1,2,1,1,1,0,1,1,2,1,0,110.2,7467.5,0,3,6,0,7493.6,15.742857142857144,0,0.09240198689619268,0,Champions
0,0,1,1,69,1,0,2,1,1,0,1,1,1,2,1,3,106.35,7261.75,0,3,6,0,7338.15,15.19285714285714,0,0.07217511629740404,0,Champions
1,0,1,0,56,1,1,2,0,1,1,1,0,0,0,0,0,90.55,5116.6,0,3,4,0,5070.8,18.11,0,0.30805029845264265,0,Champions
1,0,1,1,10,1,0,1,0,1,1,0,0,1,1,1,1,65.9,660.05,0,0,4,1,659.0,13.18,0,0.05410617480654689,0,Champions
0,0,0,0,63,1,1,2,1,1,1,1,1,0,1,0,3,104.5,6590.8,0,3,6,0,6583.5,14.928571428571429,0,0.2783818270234955,0,Champions
1,0,1,1,24,0,0,1,1,1,1,1,0,1,2,1,1,52.5,1208.15,0,1,5,0,1260.0,8.75,0,0.0248437407365777,0,Champions
1,0,0,0,19,1,1,1,0,0,1,0,0,0,0,1,1,56.1,1033.9,0,1,2,0,1065.9,18.7,0,0.504727271592184,1,At Risk
0,0,1,1,22,1,1,2,0,0,1,0,1,0,0,1,0,88.75,1885.15,0,1,3,0,1952.5,22.1875,0,0.45395477723825717,1,At Risk
0,0,1,0,29,1,1,2,1,1,0,0,0,0,0,1,0,84.45,2467.1,1,2,3,0,2449.05,21.1125,0,0.4627147023920026,1,At Risk
0,0,1,0,13,1,1,1,0,0,1,0,1,1,1,1,1,75.3,989.45,1,1,4,0,978.9,15.06,0,0.44839782376769943,1,At Risk
1,0,1,0,70,1,1,0,0,0,0,0,0,0,2,1,2,26.0,2006.95,0,3,1,0,1820.0,13.0,0,0.015747341737312504,2,Fence Sitters
1,0,1,0,49,1,0,2,0,1,1,0,1,1,0,0,0,99.4,5025.0,0,3,5,0,4870.6,16.566666666666666,0,0.6365133588482218,0,Champions
1,1,1,0,43,1,1,2,1,0,1,1,1,1,1,1,1,109.55,4830.25,1,2,6,0,4710.65,15.65,0,0.3849227336959035,0,Champions
1,0,0,0,3,1,0,0,0,0,0,0,0,0,0,1,1,19.6,59.75,1,0,1,1,58.8,9.8,1,0.3066689562024546,2,Fence Sitters
0,0,1,1,42,1,0,1,0,0,1,1,1,1,1,0,0,73.15,3088.25,0,2,5,0,3072.3,12.191666666666668,0,0.10171627216030099,0,Champions
0,0,0,0,57,1,0,1,0,1,0,1,0,0,1,1,1,54.65,3134.7,0,3,3,0,3115.05,13.6625,0,0.12166870487065432,0,Champions
0,1,0,0,2,1,0,1,1,0,1,0,1,0,0,0,2,66.4,94.55,1,0,4,1,132.8,13.28,1,0.5109497319823678,1,At Risk
1,0,1,0,72,1,1,2,1,1,1,1,1,1,2,1,3,115.55,8312.4,0,3,7,0,8319.6,14.44375,0,0.01667662512697179,0,Champions
1,1,0,0,46,1,1,2,0,1,1,0,1,1,0,1,0,104.45,4863.85,0,2,5,0,4804.7,17.408333333333335,0,0.5768192217292181,0,Champions
0,1,1,0,66,1,1,2,0,0,0,1,1,1,0,1,3,100.05,6871.9,1,3,4,0,6603.3,20.01,0,0.365121236817626,0,Champions
0,0,0,0,62,1,1,2,1,1,0,1,0,1,1,0,0,102.0,6529.25,1,3,5,0,6324.0,17.0,0,0.19071211140974223,0,Champions
1,0,1,0,72,1,1,1,1,1,1,1,1,1,2,1,2,91.15,6637.9,0,3,7,0,6562.8,11.39375,0,0.010551406709782388,0,Champions
0,0,1,1,35,1,0,2,0,1,0,1,1,0,1,1,0,89.7,3165.6,0,2,4,0,3139.5,17.94,0,0.06068405605388721,0,Champions
0,0,1,0,17,1,1,2,1,1,1,0,0,0,0,0,3,90.2,1454.15,1,1,4,0,1533.4,18.04,0,0.3070326406484891,0,Champions
1,0,1,0,72,1,1,1,1,1,1,1,1,1,2,1,0,92.4,6786.1,0,3,7,0,6652.8,11.55,0,0.028189545071241558,0,Champions
1,0,1,1,28,1,0,0,0,0,0,0,0,0,1,0,1,19.9,543.0,0,2,1,0,557.1999999999999,9.95,0,0.030549353701408835,2,Fence Sitters
0,0,1,0,56,1,1,0,0,0,0,0,0,0,2,1,3,25.15,1327.15,1,3,1,0,1408.4,12.575,0,0.01814367661590283,2,Fence Sitters
1,0,0,0,31,1,1,2,0,0,0,1,0,0,0,1,3,79.85,2404.15,1,2,2,0,2475.35,26.616666666666664,0,0.38998367347886326,1,At Risk
0,0,0,0,45,1,0,0,0,0,0,0,0,0,1,0,2,18.85,867.3,0,2,1,0,848.2500000000001,9.425,0,0.0212898828002792,2,Fence Sitters
1,0,0,0,1,1,1,0,0,0,0,0,0,0,0,1,1,25.75,25.75,0,0,1,1,25.75,12.875,1,0.5970180214434173,1,At Risk
1,0,0,0,2,1,0,1,0,1,0,0,0,0,0,1,1,49.6,114.7,1,0,2,1,99.2,16.533333333333335,1,0.4880912216085602,1,At Risk
1,0,0,0,6,1,0,0,0,0,0,0,0,0,0,1,1,20.95,109.5,0,0,1,1,125.7,10.475,1,0.23988848323153397,2,Fence Sitters
1,0,1,0,48,1,0,2,0,1,1,0,1,1,1,1,0,97.05,4692.95,0,2,5,0,4658.4,16.175,0,0.21688068355913823,0,Champions
0,0,1,1,25,1,1,0,0,0,0,0,0,0,0,1,2,25.4,546.85,0,2,1,0,635.0,12.7,0,0.12492335281340798,2,Fence Sitters
0,0,1,1,64,1,0,0,0,0,0,0,0,0,2,1,2,19.7,1274.05,0,3,1,0,1260.8,9.85,0,0.008757700531673414,2,Fence Sitters
0,0,0,0,50,0,0,1,1,1,0,0,0,0,0,1,1,35.0,1782.4,0,3,2,0,1750.0,11.666666666666666,0,0.3972289951346398,2,Fence Sitters
1,0,1,1,52,1,1,2,0,0,1,0,1,1,1,0,2,101.25,5301.1,0,3,4,0,5265.0,20.25,0,0.13937304806606357,0,Champions
0,1,1,0,4,1,0,2,0,0,0,0,0,0,0,1,0,70.2,280.35,0,0,1,1,280.8,35.1,1,0.7348686932085695,1,At Risk
1,1,0,0,32,1,0,2,0,0,0,0,1,1,0,0,0,90.95,2897.95,0,2,3,0,2910.4,22.7375,0,0.7534405388448032,1,At Risk
0,0,1,1,45,1,1,1,1,1,0,1,1,0,2,0,3,73.85,3371.0,0,2,5,0,3323.2499999999995,12.308333333333332,0,0.015628299807015418,0,Champions
0,0,1,0,9,1,1,2,1,0,0,0,0,1,0,1,0,88.05,801.3,0,0,3,1,792.4499999999999,22.0125,1,0.4064010159202078,1,At Risk
1,1,1,0,66,1,1,2,0,0,1,1,1,1,1,1,3,105.95,6975.25,1,3,5,0,6992.7,17.658333333333335,0,0.41685384947498694,0,Champions
0,0,0,1,3,1,1,2,0,0,1,0,0,1,0,0,0,91.85,257.05,1,0,3,1,275.54999999999995,22.9625,1,0.8329126896580836,1,At Risk
1,0,0,0,54,1,0,0,0,0,0,0,0,0,2,0,1,20.1,1079.45,0,3,1,0,1085.4,10.05,0,0.02263736858163641,2,Fence Sitters
1,0,1,1,1,0,0,1,0,0,0,1,1,0,0,0,0,40.1,40.1,1,0,2,1,40.1,13.366666666666667,1,0.522843925137766,1,At Risk
1,0,1,1,64,1,1,2,1,1,0,1,1,1,2,0,2,110.3,6997.3,0,3,6,0,7059.2,15.757142857142856,0,0.08215319524955085,0,Champions
1,1,0,0,31,1,1,2,0,0,0,0,0,0,0,1,0,73.9,2217.15,1,2,1,0,2290.9,36.95,0,0.5842506203919633,1,At Risk
1,0,0,0,14,1,0,2,0,0,0,0,1,1,0,1,1,89.8,1129.1,1,1,3,0,1257.2,22.45,0,0.826073195650802,1,At Risk
1,0,0,0,12,1,0,2,1,0,0,0,1,0,1,1,3,85.15,979.05,0,0,3,1,1021.8,21.2875,0,0.16204390327936502,1,At Risk
0,1,1,0,67,1,0,1,1,1,0,1,0,0,1,1,2,60.95,4119.4,0,3,4,0,4083.65,12.19,0,0.051944765445482384,0,Champions
1,0,1,1,35,1,1,1,1,0,1,1,1,0,0,0,0,72.25,2568.55,1,2,5,0,2528.75,12.041666666666666,0,0.1021825342293787,0,Champions
1,0,0,0,45,1,1,1,1,0,0,1,0,1,2,0,1,73.55,3349.1,0,2,4,0,3309.75,14.71,0,0.04093009136354653,0,Champions
0,0,0,0,10,1,0,1,0,0,0,0,0,0,0,0,1,46.0,492.1,0,0,1,1,460.0,23.0,1,0.6865973790336849,1,At Risk
1,1,0,0,29,1,1,1,1,1,0,0,0,0,0,1,2,58.55,1718.95,0,2,3,0,1697.9499999999998,14.6375,0,0.163481295970726,2,Fence Sitters
1,0,0,0,24,1,1,0,0,0,0,0,0,0,1,0,2,24.6,605.25,0,1,1,0,590.4000000000001,12.3,0,0.048643207008848714,2,Fence Sitters
0,0,1,1,66,1,0,0,0,0,0,0,0,0,2,1,1,19.75,1344.5,0,3,1,0,1303.5,9.875,0,0.009166963132178846,2,Fence Sitters
0,0,0,0,51,1,0,2,1,0,0,0,1,0,1,0,1,86.35,4267.15,0,3,3,0,4403.849999999999,21.5875,0,0.18537373042840954,0,Champions
1,0,1,0,45,1,1,0,0,0,0,0,0,0,2,0,1,25.5,1121.05,0,2,1,0,1147.5,12.75,0,0.030571226852472665,2,Fence Sitters
1,0,1,0,49,1,0,0,0,0,0,0,0,0,1,0,3,19.0,918.7,0,3,1,0,931.0,9.5,0,0.015706570912192987,2,Fence Sitters
1,0,1,0,29,1,0,0,0,0,0,0,0,0,2,1,1,19.55,521.8,0,2,1,0,566.95,9.775,0,0.013198350331169449,2,Fence Sitters
0,0,1,1,40,1,1,2,1,1,0,1,1,1,0,1,3,110.1,4469.1,0,2,6,0,4404.0,15.728571428571428,0,0.30143614029910965,0,Champions
1,1,0,0,37,1,1,2,0,0,0,0,1,1,0,1,0,96.55,3580.3,1,2,3,0,3572.35,24.1375,0,0.8432382934336158,1,At Risk
0,0,0,0,25,1,0,2,0,0,0,0,0,0,0,0,0,69.75,1729.35,0,2,1,0,1743.75,34.875,0,0.7905665461385337,1,At Risk
1,0,0,0,22,0,0,1,0,0,1,0,1,1,0,1,0,50.6,1073.3,0,1,3,0,1113.2,12.65,0,0.6465283890746942,1,At Risk
0,0,0,0,72,0,0,1,1,1,1,1,1,1,2,1,2,65.6,4566.5,0,3,6,0,4723.2,9.37142857142857,0,0.013554394057269669,0,Champions
1,0,0,0,7,0,0,1,0,1,0,0,0,1,0,1,3,40.1,293.3,1,0,2,1,280.7,13.366666666666667,1,0.3540054090337641,2,Fence Sitters
0,0,1,1,33,1,0,1,0,1,1,1,1,1,2,0,3,82.1,2603.1,0,2,6,0,2709.3,11.728571428571428,0,0.017802644906741667,0,Champions
1,0,0,0,23,1,0,2,0,1,0,1,0,0,0,1,1,79.1,1783.75,0,1,3,0,1819.3,19.775,0,0.3421416245845451,1,At Risk
0,1,0,0,24,1,1,2,0,1,0,0,1,1,0,1,0,101.25,2440.15,1,1,4,0,2430.0,20.25,0,0.816050333317625,1,At Risk
1,0,0,0,1,1,0,2,0,0,0,0,1,0,0,0,0,79.55,79.55,1,0,2,1,79.55,26.516666666666666,1,0.9547160493615837,1,At Risk
0,0,0,0,69,1,1,1,1,1,1,1,1,1,2,0,1,90.65,6322.1,0,3,7,0,6254.85,11.33125,0,0.02715142965638837,0,Champions
1,0,0,1,3,1,0,0,0,0,0,0,0,0,1,1,3,20.55,57.4,0,0,1,1,61.650000000000006,10.275,0,0.042466847216251956,2,Fence Sitters
0,0,0,0,56,1,0,1,0,1,0,1,1,1,1,1,2,75.75,4284.65,0,3,5,0,4242.0,12.625,0,0.10836043580056438,0,Champions
0,0,0,0,65,1,1,2,1,0,1,1,1,1,1,1,3,110.0,7138.65,0,3,6,0,7150.0,15.714285714285714,0,0.3391251672876896,0,Champions
0,0,1,0,71,1,0,0,0,0,0,0,0,0,1,0,0,20.85,1539.75,0,3,1,0,1480.35,10.425,0,0.028794729250402967,2,Fence Sitters
1,1,0,0,14,1,1,2,0,0,1,0,0,0,0,1,2,80.35,1058.1,0,1,2,0,1124.9,26.78333333333333,0,0.49181232220744403,1,At Risk
1,0,0,0,2,1,0,2,0,0,0,0,0,0,0,1,0,70.15,123.8,0,0,1,1,140.3,35.075,1,0.8106053308407628,1,At Risk
1,0,0,0,32,1,1,2,0,0,0,0,1,0,1,0,0,84.05,2781.85,1,2,2,0,2689.6,28.016666666666666,0,0.25670427715506833,1,At Risk
0,0,0,0,40,1,0,1,1,0,1,0,0,1,0,0,0,67.45,2731.0,0,2,4,0,2698.0,13.49,0,0.32867989586127144,0,Champions
0,0,0,0,1,1,0,0,0,0,0,0,0,0,0,0,3,20.75,20.75,0,0,1,1,20.75,10.375,1,0.34706952545808467,2,Fence Sitters
0,0,0,0,1,1,0,2,0,0,0,0,1,1,0,1,0,89.1,89.1,1,0,3,1,89.1,22.275,1,0.9337376330761186,1,At Risk
1,0,0,0,7,1,0,2,0,0,0,0,0,0,0,1,1,69.9,497.3,0,0,1,1,489.30000000000007,34.95,1,0.5742094880486066,1,At Risk
1,0,1,0,15,1,1,1,0,0,0,0,0,0,0,1,0,51.1,711.15,0,1,1,0,766.5,25.55,0,0.4710578503960417,1,At Risk
1,0,1,1,17,1,1,2,1,0,1,0,1,0,0,0,0,94.4,1607.2,1,1,4,0,1604.8000000000002,18.880000000000003,0,0.6010177180327544,1,At Risk
0,0,0,0,19,1,0,2,0,1,1,0,0,0,0,1,0,78.25,1490.95,1,1,3,0,1486.75,19.5625,0,0.7465692479957766,1,At Risk
0,0,0,0,71,1,1,0,0,0,0,0,0,0,2,0,2,25.55,1898.1,0,3,1,0,1814.05,12.775,0,0.015158984822659809,2,Fence Sitters
1,0,1,1,54,1,1,1,1,0,0,1,0,0,2,0,2,60.0,3273.95,0,3,3,0,3240.0,15.0,0,0.017373527700098347,0,Champions
0,0,1,0,31,1,1,2,1,1,0,1,0,0,0,1,3,90.55,2929.75,0,2,4,0,2807.05,18.11,0,0.11137864531417214,0,Champions
1,0,0,0,11,1,0,2,1,0,0,0,0,0,0,0,0,76.4,838.7,0,0,2,1,840.4000000000001,25.46666666666667,1,0.4340744241338886,1,At Risk
1,1,0,0,18,1,0,2,0,0,1,0,0,1,0,1,0,84.95,1443.65,0,1,3,0,1529.1,21.2375,0,0.6676721736812578,1,At Risk
1,1,0,0,72,1,1,2,1,1,0,1,1,1,2,1,2,110.1,7746.7,0,3,6,0,7927.2,15.728571428571428,0,0.0737177457956131,0,Champions
1,1,0,0,71,1,1,2,0,1,0,0,1,1,0,1,3,99.65,6951.15,0,3,4,0,7075.150000000001,19.93,0,0.36889805974625667,0,Champions
0,1,0,0,5,0,0,1,0,0,1,1,1,0,0,0,3,45.4,214.75,0,0,3,1,227.0,11.35,1,0.24780452635273656,2,Fence Sitters
0,0,1,0,38,1,1,1,0,0,1,1,0,1,1,0,3,69.0,2669.45,0,2,4,0,2622.0,13.8,0,0.08922616713653624,0,Champions
0,0,0,1,5,1,0,1,0,0,0,1,0,0,0,1,2,48.65,235.2,0,0,2,1,243.25,16.216666666666665,1,0.3160662996068445,1,At Risk
0,1,0,0,2,1,0,1,0,0,0,0,0,0,0,1,0,44.15,92.65,1,0,1,1,88.3,22.075,1,0.7621805142779872,1,At Risk
1,1,0,0,52,1,1,1,1,0,1,0,0,0,2,0,2,59.85,3103.25,0,3,3,0,3112.2000000000003,14.9625,0,0.019467303945905665,0,Champions
1,1,0,0,8,1,1,2,0,0,0,0,0,0,0,1,0,75.75,606.25,1,0,1,1,606.0,37.875,1,0.6903625698016688,1,At Risk
1,0,0,0,68,1,1,1,0,1,1,0,1,1,2,1,0,80.65,5330.2,0,3,5,0,5484.200000000001,13.441666666666668,0,0.09908608670317708,0,Champions
0,0,1,1,69,1,0,0,0,0,0,0,0,0,1,1,3,20.55,1403.1,0,3,1,0,1417.95,10.275,0,0.007991723858469134,2,Fence Sitters
1,0,1,0,42,1,1,1,1,1,0,1,0,0,0,1,3,66.4,2727.8,0,2,4,0,2788.8,13.28,0,0.10347604808547065,0,Champions
1,0,0,0,50,1,0,2,0,1,0,1,1,1,2,1,1,100.2,5038.45,0,3,5,0,5010.0,16.7,0,0.09582162394820694,0,Champions
1,0,0,0,1,1,0,0,0,0,0,0,0,0,0,1,1,19.1,19.1,1,0,1,1,19.1,9.55,1,0.37736402170479766,2,Fence Sitters
0,1,1,0,1,1,1,2,1,0,0,0,0,0,0,1,0,80.3,80.3,1,0,2,1,80.3,26.766666666666666,1,0.6109680198704678,1,At Risk
0,0,1,0,33,1,0,1,0,0,0,0,0,0,0,1,3,44.55,1462.6,0,2,1,0,1470.15,22.275,0,0.1435174316466614,2,Fence Sitters
1,0,0,0,7,1,0,0,0,0,0,0,0,0,0,0,1,20.35,150.6,0,0,1,1,142.45000000000002,10.175,1,0.26640898535218727,2,Fence Sitters
0,0,1,1,64,1,1,2,1,1,1,0,0,0,0,1,0,91.8,5960.5,0,3,4,0,5875.2,18.36,0,0.21694168238501546,0,Champions
1,0,0,0,1,1,0,2,0,0,1,0,0,0,0,1,0,74.9,74.9,1,0,2,1,74.9,24.96666666666667,1,0.8934979613491507,1,At Risk
0,0,0,0,59,1,0,0,0,0,0,0,0,0,2,1,2,20.2,1192.3,0,3,1,0,1191.8,10.1,0,0.016282416085859994,2,Fence Sitters
1,0,1,0,6,1,1,1,0,0,0,0,0,0,0,0,0,50.35,314.55,0,0,1,1,302.1,25.175,1,0.5497476258220938,1,At Risk
1,0,0,0,3,1,0,0,0,0,0,0,0,0,0,0,1,18.8,56.0,0,0,1,1,56.400000000000006,9.4,1,0.19044385237149322,2,Fence Sitters
1,0,1,0,15,1,0,0,0,0,0,0,0,0,0,0,3,20.45,330.8,0,1,1,0,306.75,10.225,0,0.12850242485100902,2,Fence Sitters
0,0,1,1,13,1,0,1,0,0,0,0,1,1,1,1,0,64.75,877.35,0,1,3,0,841.75,16.1875,0,0.20059430587542776,1,At Risk
1,0,0,0,23,1,1,2,0,1,0,0,1,1,0,1,3,98.7,2249.1,0,1,4,0,2270.1,19.74,0,0.6848897259506191,1,At Risk
0,1,1,0,31,1,1,2,1,0,0,0,1,0,0,0,0,89.45,2807.65,0,2,3,0,2772.9500000000003,22.3625,0,0.39752883955736745,1,At Risk
0,0,0,0,29,1,0,1,1,1,0,1,0,0,1,1,0,58.75,1696.2,0,2,4,0,1703.75,11.75,0,0.08877660575863852,0,Champions
1,0,1,0,49,1,0,0,0,0,0,0,0,0,1,0,3,20.7,1032.05,0,3,1,0,1014.3,10.35,0,0.021486371334833273,2,Fence Sitters
1,0,1,0,56,1,1,2,0,0,0,0,1,0,0,1,2,85.6,4902.8,0,3,2,0,4793.599999999999,28.53333333333333,0,0.6789956383975391,1,At Risk
1,0,0,0,63,1,1,1,1,1,1,1,0,1,2,1,3,80.3,4995.35,0,3,6,0,5058.9,11.471428571428572,0,0.02063700303142593,0,Champions
0,0,1,0,63,1,1,1,0,0,1,1,1,1,2,0,3,79.8,5034.05,0,3,5,0,5027.4,13.3,0,0.02297917564277942,0,Champions
0,1,1,1,24,1,1,2,1,0,0,0,0,0,0,1,0,79.85,1857.75,0,1,2,0,1916.4,26.616666666666664,0,0.20167068838834892,1,At Risk
0,1,1,0,36,1,0,1,0,0,1,1,0,0,1,0,3,54.1,1992.85,0,2,3,0,1947.6,13.525,0,0.03791934673416437,2,Fence Sitters
1,1,0,0,9,1,0,2,0,0,0,0,1,0,0,1,0,80.85,751.65,1,0,2,1,727.65,26.95,1,0.7966975207103024,1,At Risk
0,0,0,0,3,0,0,1,0,0,0,0,0,0,0,0,0,24.75,66.95,1,0,0,1,74.25,24.75,1,0.8655684956242523,1,At Risk
1,0,1,0,21,1,0,1,1,0,1,1,1,1,1,0,1,80.9,1714.95,0,1,6,0,1698.9,11.55714285714286,0,0.07114735652383487,0,Champions
0,0,1,1,13,1,1,0,0,0,0,0,0,0,1,0,2,24.5,343.6,0,1,1,0,318.5,12.25,0,0.07505566179446332,2,Fence Sitters
0,0,1,1,1,1,0,0,0,0,0,0,0,0,0,1,2,20.15,20.15,0,0,1,1,20.15,10.075,1,0.5486456446882927,1,At Risk
1,0,1,1,25,1,0,0,0,0,0,0,0,0,1,0,1,20.05,520.1,0,2,1,0,501.25,10.025,0,0.02733494383358203,2,Fence Sitters
0,0,1,1,71,1,0,0,0,0,0,0,0,0,2,1,2,19.6,1387.45,0,3,1,0,1391.6,9.8,0,0.005454852433190376,2,Fence Sitters
0,0,0,0,66,1,1,2,1,1,1,1,1,1,1,1,2,114.3,7383.7,0,3,7,0,7543.8,14.2875,0,0.31183761145702427,0,Champions
1,0,0,0,45,1,0,2,1,1,0,0,1,1,1,1,0,100.3,4483.95,0,2,5,0,4513.5,16.716666666666665,0,0.23536090926647735,0,Champions
1,0,1,0,22,1,0,2,0,0,0,0,1,0,0,1,3,80.0,1706.45,0,1,2,0,1760.0,26.666666666666668,0,0.4308235802407196,1,At Risk
1,0,1,0,67,1,0,0,0,0,0,0,0,0,1,1,2,20.85,1327.4,0,3,1,0,1396.95,10.425,0,0.021835387033022794,2,Fence Sitters
1,0,1,0,68,1,1,2,0,0,1,0,1,0,2,1,2,89.95,5974.3,0,3,3,0,6116.6,22.4875,0,0.03948222737111563,0,Champions
1,1,0,0,49,1,1,2,0,0,1,0,0,1,0,1,3,90.85,4515.85,1,3,3,0,4451.65,22.7125,0,0.441573707110012,0,Champions
1,1,0,0,4,1,1,1,0,0,0,0,0,0,0,0,1,48.75,179.85,0,0,1,1,195.0,24.375,1,0.593153634782342,1,At Risk
0,0,1,0,63,1,1,1,1,1,1,1,0,1,1,0,3,80.0,5040.2,0,3,6,0,5040.0,11.428571428571429,0,0.09871560367609171,0,Champions
1,0,1,0,2,1,0,2,0,1,1,0,0,0,0,0,2,79.7,165.0,1,0,3,1,159.4,19.925,1,0.7292710113483488,1,At Risk
0,0,0,0,21,1,0,0,0,0,0,0,0,0,1,1,1,20.35,422.7,0,1,1,0,427.35,10.175,0,0.03942083180541773,2,Fence Sitters
0,0,1,1,55,1,0,1,1,1,0,1,0,0,2,0,2,57.55,3046.4,1,3,4,0,3165.25,11.51,0,0.017206503350849736,0,Champions
0,0,0,1,1,1,0,0,0,0,0,0,0,0,0,1,1,20.25,20.25,0,0,1,1,20.25,10.125,1,0.5020810121385597,2,Fence Sitters
1,0,0,0,17,1,0,0,0,0,0,0,0,0,2,0,1,19.4,358.05,0,1,1,0,329.79999999999995,9.7,0,0.027513069964596508,2,Fence Sitters
0,0,0,0,30,1,1,2,1,0,0,0,1,1,0,1,2,100.4,2936.25,0,2,4,0,3012.0,20.08,0,0.5293126393324126,0,Champions
0,0,1,1,22,1,0,1,1,1,0,1,0,0,0,1,1,57.95,1271.8,0,1,4,0,1274.9,11.59,0,0.07399604759117052,0,Champions
1,0,0,0,9,1,0,1,0,0,0,1,1,0,0,1,2,59.5,530.05,0,0,3,1,535.5,14.875,1,0.36839749920262443,1,At Risk
0,0,1,1,1,1,0,0,0,0,0,0,0,0,0,0,1,19.2,19.2,0,0,1,1,19.2,9.6,1,0.31366776976737326,2,Fence Sitters
1,0,1,0,21,1,1,2,0,0,0,0,0,1,0,1,0,86.5,1808.7,1,1,2,0,1816.5,28.83333333333333,0,0.7397473890673535,1,At Risk
0,0,0,0,19,1,1,1,0,0,1,1,0,0,0,0,0,59.55,1144.6,0,1,3,0,1131.45,14.8875,0,0.36158401020781555,1,At Risk
1,0,1,1,69,1,1,2,0,1,1,0,1,1,0,1,0,103.95,7446.9,1,3,5,0,7172.55,17.325,0,0.6067062832101949,0,Champions
0,1,0,0,1,0,0,1,0,0,0,0,0,0,0,1,0,25.1,25.1,1,0,0,1,25.1,25.1,1,0.9055842222208095,1,At Risk
1,0,1,0,72,1,1,2,1,1,1,1,1,0,2,1,2,103.95,7556.9,0,3,6,0,7484.400000000001,14.85,0,0.021436050339914442,0,Champions
0,0,1,1,70,1,1,1,1,0,1,0,1,0,2,0,3,68.95,4858.7,0,3,4,0,4826.5,13.79,0,0.031735310517275364,0,Champions
1,0,0,0,66,1,1,2,1,1,1,1,0,1,0,1,2,103.1,6595.0,0,3,6,0,6804.599999999999,14.728571428571428,0,0.20599805791705053,0,Champions
1,0,1,1,7,0,0,1,0,0,0,0,0,0,0,1,0,24.7,149.05,0,0,0,1,172.9,24.7,1,0.29655036427582293,2,Fence Sitters
1,1,1,1,46,1,1,2,1,1,0,1,1,1,0,1,0,110.2,4972.1,0,2,6,0,5069.2,15.742857142857144,0,0.3179757027866606,0,Champions
0,0,0,0,39,0,0,1,1,1,0,1,1,0,0,1,3,48.95,1880.85,1,2,4,0,1909.05,9.79,0,0.15593607596948908,0,Champions
1,0,1,1,32,1,1,1,0,1,1,0,0,0,0,0,2,62.45,2045.55,0,2,3,0,1998.4,15.6125,0,0.17599660148378768,2,Fence Sitters
0,0,0,0,24,1,0,2,0,1,1,0,0,1,0,1,0,89.55,2187.15,0,1,4,0,2149.2,17.91,0,0.7853279260964211,1,At Risk
0,0,1,1,6,1,0,2,0,1,0,0,0,1,0,1,3,83.55,477.55,1,0,3,1,501.3,20.8875,1,0.5373970494829262,1,At Risk
1,0,0,0,37,1,1,1,1,1,1,1,1,0,0,1,3,78.9,2976.95,0,2,6,0,2919.3,11.271428571428572,0,0.09643948485541039,0,Champions
0,0,0,1,8,1,0,0,0,0,0,0,0,0,0,0,1,20.35,178.7,0,0,1,1,162.8,10.175,1,0.1285939753287954,2,Fence Sitters
1,0,1,1,72,1,1,1,1,0,1,0,1,0,2,1,2,71.45,5025.85,0,3,4,0,5144.400000000001,14.29,0,0.009330112928107563,0,Champions
0,1,1,0,71,0,0,1,1,1,1,1,0,0,2,0,3,46.35,3353.4,0,3,4,0,3290.85,9.27,0,0.008330953842118616,0,Champions
1,0,1,0,16,1,0,2,0,1,0,0,1,1,0,1,2,94.65,1461.15,0,1,4,0,1514.4,18.93,0,0.5692757966127332,1,At Risk
1,0,1,0,57,0,0,1,1,0,1,1,0,1,0,1,2,49.9,2782.4,0,3,4,0,2844.3,9.98,0,0.09694694603807302,0,Champions
0,0,0,0,66,1,1,0,0,0,0,0,0,0,1,0,2,25.45,1699.15,0,3,1,0,1679.7,12.725,0,0.0589450570220134,2,Fence Sitters
1,1,0,0,17,1,0,2,0,1,1,0,1,0,0,1,0,89.15,1496.9,1,1,4,0,1515.5500000000002,17.830000000000002,0,0.635903631303125,1,At Risk
1,0,0,1,21,1,0,0,0,0,0,0,0,0,0,0,1,20.75,452.2,0,1,1,0,435.75,10.375,0,0.07992103011741002,2,Fence Sitters
0,0,1,0,66,1,1,1,1,1,1,0,0,0,2,1,3,66.1,4428.45,0,3,4,0,4362.599999999999,13.22,0,0.019551339858104377,0,Champions
1,0,1,0,17,1,1,1,0,1,0,0,1,1,0,1,2,75.4,1322.55,0,1,4,0,1281.8000000000002,15.080000000000002,0,0.3801680223866785,1,At Risk
0,0,0,1,1,1,0,2,0,0,0,0,0,0,0,1,1,70.45,70.45,1,0,1,1,70.45,35.225,1,0.8677654835937034,1,At Risk
0,0,1,0,58,1,0,1,1,1,1,0,0,0,1,0,3,60.3,3563.8,1,3,4,0,3497.4,12.06,0,0.0911287697601494,0,Champions
1,0,1,1,8,1,0,0,0,0,0,0,0,0,0,0,3,21.05,139.75,0,0,1,1,168.4,10.525,1,0.0984276838474633,2,Fence Sitters
0,0,0,0,27,1,0,1,1,0,1,1,1,0,1,0,3,69.35,1927.3,0,2,5,0,1872.45,11.558333333333332,0,0.047025370230505924,0,Champions
0,0,1,0,34,1,1,2,0,1,0,0,0,1,0,0,1,88.85,3000.25,0,2,3,0,3020.9,22.2125,0,0.6947557615040308,1,At Risk
0,0,0,0,30,1,0,2,0,1,0,0,1,1,1,1,2,97.0,3021.3,0,2,4,0,2910.0,19.4,0,0.5248992728009984,1,At Risk
0,0,0,0,33,1,0,1,0,1,1,0,1,0,0,1,3,66.4,2245.4,0,2,4,0,2191.2000000000003,13.28,0,0.24402239430645303,0,Champions
0,0,0,1,1,0,0,1,0,0,0,0,0,0,0,0,0,24.75,24.75,1,0,0,1,24.75,24.75,1,0.7845554143193768,1,At Risk
0,0,1,1,14,1,1,1,1,1,0,0,0,1,0,0,1,69.2,944.65,0,1,4,0,968.8,13.84,0,0.08735488015204691,0,Champions
1,0,0,1,16,1,1,2,0,0,0,1,0,0,1,1,3,79.5,1264.2,0,1,2,0,1272.0,26.5,0,0.13020592563684594,2,Fence Sitters
1,0,0,0,49,1,0,2,0,0,1,1,1,1,2,0,3,100.65,4917.75,0,3,5,0,4931.85,16.775000000000002,0,0.08655829532132991,0,Champions
0,0,1,1,19,1,1,2,0,0,1,1,1,1,0,0,0,103.3,2012.7,1,1,5,0,1962.7,17.216666666666665,0,0.6394228775496306,1,At Risk
1,0,1,1,70,1,1,1,1,1,1,1,1,0,2,0,2,79.7,5743.3,0,3,6,0,5579.0,11.385714285714286,0,0.028394856771470262,0,Champions
1,0,1,1,32,1,0,1,1,1,0,1,0,0,0,0,2,61.4,1864.65,0,2,4,0,1964.8,12.28,0,0.07969584828870815,0,Champions
1,0,0,0,18,1,0,2,0,0,0,0,0,0,0,1,0,69.8,1221.65,0,1,1,0,1256.4,34.9,0,0.6089692912567022,1,At Risk
0,0,0,0,37,0,0,1,1,1,0,1,0,0,2,1,1,40.55,1390.85,0,2,3,0,1500.35,10.1375,0,0.024200455899287644,2,Fence Sitters
1,0,0,0,4,1,1,2,0,0,0,0,0,0,0,1,0,75.65,302.35,0,0,1,1,302.6,37.825,1,0.87918084029705,1,At Risk
1,0,1,0,16,1,1,2,1,1,1,0,0,0,0,0,0,90.7,1374.9,0,1,4,0,1451.2,18.14,0,0.3733068021201932,1,At Risk
0,0,1,0,17,1,1,2,0,1,0,0,0,0,0,1,2,80.5,1336.9,0,1,2,0,1368.5,26.83333333333333,0,0.6067079149443343,1,At Risk
1,0,0,1,19,1,0,1,1,1,1,0,0,0,0,1,0,60.6,1297.8,0,1,4,0,1151.4,12.12,0,0.09296692870777754,0,Champions
0,0,1,0,60,1,1,2,0,0,1,0,1,1,2,0,3,101.15,6067.4,0,3,4,0,6069.0,20.23,0,0.10116799582918158,0,Champions
0,0,1,1,51,1,1,0,0,0,0,0,0,0,2,1,1,24.95,1222.25,0,3,1,0,1272.45,12.475,0,0.01506896077547416,2,Fence Sitters
0,0,1,1,28,1,0,0,0,0,0,0,0,0,2,1,3,20.3,487.95,0,2,1,0,568.4,10.15,0,0.008808654219986783,2,Fence Sitters
0,0,0,0,43,1,0,1,0,1,0,0,0,1,2,1,0,60.0,2548.55,0,2,3,0,2580.0,15.0,0,0.07881676730843012,2,Fence Sitters
0,0,1,0,42,1,0,0,0,0,0,0,0,0,2,0,0,20.25,835.5,0,2,1,0,850.5,10.125,0,0.020839163484858633,2,Fence Sitters
0,0,0,0,3,1,0,2,0,0,0,0,1,0,0,1,0,78.5,242.05,1,0,2,1,235.5,26.166666666666668,1,0.9350130637029641,1,At Risk
1,0,0,0,1,1,0,1,0,0,0,0,0,0,0,0,1,44.75,44.75,0,0,1,1,44.75,22.375,1,0.7840310469107659,1,At Risk
1,0,0,0,3,1,0,0,0,0,0,0,0,0,0,0,1,19.85,63.75,1,0,1,1,59.55,9.925,1,0.33303207134107615,2,Fence Sitters
1,0,0,0,63,1,1,2,1,1,1,0,1,0,2,0,3,98.0,6218.45,0,3,5,0,6174.0,16.333333333333332,0,0.08036939261071686,0,Champions
0,1,0,0,3,1,0,2,0,0,0,0,1,0,0,1,0,79.9,260.9,1,0,2,1,239.7,26.633333333333336,1,0.8898304098104783,1,At Risk
0,0,1,0,68,1,1,2,1,1,0,1,1,1,0,1,0,107.7,7320.9,0,3,6,0,7323.6,15.385714285714286,0,0.31413110830322666,0,Champions
1,1,0,0,30,1,1,2,0,1,0,0,1,1,0,1,0,99.7,2967.35,1,2,4,0,2991.0,19.94,0,0.7086911526728294,1,At Risk
1,0,0,0,60,1,1,2,0,1,1,0,1,1,2,0,0,104.7,6333.8,0,3,5,0,6282.0,17.45,0,0.1317039974396831,0,Champions
0,0,0,0,15,1,1,1,0,1,0,1,0,0,0,1,3,58.6,939.7,1,1,3,0,879.0,14.65,0,0.22328104207982818,2,Fence Sitters
0,1,0,0,45,1,1,2,0,0,0,0,1,1,0,1,2,93.9,4200.25,0,2,3,0,4225.5,23.475,0,0.7441767416096918,1,At Risk
1,0,1,0,70,1,0,1,1,1,1,1,1,1,2,0,3,86.45,5950.2,0,3,7,0,6051.5,10.80625,0,0.02386710646083966,0,Champions
0,0,1,0,10,1,1,2,0,0,1,0,1,1,0,1,0,98.5,1037.75,1,0,4,1,985.0,19.7,1,0.9200520559642644,1,At Risk
0,0,0,0,4,1,0,0,0,0,0,0,0,0,0,0,1,19.4,93.4,0,0,1,1,77.6,9.7,1,0.3046606530944708,2,Fence Sitters
1,0,0,0,1,1,0,1,0,0,1,0,0,0,0,1,1,50.45,50.45,1,0,2,1,50.45,16.816666666666666,1,0.8261876340713302,1,At Risk
1,0,1,0,68,1,1,0,0,0,0,0,0,0,2,1,3,24.95,1614.9,0,3,1,0,1696.6,12.475,0,0.007923546169940605,2,Fence Sitters
0,0,1,1,22,1,0,2,1,0,0,0,0,0,0,0,2,75.0,1573.95,0,1,2,0,1650.0,25.0,0,0.3440382560897672,1,At Risk
0,0,1,1,38,1,1,2,0,1,1,0,1,0,0,1,0,94.65,3624.3,1,2,4,0,3596.7000000000003,18.93,0,0.4683150327330067,0,Champions
1,0,0,0,1,1,1,2,0,1,0,0,1,1,0,1,3,100.25,100.25,1,0,4,1,100.25,20.05,1,0.8886415454356451,1,At Risk
0,0,1,0,18,1,0,2,0,0,1,1,0,0,0,0,0,78.2,1468.75,0,1,3,0,1407.6,19.55,0,0.37404783204643427,1,At Risk
0,0,0,0,29,1,0,2,0,0,0,1,1,1,0,1,0,94.2,2607.6,0,2,4,0,2731.8,18.84,0,0.5124594257504144,1,At Risk
1,0,0,0,16,1,1,2,0,0,1,0,0,1,0,1,0,88.45,1422.1,1,1,3,0,1415.2,22.1125,0,0.7668152674539628,1,At Risk
0,0,0,0,1,1,0,2,0,0,0,0,0,0,0,1,0,69.85,69.85,1,0,1,1,69.85,34.925,1,0.9324956925473729,1,At Risk
0,0,0,0,12,1,0,2,1,0,1,0,0,0,0,0,2,81.7,858.6,1,0,3,1,980.4,20.425,1,0.49276208469625643,1,At Risk
0,0,0,0,31,0,0,1,0,0,1,0,1,1,1,1,0,50.05,1523.4,0,2,3,0,1551.55,12.5125,0,0.21375981909152417,2,Fence Sitters
0,0,0,0,4,1,0,2,0,0,0,0,0,1,0,1,0,79.9,324.3,1,0,2,1,319.6,26.633333333333336,1,0.9073574405742417,1,At Risk
1,0,1,0,48,1,1,1,0,0,1,1,0,1,1,1,1,69.55,3435.6,0,2,4,0,3338.4,13.91,0,0.07358593044895761,0,Champions
1,0,0,0,15,1,1,0,0,0,0,0,0,0,0,1,3,25.4,399.6,1,1,1,0,381.0,12.7,0,0.2216884830691094,2,Fence Sitters
0,0,0,0,50,1,0,2,1,1,1,1,0,0,1,1,3,90.1,4549.45,0,3,5,0,4505.0,15.016666666666666,0,0.106664207138104,0,Champions
0,0,0,0,7,1,0,1,0,0,0,0,0,0,0,1,2,44.65,322.5,0,0,1,1,312.55,22.325,1,0.6304998298948706,1,At Risk
0,1,1,0,41,1,1,2,1,0,1,0,0,0,0,1,2,83.75,3273.55,1,2,3,0,3433.75,20.9375,0,0.3531362250760661,0,Champions
0,0,1,1,68,1,0,2,1,0,1,0,0,0,2,0,3,80.35,5375.15,0,3,3,0,5463.799999999999,20.0875,0,0.015003900048789575,0,Champions
1,1,1,0,26,1,1,2,0,0,1,0,1,1,0,1,2,98.1,2510.7,0,2,4,0,2550.6,19.62,0,0.5982532205940754,1,At Risk
0,0,0,0,57,0,0,1,0,0,1,1,1,1,2,0,3,53.35,3090.05,0,3,4,0,3040.9500000000003,10.67,0,0.01772776686960692,0,Champions
1,0,0,0,3,1,0,0,0,0,0,0,0,0,0,0,0,19.55,61.05,0,0,1,1,58.650000000000006,9.775,1,0.3901137742950139,2,Fence Sitters
1,0,0,0,1,1,0,0,0,0,0,0,0,0,0,0,1,20.9,20.9,1,0,1,1,20.9,10.45,1,0.628841781577882,1,At Risk
0,0,1,1,19,1,0,1,1,0,0,0,0,0,1,1,2,48.95,955.6,0,1,2,0,930.05,16.316666666666666,0,0.0927835572203162,2,Fence Sitters
1,0,0,0,3,1,0,1,0,0,0,0,1,0,0,1,0,54.2,140.4,0,0,2,1,162.60000000000002,18.066666666666663,1,0.750835799747683,1,At Risk
1,0,0,0,59,1,1,0,0,0,0,0,0,0,2,0,0,24.45,1493.1,0,3,1,0,1442.55,12.225,0,0.020344868453814825,2,Fence Sitters
1,0,1,0,1,1,0,2,0,0,0,0,0,0,0,1,1,69.4,69.4,1,0,1,1,69.4,34.7,1,0.9003003032036884,1,At Risk
0,0,1,0,42,0,0,1,1,0,0,0,1,0,0,1,2,40.15,1626.05,0,2,2,0,1686.3,13.383333333333333,0,0.32436867776557393,2,Fence Sitters
1,0,0,0,7,1,1,2,0,0,0,0,0,0,0,1,0,74.9,541.15,1,0,1,1,524.3000000000001,37.45,1,0.7814622557313722,1,At Risk
0,0,1,0,67,1,1,0,0,0,0,0,0,0,2,0,3,25.6,1784.9,0,3,1,0,1715.2,12.8,0,0.010697001013984934,2,Fence Sitters
0,0,0,0,1,1,0,2,0,0,0,0,0,0,0,1,0,70.35,70.35,0,0,1,1,70.35,35.175,1,0.9210450103318375,1,At Risk
0,0,1,0,66,1,1,1,1,1,1,1,1,1,2,0,2,91.7,6075.9,0,3,7,0,6052.2,11.4625,0,0.03440323061152221,0,Champions
1,0,0,0,61,1,1,2,0,0,1,0,0,1,0,0,1,89.2,5500.6,0,3,3,0,5441.2,22.3,0,0.6771605791761848,0,Champions
0,0,1,1,4,1,1,0,0,0,0,0,0,0,1,0,3,24.1,73.1,0,0,1,1,96.4,12.05,0,0.09077101562932367,2,Fence Sitters
1,1,1,0,42,1,0,2,1,0,0,0,0,0,0,1,3,74.15,3229.4,1,2,2,0,3114.3,24.71666666666667,0,0.40527943469016287,1,At Risk
1,0,1,1,64,1,1,1,0,1,0,0,0,0,1,1,2,53.85,3399.85,0,3,2,0,3446.4,17.95,0,0.018966143324518767,2,Fence Sitters
1,1,1,0,54,1,1,2,1,1,1,1,1,1,1,1,2,115.6,6431.05,0,3,7,0,6242.4,14.45,0,0.22680403495249132,0,Champions
0,0,0,0,1,1,0,0,0,0,0,0,0,0,0,1,3,19.75,19.75,0,0,1,1,19.75,9.875,1,0.42646929826096586,2,Fence Sitters
0,0,1,1,54,1,1,0,0,0,0,0,0,0,2,1,2,24.05,1230.9,0,3,1,0,1298.7,12.025,0,0.015450039521218824,2,Fence Sitters
1,0,0,1,18,1,1,0,0,0,0,0,0,0,2,0,3,25.3,454.65,0,1,1,0,455.4,12.65,0,0.025204592846849182,2,Fence Sitters
0,0,0,0,3,1,0,2,0,1,0,0,0,1,0,0,0,84.3,235.05,0,0,3,1,252.9,21.075,1,0.8216130872346886,1,At Risk
1,0,0,0,1,1,0,2,0,0,0,0,0,0,0,1,0,70.1,70.1,1,0,1,1,70.1,35.05,1,0.9258006955645237,1,At Risk
1,0,1,1,72,1,1,1,1,1,1,1,1,1,2,0,3,89.75,6595.9,0,3,7,0,6462.0,11.21875,0,0.009310447732080642,0,Champions
0,1,1,0,60,1,0,2,0,1,1,0,1,1,1,1,0,97.95,5867.0,0,3,5,0,5877.0,16.325,0,0.37421707543443294,0,Champions
1,0,1,1,11,1,0,0,0,0,0,0,0,0,1,1,1,20.0,196.35,0,0,1,1,220.0,10.0,0,0.0541118980820934,2,Fence Sitters
1,0,0,1,12,1,1,2,1,0,0,0,0,0,0,1,0,78.3,909.25,1,0,2,1,939.6,26.1,1,0.2796073679938872,1,At Risk
0,0,1,1,61,1,0,2,0,1,1,1,1,1,1,0,3,103.9,6449.15,0,3,6,0,6337.900000000001,14.842857142857143,0,0.14214580311435224,0,Champions
1,0,0,0,39,1,0,0,0,0,0,0,0,0,2,0,3,20.7,762.45,0,2,1,0,807.3,10.35,0,0.016655604014184984,2,Fence Sitters
0,0,0,0,55,1,1,2,0,0,0,0,1,1,0,1,0,96.8,5283.95,1,3,3,0,5324.0,24.2,0,0.9332002237597575,1,At Risk
1,0,0,0,17,1,1,2,1,1,0,0,1,0,0,1,0,94.4,1617.5,1,1,4,0,1604.8000000000002,18.880000000000003,0,0.673008667010345,1,At Risk
0,0,0,0,37,1,0,0,0,0,0,0,0,0,1,0,3,20.15,785.75,0,2,1,0,745.55,10.075,0,0.034983708788175576,2,Fence Sitters
1,0,1,0,72,1,1,0,0,0,0,0,0,0,2,1,1,26.0,1776.0,0,3,1,0,1872.0,13.0,0,0.01037414307896585,2,Fence Sitters
0,1,1,0,72,1,1,1,0,1,1,1,1,0,2,0,3,77.35,5396.25,0,3,5,0,5569.2,12.891666666666666,0,0.01956540245396343,0,Champions
1,0,0,0,8,1,0,1,1,0,0,1,0,1,0,0,2,66.05,574.5,0,0,4,1,528.4,13.21,1,0.1678096617304672,1,At Risk
1,0,1,1,22,1,0,0,0,0,0,0,0,0,0,0,1,19.9,400.3,0,1,1,0,437.8,9.95,0,0.08354734771833218,2,Fence Sitters
1,0,0,0,1,1,0,2,0,1,0,0,1,0,0,0,0,84.3,84.3,1,0,3,1,84.3,21.075,1,0.8752283775252022,1,At Risk
1,0,0,0,38,1,1,1,0,1,0,1,0,1,0,0,3,68.15,2656.3,0,2,4,0,2589.7000000000003,13.63,0,0.14705062893878723,0,Champions
0,0,0,1,17,1,0,1,0,1,1,1,1,1,1,0,0,80.85,1445.95,0,1,6,0,1374.4499999999998,11.55,0,0.11695104288792349,0,Champions
1,1,0,0,70,1,1,1,0,1,1,1,1,0,2,1,2,75.5,5212.65,0,3,5,0,5285.0,12.583333333333334,0,0.042045500484447794,0,Champions
1,1,1,1,72,1,1,1,1,1,1,1,1,1,2,0,3,92.45,6440.25,1,3,7,0,6656.400000000001,11.55625,0,0.031033589332510304,0,Champions
1,0,0,0,28,1,0,2,0,0,0,0,0,1,0,1,0,80.6,2244.95,0,2,2,0,2256.8,26.866666666666664,0,0.7460713145959806,1,At Risk
1,0,0,0,15,1,0,2,0,1,0,0,1,0,0,1,2,83.2,1130.0,0,1,3,0,1248.0,20.8,0,0.6661088844117342,1,At Risk
0,0,1,1,72,1,1,1,1,1,1,1,1,1,2,1,2,87.55,6463.15,0,3,7,0,6303.599999999999,10.94375,0,0.007626110048832517,0,Champions
1,1,1,0,11,1,1,2,0,0,1,0,1,1,0,1,0,99.55,1131.2,1,0,4,1,1095.05,19.91,1,0.8727834113172741,1,At Risk
0,1,0,0,8,1,1,2,0,0,1,0,0,0,0,1,0,81.25,585.95,1,0,2,1,650.0,27.08333333333333,1,0.7885715379274301,1,At Risk
1,0,1,0,57,1,1,2,0,1,1,1,1,1,1,1,2,109.4,6252.7,0,3,6,0,6235.8,15.62857142857143,0,0.2503732233293779,0,Champions
0,0,1,1,1,1,0,0,0,0,0,0,0,0,0,0,2,19.95,19.95,1,0,1,1,19.95,9.975,1,0.579719410419098,1,At Risk
1,0,1,0,46,0,0,1,1,1,0,0,1,0,0,0,0,45.55,2062.15,0,2,3,0,2095.3,11.3875,0,0.27662796436550446,2,Fence Sitters
0,0,1,0,30,1,0,0,0,0,0,0,0,0,1,0,3,20.7,587.1,0,2,1,0,621.0,10.35,0,0.028067947016983837,2,Fence Sitters
0,1,1,0,10,1,0,2,1,0,0,0,0,0,0,0,0,75.3,720.45,0,0,2,1,753.0,25.1,1,0.5087014170007632,1,At Risk
0,0,1,0,23,1,1,2,1,1,1,0,1,0,0,1,0,99.25,2186.4,1,1,5,0,2282.75,16.541666666666668,0,0.7678827300564014,1,At Risk
0,0,0,0,32,1,0,2,1,1,1,0,0,1,0,1,3,93.4,2979.3,0,2,5,0,2988.8,15.566666666666668,0,0.28924948488417357,0,Champions
0,0,0,0,13,1,0,2,1,0,0,0,0,0,0,1,3,73.75,956.65,0,1,2,0,958.75,24.58333333333333,0,0.4891155812461973,1,At Risk
1,0,0,0,39,1,0,2,0,0,1,1,0,0,2,1,0,80.45,3201.55,1,2,3,0,3137.55,20.1125,0,0.060536859512847076,0,Champions
1,0,0,0,44,1,0,2,0,1,1,0,1,0,0,1,3,88.15,3973.2,0,2,4,0,3878.6,17.630000000000003,0,0.41806890696662974,0,Champions
0,1,0,0,9,1,0,1,0,0,0,1,0,0,0,0,1,49.2,447.9,0,0,2,1,442.8,16.400000000000002,1,0.3591829449100719,1,At Risk
1,0,1,0,67,1,0,0,0,0,0,0,0,0,2,0,1,19.65,1335.2,0,3,1,0,1316.55,9.825,0,0.011504222118931642,2,Fence Sitters
0,0,1,1,9,1,1,2,0,0,1,0,0,0,0,1,2,79.35,661.25,1,0,2,1,714.15,26.45,1,0.6042501014653131,1,At Risk
1,0,0,0,15,1,1,2,0,1,0,0,0,0,0,1,0,79.75,1111.85,1,1,2,0,1196.25,26.58333333333333,0,0.6935929849157408,1,At Risk
1,0,1,0,71,1,1,2,0,1,1,0,1,1,2,1,2,105.15,7555.0,0,3,5,0,7465.650000000001,17.525000000000002,0,0.13249582765234647,0,Champions
0,0,0,0,1,1,0,1,0,0,0,1,0,0,0,0,3,49.0,49.0,0,0,2,1,49.0,16.333333333333332,1,0.3730025811627791,1,At Risk
1,0,1,1,30,1,1,2,0,0,1,0,1,1,0,1,0,100.05,3046.15,1,2,4,0,3001.5,20.01,0,0.6657045791218902,1,At Risk
0,0,0,0,1,1,0,2,0,0,0,0,0,0,0,1,0,69.35,69.35,1,0,1,1,69.35,34.675,1,0.9340827549117731,1,At Risk
0,0,1,0,17,0,0,1,0,1,0,0,1,1,0,1,1,49.8,836.35,0,1,3,0,846.5999999999999,12.45,0,0.576951840838425,1,At Risk
1,0,0,0,3,1,0,2,0,0,0,1,0,1,0,0,0,85.8,272.2,1,0,3,1,257.4,21.45,1,0.7340725917751693,1,At Risk
0,0,1,1,67,1,1,1,1,0,1,0,1,1,2,1,0,79.7,5293.4,1,3,5,0,5339.900000000001,13.283333333333331,0,0.07231361540309177,0,Champions
0,0,0,0,1,1,0,0,0,0,0,0,0,0,0,0,2,20.95,20.95,0,0,1,1,20.95,10.475,1,0.46119060375961235,2,Fence Sitters
1,1,0,0,1,1,1,1,0,0,0,0,0,0,0,0,1,50.55,50.55,1,0,1,1,50.55,25.275,1,0.8056091176272868,1,At Risk
1,1,1,0,32,1,1,2,0,0,1,0,0,0,0,0,1,79.3,2570.0,0,2,2,0,2537.6,26.433333333333334,0,0.4299586873697448,1,At Risk
0,0,1,1,41,1,0,0,0,0,0,0,0,0,1,0,2,19.5,798.2,0,2,1,0,799.5,9.75,0,0.030263824188027158,2,Fence Sitters
0,0,1,0,1,1,0,2,0,0,0,0,1,0,0,1,0,80.55,80.55,1,0,2,1,80.55,26.85,1,0.9080923006434616,1,At Risk
1,0,0,0,1,1,0,1,0,0,0,0,0,0,0,0,2,44.15,44.15,0,0,1,1,44.15,22.075,1,0.6642743486707594,1,At Risk
1,0,1,1,12,1,1,2,0,1,1,0,0,0,0,1,0,84.5,916.9,1,0,3,1,1014.0,21.125,1,0.6531823533048037,1,At Risk
0,0,1,1,62,1,1,2,1,1,0,0,1,1,0,1,0,105.5,6487.2,0,3,5,0,6541.0,17.583333333333332,0,0.27625950736858546,0,Champions
1,0,0,0,22,1,0,2,0,1,0,0,0,1,0,1,1,84.3,1855.65,1,1,3,0,1854.6,21.075,0,0.7306041486387742,1,At Risk
1,0,0,1,17,1,1,2,0,1,1,1,0,0,0,1,3,92.7,1556.85,0,1,4,0,1575.9,18.54,0,0.5480929631823103,1,At Risk
1,0,1,1,72,1,1,0,0,0,0,0,0,0,2,1,2,26.25,1988.05,0,3,1,0,1890.0,13.125,0,0.006827944608325047,2,Fence Sitters
0,0,1,1,56,1,1,2,0,1,0,1,1,0,0,1,3,96.95,5432.2,0,3,4,0,5429.2,19.39,0,0.11835119185647694,0,Champions
1,0,0,0,9,1,0,0,0,0,0,0,0,0,0,1,3,20.45,147.55,0,0,1,1,184.05,10.225,1,0.13679702751352427,2,Fence Sitters
0,0,1,0,72,1,1,2,1,1,1,1,1,1,2,1,2,115.8,8424.9,0,3,7,0,8337.6,14.475,0,0.026158737837199967,0,Champions
0,0,0,0,20,1,0,2,1,1,1,1,1,1,0,1,2,108.2,2203.7,0,1,7,0,2164.0,13.525,0,0.3689741297608191,0,Champions
0,0,1,1,19,1,0,0,0,0,0,0,0,0,2,0,1,20.2,387.4,0,1,1,0,383.8,10.1,0,0.017796420975642362,2,Fence Sitters
0,0,0,0,2,1,0,2,0,0,0,0,0,0,0,1,0,67.75,116.65,1,0,1,1,135.5,33.875,1,0.9065242579395182,1,At Risk
0,0,0,0,53,0,0,1,0,0,1,1,1,1,1,0,3,54.9,3045.75,0,3,4,0,2909.7,10.98,0,0.051814412360793385,0,Champions
1,1,0,0,27,1,1,2,0,0,0,0,0,1,0,1,0,85.25,2287.25,1,2,2,0,2301.75,28.416666666666668,0,0.7806805491240808,1,At Risk
0,0,0,0,6,1,0,0,0,0,0,0,0,0,0,0,2,20.15,130.5,0,0,1,1,120.9,10.075,1,0.22812110702140298,2,Fence Sitters
0,0,1,1,9,1,1,2,0,0,1,0,1,0,1,1,0,90.35,767.9,0,0,3,1,813.15,22.5875,0,0.19792845453236865,1,At Risk
1,0,1,1,8,1,1,1,0,1,0,0,0,0,0,0,0,55.75,446.8,0,0,2,1,446.0,18.58333333333333,1,0.12113269428020493,2,Fence Sitters
1,0,1,1,71,1,1,2,1,1,1,1,1,1,2,0,2,114.6,8100.25,0,3,7,0,8136.599999999999,14.325,0,0.01917622014669219,0,Champions
1,0,0,0,10,1,1,2,0,1,0,0,0,0,0,1,2,80.05,830.7,1,0,2,1,800.5,26.683333333333334,1,0.6941432788312101,1,At Risk
0,0,0,0,1,1,0,0,0,0,0,0,0,0,0,0,1,20.0,20.0,1,0,1,1,20.0,10.0,1,0.6301773548820512,1,At Risk
1,0,1,0,71,0,0,1,1,1,1,1,1,1,1,0,2,66.8,4689.15,0,3,6,0,4742.8,9.542857142857144,0,0.0410562884425962,0,Champions
0,0,1,0,68,1,0,2,0,1,0,1,1,1,1,1,0,100.3,6754.35,0,3,5,0,6820.4,16.716666666666665,0,0.306774515660509,0,Champions
0,0,0,0,34,1,1,2,0,1,0,1,1,1,0,1,0,105.35,3540.65,0,2,5,0,3581.9,17.558333333333334,0,0.475885974248148,0,Champions
0,0,0,0,26,1,0,2,0,1,1,1,0,0,1,1,0,85.2,2184.6,0,2,4,0,2215.2000000000003,17.04,0,0.18083278386172005,0,Champions
1,0,0,0,22,1,0,1,1,0,0,0,0,0,0,1,3,48.8,1054.6,1,1,2,0,1073.6,16.266666666666666,0,0.2948964655450418,2,Fence Sitters
0,0,0,0,7,1,0,0,0,0,0,0,0,0,0,1,1,18.95,130.55,0,0,1,1,132.65,9.475,1,0.1328791168147585,2,Fence Sitters
1,0,1,0,20,1,0,2,0,0,0,0,0,0,0,1,2,69.8,1540.35,0,1,1,0,1396.0,34.9,0,0.3284356624251432,1,At Risk
1,0,1,0,60,1,1,2,0,1,1,0,1,1,0,1,0,106.15,6411.25,0,3,5,0,6369.0,17.691666666666666,0,0.5871629255777987,0,Champions
0,0,1,1,72,1,0,0,0,0,0,0,0,0,2,0,0,20.55,1432.55,0,3,1,0,1479.6,10.275,0,0.009976825224727577,2,Fence Sitters
1,1,1,0,72,1,1,2,0,1,1,0,1,1,1,1,3,105.75,7629.85,0,3,5,0,7614.0,17.625,0,0.21632305920387446,0,Champions
0,0,0,0,4,1,1,0,0,0,0,0,0,0,0,0,1,25.25,101.9,0,0,1,1,101.0,12.625,1,0.46393937227694415,2,Fence Sitters
0,0,1,1,16,1,0,0,0,0,0,0,0,0,0,0,0,19.75,313.4,0,1,1,0,316.0,9.875,0,0.15599187001167175,2,Fence Sitters
1,1,1,0,62,1,1,2,1,0,1,0,1,1,1,1,0,104.85,6312.9,0,3,5,0,6500.7,17.474999999999998,0,0.29765014189154515,0,Champions
1,0,0,0,10,1,0,1,0,0,0,1,0,1,0,1,1,60.95,629.55,0,0,3,1,609.5,15.2375,1,0.258470207137276,1,At Risk
0,0,0,0,31,1,1,2,0,1,0,0,0,0,0,1,0,81.15,2640.55,0,2,2,0,2515.65,27.05,0,0.773438772290178,1,At Risk
1,0,1,0,71,1,0,0,0,0,0,0,0,0,2,0,3,19.1,1372.45,0,3,1,0,1356.1,9.55,0,0.004337107183236112,2,Fence Sitters
0,0,0,0,58,1,0,0,0,0,0,0,0,0,2,0,1,20.8,1212.25,0,3,1,0,1206.4,10.4,0,0.01945675633784552,2,Fence Sitters
0,0,1,1,70,1,1,1,1,1,1,1,1,1,2,1,3,90.15,6237.05,0,3,7,0,6310.5,11.26875,0,0.021291120860582453,0,Champions
1,0,1,0,71,1,1,1,1,1,1,1,1,1,2,0,0,90.1,6310.9,0,3,7,0,6397.099999999999,11.2625,0,0.01982964768428098,0,Champions
0,1,0,0,69,1,1,1,1,0,1,1,0,1,2,0,3,74.1,5031.0,0,3,5,0,5112.9,12.35,0,0.023020323013864537,0,Champions
1,1,0,0,1,1,1,2,0,0,0,0,0,1,0,1,0,85.05,85.05,1,0,2,1,85.05,28.35,1,0.947563938683902,1,At Risk
1,0,1,1,72,1,1,2,1,1,1,1,1,1,2,1,2,118.75,8672.45,0,3,7,0,8550.0,14.84375,0,0.010285135651975419,0,Champions
1,0,1,0,26,1,0,2,0,0,0,1,0,1,0,0,3,85.9,2196.45,0,2,3,0,2233.4,21.475,0,0.173687200978335,0,Champions
1,0,1,0,33,1,1,2,0,0,1,1,0,1,0,1,3,95.0,3008.15,0,2,4,0,3135.0,19.0,0,0.2118238631315086,0,Champions
1,0,1,1,10,1,0,0,0,0,0,0,0,0,2,0,1,20.15,220.8,0,0,1,1,201.5,10.075,0,0.022929655366733467,2,Fence Sitters
1,1,0,0,57,1,1,2,1,0,1,1,0,1,2,0,3,101.3,5779.6,0,3,5,0,5774.099999999999,16.883333333333333,0,0.06713810555093025,0,Champions
1,0,0,0,10,1,0,0,0,0,0,0,0,0,0,1,0,21.2,222.65,0,0,1,1,212.0,10.6,1,0.33279843146881044,2,Fence Sitters
1,0,1,1,39,1,1,0,0,0,0,0,0,0,1,1,1,24.2,914.6,0,2,1,0,943.8,12.1,0,0.03400011583962534,2,Fence Sitters
1,0,0,0,11,1,0,0,0,0,0,0,0,0,0,0,2,20.3,246.3,0,0,1,1,223.3,10.15,1,0.21749622540695634,2,Fence Sitters
1,0,1,1,21,1,0,2,0,1,1,1,1,1,0,1,0,102.8,2110.15,1,1,6,0,2158.8,14.685714285714283,0,0.3191050568089073,0,Champions
1,0,1,1,68,1,1,1,0,1,1,1,1,1,2,0,2,85.3,5560.0,0,3,6,0,5800.4,12.185714285714283,0,0.03512667979623323,0,Champions
0,0,0,0,18,1,1,2,0,0,1,0,1,0,1,1,3,89.6,1633.0,0,1,3,0,1612.8,22.4,0,0.12311106402808561,0,Champions
1,0,0,0,6,1,0,2,0,0,1,1,1,1,0,1,1,99.95,547.65,1,0,5,1,599.7,16.658333333333335,1,0.7669817368661196,1,At Risk
0,0,0,0,18,1,1,1,1,0,0,0,0,0,0,0,1,56.25,969.85,0,1,2,0,1012.5,18.75,0,0.40793639554012295,1,At Risk
1,0,1,1,52,1,0,1,0,0,1,0,0,0,1,1,2,50.95,2610.65,0,3,2,0,2649.4,16.983333333333334,0,0.06173088029470188,2,Fence Sitters
0,0,1,1,56,1,1,2,1,1,1,1,1,1,2,0,1,115.85,6567.9,0,3,7,0,6487.599999999999,14.48125,0,0.07707772219671138,0,Champions
0,0,0,0,45,1,1,2,0,0,1,1,1,1,0,1,2,103.65,4747.85,0,2,5,0,4664.25,17.275000000000002,0,0.5522392039678881,0,Champions
1,0,0,0,67,1,1,0,0,0,0,0,0,0,2,1,1,26.1,1759.55,0,3,1,0,1748.7,13.05,0,0.014664582236424374,2,Fence Sitters
0,0,1,0,3,0,0,1,1,0,0,1,0,0,0,0,1,35.1,101.1,0,0,2,1,105.3,11.7,1,0.5085011912792631,1,At Risk
0,1,0,0,65,1,0,2,0,1,1,0,1,1,0,1,2,99.1,6496.15,0,3,5,0,6441.5,16.516666666666666,0,0.6775062702880682,0,Champions
0,0,1,0,63,1,1,1,0,1,0,1,0,1,2,0,1,67.25,4234.15,0,3,4,0,4236.75,13.45,0,0.016525774382984547,0,Champions
1,0,1,1,11,1,1,0,0,0,0,0,0,0,2,0,1,25.0,300.7,0,0,1,1,275.0,12.5,0,0.025468356744604136,2,Fence Sitters
0,0,0,1,1,1,0,1,0,0,0,1,0,1,0,1,1,59.55,59.55,0,0,3,1,59.55,14.8875,1,0.4257414052767773,1,At Risk
0,0,0,0,55,1,1,1,0,0,1,0,1,1,2,1,2,77.8,4323.35,0,3,4,0,4279.0,15.56,0,0.13873147978049066,0,Champions
0,0,1,1,25,1,1,1,0,0,0,1,0,0,1,1,1,55.1,1466.1,0,2,2,0,1377.5,18.366666666666667,0,0.0690247892336147,2,Fence Sitters
0,0,1,0,72,1,1,2,1,1,1,1,1,1,1,1,2,117.8,8684.8,1,3,7,0,8481.6,14.725,0,0.20595478080542837,0,Champions
1,0,1,0,72,1,1,0,0,0,0,0,0,0,2,1,3,24.15,1776.45,0,3,1,0,1738.8,12.075,0,0.006561722915259246,2,Fence Sitters
1,0,0,1,65,0,0,1,0,1,0,1,1,0,2,0,1,45.25,2933.95,0,3,3,0,2941.25,11.3125,0,0.018482744928653514,2,Fence Sitters
1,1,0,0,54,1,1,2,0,1,0,0,0,0,0,1,0,79.5,4370.25,1,3,2,0,4293.0,26.5,0,0.48843583708417015,0,Champions
0,0,1,1,7,1,0,0,0,0,0,0,0,0,0,0,1,20.25,144.35,0,0,1,1,141.75,10.125,1,0.1371769518813685,2,Fence Sitters
1,0,1,0,72,1,1,1,1,1,0,1,0,0,2,0,2,64.75,4804.75,0,3,4,0,4662.0,12.95,0,0.009899890033204073,0,Champions
0,0,1,0,21,1,0,1,0,0,0,0,1,0,0,0,2,54.6,1125.2,0,1,2,0,1146.6,18.2,0,0.49684790338118306,1,At Risk
1,0,0,0,2,1,0,0,0,0,0,0,0,0,0,1,2,20.7,39.85,0,0,1,1,41.4,10.35,1,0.23686815720473287,2,Fence Sitters
0,1,0,0,4,1,0,2,0,0,1,0,1,1,0,1,0,94.75,422.4,0,0,4,1,379.0,18.95,1,0.8668076393594639,1,At Risk
0,0,1,0,3,1,1,2,0,0,0,1,0,0,0,1,2,79.65,251.75,1,0,2,1,238.95,26.55,1,0.6575162646033612,1,At Risk
0,0,1,0,72,1,1,2,1,1,1,1,1,1,2,0,3,115.8,8332.15,0,3,7,0,8337.6,14.475,0,0.03232682374436488,0,Champions
1,0,0,0,6,1,0,1,1,0,0,0,0,0,0,1,0,49.45,314.6,0,0,2,1,296.70000000000005,16.483333333333334,1,0.4917002421650437,1,At Risk
0,0,0,0,52,1,0,2,0,0,1,0,0,1,0,1,3,83.8,4331.4,0,3,3,0,4357.599999999999,20.95,0,0.523776628483963,0,Champions
0,1,1,0,69,1,1,2,0,1,1,0,0,1,0,1,2,95.35,6382.0,0,3,4,0,6579.15,19.07,0,0.3250006798963121,0,Champions
0,0,0,0,8,1,0,2,0,0,1,0,1,1,0,1,0,94.7,740.3,1,0,4,1,757.6,18.94,1,0.8867167292361103,1,At Risk
1,1,0,0,8,1,0,2,0,0,1,0,0,0,0,1,2,74.05,600.15,0,0,2,1,592.4,24.683333333333334,1,0.5528092922934931,1,At Risk
1,1,0,0,63,1,1,2,0,0,1,0,0,1,0,1,2,89.6,5538.8,0,3,3,0,5644.799999999999,22.4,0,0.4280450751794267,0,Champions
0,0,0,0,60,1,1,2,1,1,1,1,1,1,1,1,3,116.6,7049.5,0,3,7,0,6996.0,14.575,0,0.32201105071137553,0,Champions
1,0,1,0,12,1,0,1,1,0,0,1,0,0,0,0,2,54.2,690.5,0,0,3,1,650.4000000000001,13.55,1,0.23387480695814572,2,Fence Sitters
1,0,0,0,13,1,0,0,0,0,0,0,0,0,0,1,1,19.3,279.3,0,1,1,0,250.9,9.65,0,0.1954475973752314,2,Fence Sitters
0,0,0,0,22,1,1,1,1,1,1,0,0,0,0,0,1,65.05,1427.55,0,1,4,0,1431.1,13.01,0,0.23453977920626623,0,Champions
0,0,0,0,5,1,1,2,0,0,1,0,1,0,0,1,0,92.5,452.7,1,0,3,1,462.5,23.125,1,0.9147227420717344,1,At Risk
1,0,1,1,1,1,0,0,0,0,0,0,0,0,0,0,1,19.45,19.45,1,0,1,1,19.45,9.725,1,0.5007184665751493,2,Fence Sitters
1,0,1,1,72,1,1,0,0,0,0,0,0,0,2,1,2,24.05,1709.15,0,3,1,0,1731.6,12.025,0,0.0052298932961968485,2,Fence Sitters
1,0,0,0,2,1,0,0,0,0,0,0,0,0,0,0,2,18.75,53.15,0,0,1,1,37.5,9.375,1,0.1544566487919628,2,Fence Sitters
1,0,1,1,40,1,0,0,0,0,0,0,0,0,2,0,2,20.15,777.35,0,2,1,0,806.0,10.075,0,0.013612382030730666,2,Fence Sitters
0,0,1,1,44,1,0,0,0,0,0,0,0,0,1,0,2,20.0,860.85,0,2,1,0,880.0,10.0,0,0.033980561188163144,2,Fence Sitters
0,1,1,0,71,1,0,1,1,1,0,1,1,0,1,1,2,71.0,5012.1,0,3,5,0,5041.0,11.833333333333334,0,0.034013554617058586,0,Champions
1,0,0,0,2,1,1,2,0,0,0,0,0,0,0,1,0,75.55,166.3,1,0,1,1,151.1,37.775,1,0.8816087918407127,1,At Risk
0,1,0,0,26,1,1,2,0,0,0,0,1,1,0,1,0,93.6,2404.1,0,2,3,0,2433.6,23.4,0,0.8247194155830355,1,At Risk
0,0,1,1,1,1,0,2,0,0,0,0,0,0,0,1,0,70.0,70.0,1,0,1,1,70.0,35.0,1,0.8648880383440005,1,At Risk
1,0,0,0,1,0,0,1,0,0,0,0,0,0,0,0,1,24.4,24.4,0,0,0,1,24.4,24.4,1,0.8198383091276287,1,At Risk
0,0,1,1,65,1,0,1,1,0,0,1,1,1,2,1,2,74.8,4820.15,1,3,5,0,4862.0,12.466666666666669,0,0.013368818634551504,0,Champions
0,0,0,0,3,1,1,1,0,0,0,1,1,0,0,1,1,65.25,209.9,0,0,3,1,195.75,16.3125,1,0.4611514607711528,1,At Risk
0,0,0,0,13,1,0,1,0,0,0,1,0,0,0,1,1,50.55,610.75,0,1,2,0,657.15,16.849999999999998,0,0.4141793620070254,1,At Risk
1,0,1,0,33,1,1,2,0,1,1,0,1,1,0,1,0,104.4,3409.6,1,2,5,0,3445.2000000000003,17.400000000000002,0,0.5918144611959522,0,Champions
1,0,0,0,1,1,0,2,0,0,0,0,0,0,0,1,1,70.7,70.7,0,0,1,1,70.7,35.35,1,0.9000624523933775,1,At Risk
0,0,1,1,4,1,0,1,0,0,0,0,0,0,0,0,1,45.25,155.35,0,0,1,1,181.0,22.625,1,0.5473669975472235,1,At Risk
0,0,0,0,2,1,0,2,0,0,0,0,0,0,0,1,0,70.3,144.0,0,0,1,1,140.6,35.15,1,0.8763321465960117,1,At Risk
0,0,1,0,72,1,1,2,1,1,0,1,1,1,2,1,3,108.95,7875.0,0,3,6,0,7844.400000000001,15.564285714285717,0,0.07253981232946642,0,Champions
1,0,1,1,37,1,1,0,0,0,0,0,0,0,0,0,1,26.45,911.6,0,2,1,0,978.65,13.225,0,0.11262543665772329,2,Fence Sitters
1,0,0,0,15,1,0,2,1,0,0,0,1,0,0,0,0,86.2,1270.2,1,1,3,0,1293.0,21.55,0,0.5270860070289872,1,At Risk
1,0,0,0,23,1,0,0,0,0,0,0,0,0,1,1,3,19.65,478.1,0,1,1,0,451.95,9.825,0,0.02547016422219755,2,Fence Sitters
1,0,1,1,30,0,0,1,0,0,0,1,1,1,0,0,3,51.2,1561.5,1,2,3,0,1536.0,12.8,0,0.07302629088204464,2,Fence Sitters
1,0,1,1,42,1,0,0,0,0,0,0,0,0,1,1,0,19.05,761.85,0,2,1,0,800.1,9.525,0,0.021305842015926724,2,Fence Sitters
1,0,0,0,32,1,1,1,1,0,0,0,1,1,1,0,1,74.75,2282.95,0,2,4,0,2392.0,14.95,0,0.09158704851609593,0,Champions
1,0,1,1,22,1,1,2,0,0,0,0,0,0,0,1,2,75.8,1615.1,0,1,1,0,1667.6,37.9,0,0.37942162922786427,1,At Risk
0,0,1,0,42,0,0,1,0,0,0,0,0,0,0,1,3,25.1,1097.15,0,2,0,0,1054.2,25.1,0,0.22326727827911555,2,Fence Sitters
1,0,0,0,8,1,0,1,0,0,0,0,0,0,0,0,1,44.45,369.3,0,0,1,1,355.6,22.225,1,0.6049681992723366,1,At Risk
1,0,1,1,65,1,1,2,1,0,1,0,1,1,2,1,3,104.3,6725.3,0,3,5,0,6779.5,17.383333333333333,0,0.1279365402930659,0,Champions
1,0,0,0,2,1,0,0,0,0,0,0,0,0,0,0,1,19.5,31.55,1,0,1,1,39.0,9.75,1,0.3060977343898364,2,Fence Sitters
1,0,1,1,70,1,1,1,1,1,1,1,1,1,2,1,2,89.0,6293.2,0,3,7,0,6230.0,11.125,0,0.020703774267514824,0,Champions
0,0,0,1,22,1,0,0,0,0,0,0,0,0,0,0,3,20.15,432.5,0,1,1,0,443.3,10.075,0,0.056770156993087774,2,Fence Sitters
1,1,0,0,4,1,1,2,0,0,0,0,0,0,0,1,0,74.9,321.75,1,0,1,1,299.6,37.45,1,0.8408985980677687,1,At Risk
1,0,0,0,2,1,1,2,0,0,0,0,0,0,0,0,3,74.9,147.15,1,0,1,1,149.8,37.45,1,0.7860070651335307,1,At Risk
1,0,1,1,67,0,0,1,1,1,0,0,0,0,2,0,2,36.15,2434.45,0,3,2,0,2422.05,12.05,0,0.011733427802826444,2,Fence Sitters
1,0,0,0,25,1,0,0,0,0,0,0,0,0,0,1,3,19.2,532.1,0,2,1,0,480.0,9.6,0,0.05543598135675214,2,Fence Sitters
1,0,1,0,20,1,0,0,0,0,0,0,0,0,0,0,2,19.25,375.25,0,1,1,0,385.0,9.625,0,0.14702823268554116,2,Fence Sitters
1,0,0,1,2,1,0,1,1,0,0,0,0,1,0,1,3,61.2,125.95,0,0,3,1,122.4,15.3,1,0.2750412292120053,1,At Risk
0,0,0,0,51,1,0,0,0,0,0,0,0,0,2,0,1,20.45,1042.65,0,3,1,0,1042.95,10.225,0,0.01788572351267191,2,Fence Sitters
1,0,1,1,46,0,0,1,1,1,0,0,0,0,0,0,2,35.05,1620.25,0,2,2,0,1612.3,11.683333333333332,0,0.10385264391829005,2,Fence Sitters
1,0,0,0,25,1,1,2,0,1,0,0,1,1,0,1,0,100.25,2387.75,1,2,4,0,2506.25,20.05,0,0.7857083934064535,1,At Risk
0,0,0,1,13,1,0,1,0,0,0,0,0,0,0,0,1,44.0,659.35,0,1,1,0,572.0,22.0,0,0.2628049065604238,2,Fence Sitters
1,1,0,0,25,1,1,2,1,1,0,0,1,1,0,1,1,102.8,2660.2,1,2,5,0,2570.0,17.133333333333333,0,0.6729403399321593,1,At Risk
0,0,1,1,26,1,0,1,0,0,1,0,0,0,1,0,1,50.35,1285.8,0,2,2,0,1309.1,16.783333333333335,0,0.12972285600574968,2,Fence Sitters
0,0,0,0,43,1,1,2,0,0,0,1,1,1,1,1,0,100.0,4211.55,1,2,4,0,4300.0,20.0,0,0.6404113778567533,0,Champions
0,0,0,1,19,1,0,0,0,0,0,0,0,0,0,1,0,20.0,377.55,0,1,1,0,380.0,10.0,0,0.17042333392862322,2,Fence Sitters
0,0,1,0,10,1,0,2,0,1,0,1,1,1,0,1,0,99.85,990.9,1,0,5,1,998.5,16.641666666666666,1,0.6339016715828736,1,At Risk
1,0,0,1,2,1,1,2,0,0,0,0,1,1,0,1,2,94.2,193.8,1,0,3,1,188.4,23.55,1,0.8800601017675751,1,At Risk
1,0,1,0,72,1,1,1,1,1,0,1,1,1,2,1,2,86.4,6058.95,0,3,6,0,6220.8,12.342857142857143,0,0.014729913808374354,0,Champions
0,1,0,0,18,1,1,1,1,1,0,0,0,0,0,1,3,58.4,964.9,0,1,3,0,1051.2,14.6,0,0.19867957455732851,2,Fence Sitters
0,1,0,0,9,1,1,2,0,0,0,0,0,1,0,1,0,83.85,790.15,1,0,2,1,754.65,27.95,1,0.8679007682929983,1,At Risk
1,1,0,0,27,1,1,2,0,0,1,0,0,1,0,0,3,88.3,2467.75,1,2,3,0,2384.1,22.075,0,0.4694137657109823,1,At Risk
0,0,0,0,24,1,1,2,0,0,0,0,1,1,0,1,0,94.1,2322.85,0,1,3,0,2258.4,23.525,0,0.8743586423803229,1,At Risk
0,0,0,0,69,1,0,2,0,1,1,1,1,1,1,1,2,104.05,7262.0,1,3,6,0,7179.45,14.864285714285714,0,0.5325203869354047,0,Champions
1,0,1,0,46,1,1,2,0,1,1,1,1,1,2,1,3,108.9,4854.3,0,2,6,0,5009.400000000001,15.55714285714286,0,0.15051138156490593,0,Champions
1,1,0,0,72,1,1,2,1,1,1,1,0,1,2,1,2,107.4,7748.75,0,3,6,0,7732.8,15.342857142857143,0,0.03296863815544146,0,Champions
0,0,1,0,22,1,0,2,0,0,1,0,1,1,0,1,3,94.7,1914.9,1,1,4,0,2083.4,18.94,0,0.4509540286693617,1,At Risk
1,1,1,0,70,1,1,2,1,0,0,0,0,1,0,1,0,90.85,6470.1,0,3,3,0,6359.5,22.7125,0,0.2153065043945161,0,Champions
1,0,0,0,2,1,0,0,0,0,0,0,0,0,0,0,0,19.9,57.4,0,0,1,1,39.8,9.95,1,0.3667681927411854,2,Fence Sitters
0,0,1,0,31,1,0,1,0,0,1,1,0,1,0,1,3,66.4,2019.8,0,2,4,0,2058.4,13.28,0,0.06149861369521719,0,Champions
1,1,1,0,56,1,1,2,0,0,1,0,1,1,0,1,2,100.65,5688.05,1,3,4,0,5636.400000000001,20.130000000000003,0,0.37503834086589416,0,Champions
1,0,1,1,16,1,0,2,1,0,1,0,1,1,0,0,2,100.7,1522.7,0,1,5,0,1611.2,16.783333333333335,0,0.4907386521470759,0,Champions
0,0,0,1,52,1,1,0,0,0,0,0,0,0,2,0,3,25.6,1334.5,0,3,1,0,1331.2,12.8,0,0.016690919118383794,2,Fence Sitters
0,0,1,1,13,1,0,0,0,0,0,0,0,0,0,1,1,19.85,252.0,0,1,1,0,258.05,9.925,0,0.1197405571651702,2,Fence Sitters
1,0,0,0,35,1,0,0,0,0,0,0,0,0,1,0,1,20.75,700.45,0,2,1,0,726.25,10.375,0,0.03944389270177678,2,Fence Sitters
1,0,0,0,59,1,0,2,0,0,1,0,1,1,2,0,0,95.8,5655.45,0,3,4,0,5652.2,19.16,0,0.2899663510598131,0,Champions
0,0,1,0,72,1,0,2,0,0,1,0,1,1,0,1,0,94.65,6747.35,0,3,4,0,6814.8,18.93,0,0.5721024605279081,0,Champions
1,1,1,0,66,1,1,1,0,1,1,0,1,1,2,1,2,80.55,5265.1,1,3,5,0,5316.3,13.425,0,0.046122480333581455,0,Champions
1,0,1,0,49,1,1,2,1,1,1,1,0,1,2,0,3,106.65,5174.35,0,3,6,0,5225.85,15.235714285714286,0,0.11171910884052785,0,Champions
1,0,0,0,2,1,0,1,0,0,0,0,0,0,0,1,1,45.85,105.6,0,0,1,1,91.7,22.925,1,0.699459969434221,1,At Risk
0,1,0,0,21,1,1,2,0,1,1,0,1,1,0,1,0,104.35,2271.85,0,1,5,0,2191.35,17.391666666666666,0,0.7768514412185287,1,At Risk
0,1,0,0,54,0,0,1,0,1,1,0,1,1,1,1,0,55.45,2966.95,0,3,4,0,2994.3,11.09,0,0.30238885646076347,0,Champions
0,1,1,0,24,1,1,2,1,0,0,0,0,0,0,1,0,78.85,1772.25,1,1,2,0,1892.4,26.28333333333333,0,0.41943122118502263,1,At Risk
0,0,0,0,1,1,1,1,1,1,0,0,0,0,0,0,0,61.15,61.15,0,0,3,1,61.15,15.2875,1,0.4993005870233073,1,At Risk
0,0,0,0,6,1,0,2,1,1,0,0,0,0,0,1,0,78.95,494.95,0,0,3,1,473.7000000000001,19.7375,1,0.48164117912076565,1,At Risk
1,0,0,0,1,1,0,1,0,0,0,0,0,0,0,1,1,44.45,44.45,1,0,1,1,44.45,22.225,1,0.7832005082088507,1,At Risk
0,0,0,1,49,1,1,2,1,1,1,0,1,1,1,1,3,109.2,5290.45,0,3,6,0,5350.8,15.6,0,0.19750649107446602,0,Champions
1,0,1,1,56,1,0,1,1,1,1,0,0,0,2,1,3,61.3,3346.8,0,3,4,0,3432.8,12.26,0,0.014329391090060335,0,Champions
1,1,0,0,56,1,1,2,1,1,0,0,0,1,0,1,0,96.85,5219.65,0,3,4,0,5423.599999999999,19.37,0,0.2794697893534696,0,Champions
1,0,1,1,6,0,0,1,0,1,1,1,0,0,2,0,1,40.55,217.5,0,0,3,1,243.3,10.1375,0,0.02234439096598074,2,Fence Sitters
0,0,0,0,32,1,0,0,0,0,0,0,0,0,1,0,1,19.8,607.7,0,2,1,0,633.6,9.9,0,0.04159204697203896,2,Fence Sitters
0,0,1,1,50,1,1,2,1,1,1,0,1,1,1,1,0,108.25,5431.4,0,3,6,0,5412.5,15.464285714285714,0,0.21993751841880926,0,Champions
0,0,1,1,58,1,1,2,0,0,1,1,1,1,1,1,2,105.05,6004.85,0,3,5,0,6092.9,17.508333333333333,0,0.3161042030626799,0,Champions
1,0,1,1,65,1,1,1,1,1,1,1,1,1,2,1,1,90.45,5957.9,0,3,7,0,5879.25,11.30625,0,0.01713460948721964,0,Champions
1,0,0,0,64,1,1,1,1,1,1,1,1,1,2,1,3,86.4,5442.05,0,3,7,0,5529.6,10.8,0,0.017942874641266135,0,Champions
1,0,1,0,66,1,1,1,1,1,1,0,0,0,2,0,2,66.9,4370.25,0,3,4,0,4415.400000000001,13.38,0,0.02279524897672457,0,Champions
0,0,1,0,38,1,1,2,1,0,1,1,1,1,1,1,0,110.7,4428.6,0,2,6,0,4206.6,15.814285714285717,0,0.43708021239145317,0,Champions
1,0,1,0,20,1,0,0,0,0,0,0,0,0,1,1,1,20.0,416.45,0,1,1,0,400.0,10.0,0,0.03271220936086352,2,Fence Sitters
0,0,0,0,36,1,1,2,0,0,0,0,0,1,0,1,0,84.9,3067.2,1,2,2,0,3056.4,28.3,0,0.8711640562747051,1,At Risk
0,1,0,0,64,1,1,2,0,0,1,1,1,1,1,0,0,102.1,6688.1,0,3,5,0,6534.4,17.016666666666666,0,0.4076558250111255,0,Champions
0,0,0,0,1,1,0,0,0,0,0,0,0,0,0,0,1,20.25,20.25,1,0,1,1,20.25,10.125,1,0.578166032134635,1,At Risk
1,0,0,0,60,1,0,1,0,1,1,1,1,0,1,1,3,70.15,4224.7,0,3,5,0,4209.0,11.691666666666668,0,0.04258233401863892,0,Champions
0,0,0,0,1,1,0,2,0,1,0,0,0,0,0,1,0,74.35,74.35,1,0,2,1,74.35,24.78333333333333,1,0.8631349219592872,1,At Risk
1,0,1,1,50,1,1,1,1,1,1,1,0,1,1,1,2,80.05,4042.2,0,3,6,0,4002.5,11.435714285714283,0,0.05658982449074771,0,Champions
0,0,0,0,1,1,1,1,0,0,1,1,0,0,0,0,1,62.05,62.05,1,0,3,1,62.05,15.5125,1,0.5359287025477273,1,At Risk
1,0,1,0,72,0,0,1,1,1,1,0,0,1,2,1,0,49.2,3580.95,0,3,4,0,3542.4,9.84,0,0.021572214939686595,0,Champions
0,0,1,0,60,1,0,0,0,0,0,0,0,0,2,1,2,20.5,1198.8,0,3,1,0,1230.0,10.25,0,0.011991403760874632,2,Fence Sitters
0,0,0,0,46,0,0,1,1,0,1,1,0,0,2,0,1,38.25,1755.35,0,2,3,0,1759.5,9.5625,0,0.01146577827159501,2,Fence Sitters
1,0,1,1,69,0,0,1,0,1,1,0,1,1,2,1,3,54.95,3772.5,0,3,4,0,3791.55,10.99,0,0.027044957400022357,0,Champions
0,1,0,0,31,1,1,2,0,0,1,1,1,0,0,1,2,96.6,2877.95,0,2,4,0,2994.6,19.32,0,0.32810939120539867,0,Champions
0,0,1,1,19,1,0,0,0,0,0,0,0,0,1,0,1,19.9,357.7,0,1,1,0,378.1,9.95,0,0.04864425693717168,2,Fence Sitters
1,0,1,1,71,1,0,0,0,0,0,0,0,0,2,0,3,19.9,1397.3,0,3,1,0,1412.9,9.95,0,0.004719567269885169,2,Fence Sitters
0,0,1,0,12,1,0,2,1,1,1,0,0,0,0,1,0,84.6,959.9,0,0,4,1,1015.2,16.919999999999998,1,0.44291552187755534,1,At Risk
0,0,1,1,39,1,0,1,1,0,1,1,1,1,1,0,3,80.0,3182.95,1,2,6,0,3120.0,11.428571428571429,0,0.09524787919237873,0,Champions
0,0,0,0,44,1,1,1,0,1,1,1,1,1,1,1,2,85.25,3704.15,0,2,6,0,3751.0,12.178571428571429,0,0.11060571907156176,0,Champions
1,0,1,1,56,1,1,1,1,1,1,1,1,0,2,0,3,81.25,4620.4,0,3,6,0,4550.0,11.607142857142858,0,0.02489748589869445,0,Champions
1,0,1,0,72,1,1,2,1,1,1,1,1,1,2,1,2,115.5,8312.75,0,3,7,0,8316.0,14.4375,0,0.016470784967912114,0,Champions
0,0,0,0,5,1,1,2,0,1,1,0,1,1,0,0,1,104.1,541.9,1,0,5,1,520.5,17.349999999999998,1,0.8820338236856624,1,At Risk
1,0,0,0,11,1,1,2,1,0,0,0,0,0,0,1,2,79.0,929.3,0,0,2,1,869.0,26.33333333333333,1,0.3438038781379066,1,At Risk
0,1,1,0,24,0,0,1,1,0,0,0,0,1,0,0,2,39.1,971.3,1,1,2,0,938.4,13.033333333333331,0,0.4465343757103649,2,Fence Sitters
1,1,1,0,15,1,0,2,0,1,0,0,1,1,0,1,0,94.65,1285.05,0,1,4,0,1419.75,18.93,0,0.6126888915521481,1,At Risk
0,0,0,0,72,1,0,0,0,0,0,0,0,0,2,1,1,20.8,1521.2,0,3,1,0,1497.6,10.4,0,0.006986578856588498,2,Fence Sitters
0,0,1,0,56,1,1,1,0,1,1,0,0,0,2,0,3,59.5,3389.25,0,3,3,0,3332.0,14.875,0,0.04756333343724625,0,Champions
0,1,0,0,64,1,0,0,0,0,0,0,0,0,2,1,2,20.05,1198.05,0,3,1,0,1283.2,10.025,0,0.014058002841569524,2,Fence Sitters
1,0,1,0,34,1,1,2,0,0,1,0,1,1,0,1,0,100.45,3414.65,0,2,4,0,3415.3,20.09,0,0.5675538079639579,0,Champions
0,0,0,0,2,1,1,2,0,0,0,0,0,0,0,1,0,76.5,162.45,1,0,1,1,153.0,38.25,1,0.9464707325884805,1,At Risk
0,0,0,0,35,1,0,0,0,0,0,0,0,0,1,0,2,20.6,754.0,0,2,1,0,721.0,10.3,0,0.03934453017446963,2,Fence Sitters
0,0,0,0,22,1,0,0,0,0,0,0,0,0,1,0,3,20.3,467.15,0,1,1,0,446.6,10.15,0,0.03355314985660077,2,Fence Sitters
0,0,0,0,5,1,0,1,0,0,0,1,0,0,0,1,0,49.2,216.9,1,0,2,1,246.0,16.400000000000002,1,0.5559243644236272,1,At Risk
0,0,0,0,9,0,0,1,1,1,1,0,0,0,1,0,1,39.55,373.0,0,0,3,1,355.95,9.8875,0,0.11567131239934587,2,Fence Sitters
0,0,0,0,11,1,1,0,0,0,0,0,0,0,0,0,3,23.15,245.2,1,0,1,1,254.65,11.575,1,0.3065527213867413,2,Fence Sitters
0,0,0,0,23,1,0,0,0,0,0,0,0,0,1,0,1,20.45,481.1,0,1,1,0,470.35,10.225,0,0.040391858320550623,2,Fence Sitters
1,0,1,1,4,1,0,2,0,0,0,0,0,1,0,0,0,80.85,302.75,1,0,2,1,323.4,26.95,1,0.7615398763878228,1,At Risk
0,0,1,0,68,1,1,0,0,0,0,0,0,0,2,0,2,25.25,1728.2,0,3,1,0,1717.0,12.625,0,0.015280075077505362,2,Fence Sitters
0,0,1,0,33,1,0,2,0,0,0,0,1,1,0,0,0,91.25,2964.05,0,2,3,0,3011.25,22.8125,0,0.782203004224225,1,At Risk
0,0,0,0,31,1,0,1,1,1,1,1,1,0,0,1,2,72.45,2156.25,0,2,6,0,2245.9500000000003,10.35,0,0.08818985293661874,0,Champions
0,0,0,0,1,1,1,1,0,1,0,1,0,0,0,0,1,60.1,60.1,1,0,3,1,60.1,15.025,1,0.4357545053877569,1,At Risk
1,0,0,0,56,1,0,0,0,0,0,0,0,0,2,0,2,19.7,1051.9,0,3,1,0,1103.2,9.85,0,0.02302711548954566,2,Fence Sitters
0,0,0,0,1,1,0,2,0,0,0,0,1,0,0,1,0,78.95,78.95,1,0,2,1,78.95,26.316666666666663,1,0.9538927118108386,1,At Risk
0,0,1,1,66,1,0,1,1,1,1,1,1,0,1,1,0,75.1,5013.0,0,3,6,0,4956.599999999999,10.728571428571428,0,0.077130914179464,0,Champions
0,0,1,1,72,1,1,0,0,0,0,0,0,0,2,0,2,25.0,1738.9,0,3,1,0,1800.0,12.5,0,0.008009175028468754,2,Fence Sitters
0,1,0,0,34,1,0,2,0,0,0,0,0,0,0,0,3,69.15,2275.1,0,2,1,0,2351.1000000000004,34.575,0,0.4555617865544421,1,At Risk
1,0,1,1,58,1,0,2,0,1,1,0,1,0,0,1,0,91.55,5511.65,0,3,4,0,5309.9,18.31,0,0.3993619769848012,0,Champions
0,0,0,0,2,1,0,1,0,0,0,0,0,0,0,1,0,45.15,98.5,1,0,1,1,90.3,22.575,1,0.8277670371163692,1,At Risk
0,0,0,0,37,0,0,1,0,0,0,0,1,0,2,0,3,35.8,1316.9,0,2,1,0,1324.6,17.9,0,0.11743965932732156,2,Fence Sitters
1,0,0,0,71,1,1,2,1,1,1,1,1,1,2,1,3,113.15,7993.3,0,3,7,0,8033.650000000001,14.14375,0,0.03343173964742504,0,Champions
0,0,1,1,1,1,0,0,0,0,0,0,0,0,1,0,3,19.85,19.85,0,0,1,1,19.85,9.925,0,0.10074341535312817,2,Fence Sitters
0,1,1,1,71,1,0,0,0,0,0,0,0,0,2,0,3,19.8,1388.45,0,3,1,0,1405.8,9.9,0,0.004107366953301025,2,Fence Sitters
0,0,1,1,35,1,0,0,0,0,0,0,0,0,1,0,0,19.9,666.0,0,2,1,0,696.5,9.95,0,0.04065229073731253,2,Fence Sitters
1,0,1,1,6,1,0,0,0,0,0,0,0,0,1,0,1,19.7,94.45,0,0,1,1,118.2,9.85,0,0.04968892616495409,2,Fence Sitters
1,0,0,0,3,1,0,2,0,0,0,0,1,0,0,1,0,79.4,244.65,1,0,2,1,238.2,26.46666666666667,1,0.8925318441059052,1,At Risk
1,0,1,1,69,1,0,1,0,1,1,1,0,0,1,0,2,59.1,4134.7,0,3,4,0,4077.9,11.82,0,0.039739895971792095,0,Champions
0,0,0,0,44,0,0,1,0,1,1,0,1,1,1,1,1,53.95,2375.4,1,2,4,0,2373.8,10.79,0,0.3263979473485572,0,Champions
1,0,1,0,53,1,1,2,0,0,0,1,0,1,1,1,0,91.15,4862.5,0,3,3,0,4830.950000000001,22.7875,0,0.29603458572666064,0,Champions
1,0,1,0,24,1,0,2,0,1,1,0,1,1,0,1,3,99.3,2431.35,1,1,5,0,2383.2,16.55,0,0.5258058420483139,0,Champions
1,0,1,0,5,1,0,2,0,0,0,0,0,0,0,1,0,68.95,351.5,0,0,1,1,344.75,34.475,1,0.7675443865544208,1,At Risk
1,0,0,1,2,1,0,1,0,1,0,0,0,0,0,0,1,51.55,106.2,0,0,2,1,103.1,17.183333333333334,1,0.4334163644401525,1,At Risk
0,0,0,1,62,1,1,0,0,0,0,0,0,0,2,1,1,24.4,1413.0,0,3,1,0,1512.8,12.2,0,0.011501428538429207,2,Fence Sitters
1,0,1,0,19,1,0,2,0,0,1,0,1,1,0,1,0,96.8,1743.05,0,1,4,0,1839.2,19.36,0,0.7423349387156015,1,At Risk
0,0,0,0,9,1,0,2,0,0,0,0,0,0,0,0,1,70.05,657.5,0,0,1,1,630.4499999999999,35.025,1,0.645663029465021,1,At Risk
0,0,0,0,53,1,0,0,0,0,0,0,0,0,2,0,3,19.5,1050.5,0,3,1,0,1033.5,9.75,0,0.013486836030801594,2,Fence Sitters
0,0,0,0,5,1,0,2,0,0,0,0,0,1,0,0,1,78.75,426.35,0,0,2,1,393.75,26.25,1,0.895261440817041,1,At Risk
1,1,1,1,71,1,1,1,1,1,0,0,1,0,1,0,0,69.2,4982.5,0,3,4,0,4913.2,13.84,0,0.020236902705923397,0,Champions
1,0,0,0,1,1,0,0,0,0,0,0,0,0,0,1,1,19.55,19.55,0,0,1,1,19.55,9.775,1,0.5634056448616979,1,At Risk
0,0,0,0,18,1,1,2,0,1,0,0,0,0,0,1,0,80.65,1451.9,1,1,2,0,1451.7,26.883333333333336,0,0.7561403104577353,1,At Risk
0,0,0,0,72,1,1,2,0,1,1,0,1,1,2,1,0,103.65,7634.8,0,3,5,0,7462.8,17.275000000000002,0,0.24941511849863948,0,Champions
1,0,1,0,4,1,0,1,1,1,0,0,0,0,0,0,1,54.7,235.05,0,0,3,1,218.8,13.675,1,0.212490372792818,2,Fence Sitters
0,0,0,0,59,1,1,1,0,0,1,0,0,0,2,0,3,54.15,3116.15,0,3,2,0,3194.85,18.05,0,0.05825673582061942,2,Fence Sitters
1,0,0,0,1,1,0,2,0,0,0,0,0,0,0,0,1,71.1,71.1,1,0,1,1,71.1,35.55,1,0.9234126268331109,1,At Risk
1,1,1,0,31,1,1,2,0,0,0,0,0,1,0,1,0,84.85,2633.4,0,2,2,0,2630.35,28.28333333333333,0,0.638187245430916,1,At Risk
0,0,1,0,3,1,0,0,0,0,0,0,0,0,0,0,2,20.0,49.65,0,0,1,1,60.0,10.0,1,0.29874136323563516,2,Fence Sitters
1,1,1,0,65,1,1,2,0,1,1,0,1,1,1,1,0,106.25,6979.8,1,3,5,0,6906.25,17.708333333333332,0,0.2857691521792296,0,Champions
0,0,1,0,49,1,0,2,0,0,1,1,1,1,1,1,3,99.25,4920.8,0,3,5,0,4863.25,16.541666666666668,0,0.2920745408294368,0,Champions
0,0,0,0,2,1,0,0,0,0,0,0,0,0,0,0,1,19.35,46.35,0,0,1,1,38.7,9.675,1,0.2888680000554226,2,Fence Sitters
1,0,1,0,53,1,0,0,0,0,0,0,0,0,1,0,2,20.8,1021.8,1,3,1,0,1102.4,10.4,0,0.036489605832108585,2,Fence Sitters
1,0,1,0,55,1,0,2,1,0,0,0,1,1,1,1,0,94.75,5276.1,0,3,4,0,5211.25,18.95,0,0.30022163492629517,0,Champions
0,0,1,1,72,1,1,2,1,1,1,1,1,1,2,1,3,114.05,8289.2,0,3,7,0,8211.6,14.25625,0,0.011442023644940758,0,Champions
1,1,0,0,36,1,1,2,0,0,0,0,0,0,0,1,2,74.9,2659.45,0,2,1,0,2696.4,37.45,0,0.5021494968664703,1,At Risk
1,0,1,1,10,1,0,0,0,0,0,0,0,0,0,1,2,19.8,196.75,0,0,1,1,198.0,9.9,1,0.1389391168809659,2,Fence Sitters
0,1,0,0,1,1,1,2,0,0,0,0,1,1,0,1,0,94.0,94.0,1,0,3,1,94.0,23.5,1,0.9364449567654386,1,At Risk
1,0,1,1,72,1,1,1,1,1,1,1,0,1,2,0,2,80.85,5824.75,0,3,6,0,5821.2,11.55,0,0.00884464509738313,0,Champions
1,0,0,0,28,1,0,1,0,1,0,1,0,0,0,0,2,54.65,1517.5,0,2,3,0,1530.2,13.6625,0,0.20717092370516144,2,Fence Sitters
0,0,1,0,38,1,1,2,1,0,0,0,1,0,0,0,2,91.7,3479.05,0,2,3,0,3484.6,22.925,0,0.46743119830328733,1,At Risk
1,0,0,0,61,1,1,2,1,1,1,1,1,1,1,1,0,118.6,7365.7,0,3,7,0,7234.599999999999,14.825,0,0.21433632201935043,0,Champions
0,0,1,1,52,1,1,0,0,0,0,0,0,0,2,0,1,24.55,1331.05,0,3,1,0,1276.6,12.275,0,0.016129389458850292,2,Fence Sitters
0,0,0,0,67,1,0,0,0,0,0,0,0,0,1,1,1,19.45,1195.95,0,3,1,0,1303.15,9.725,0,0.03641663046528607,2,Fence Sitters
1,0,0,1,34,1,1,2,1,1,1,1,1,1,2,1,3,116.15,3946.9,0,2,7,0,3949.1,14.51875,0,0.07428858768964532,0,Champions
1,0,0,0,54,1,0,1,1,0,1,1,1,1,2,0,0,80.6,4299.95,0,3,6,0,4352.4,11.514285714285714,0,0.024968658007144165,0,Champions
1,0,1,0,1,1,0,0,0,0,0,0,0,0,0,1,2,20.3,20.3,0,0,1,1,20.3,10.15,1,0.5440709388380582,1,At Risk
1,1,0,0,15,1,1,2,0,1,0,0,0,1,0,0,0,89.85,1424.95,1,1,3,0,1347.75,22.4625,0,0.7289449735202698,1,At Risk
1,0,0,0,4,1,0,1,0,0,0,0,0,0,0,1,1,46.0,193.6,1,0,1,1,184.0,23.0,1,0.6639390649389075,1,At Risk
1,0,0,0,9,1,0,1,0,1,0,1,1,0,0,0,1,66.25,620.55,1,0,4,1,596.25,13.25,1,0.2376149521085695,1,At Risk
1,0,0,1,46,1,0,2,0,1,1,0,1,1,0,1,0,99.8,4391.25,0,2,5,0,4590.8,16.633333333333333,0,0.5589550226294183,0,Champions
1,0,0,0,22,1,1,2,0,0,0,1,1,0,0,1,0,90.0,1993.8,1,1,3,0,1980.0,22.5,0,0.6522445011005984,1,At Risk
0,0,0,0,38,1,0,2,0,0,0,0,0,0,1,1,2,70.45,2597.6,1,2,1,0,2677.1,35.225,0,0.2052970438949416,2,Fence Sitters
1,0,1,1,55,1,1,1,1,1,0,1,1,0,1,1,3,75.0,4213.9,0,3,5,0,4125.0,12.5,0,0.04892297624163047,0,Champions
1,0,0,0,1,1,0,0,0,0,0,0,0,0,0,0,1,19.9,19.9,0,0,1,1,19.9,9.95,1,0.6258745431276408,1,At Risk
0,1,1,0,64,1,0,2,1,0,1,0,0,0,1,0,3,80.3,5017.7,0,3,3,0,5139.2,20.075,0,0.046869970341841385,0,Champions
0,0,0,1,53,1,0,0,0,0,0,0,0,0,2,0,2,19.75,1052.35,1,3,1,0,1046.75,9.875,0,0.021085460692634714,2,Fence Sitters
1,0,1,0,58,1,1,1,1,0,1,1,1,1,2,1,0,84.3,4916.4,0,3,6,0,4889.4,12.042857142857144,0,0.0310605665461636,0,Champions
0,0,1,0,56,0,0,1,0,0,1,1,1,1,1,1,2,54.05,2959.8,0,3,4,0,3026.8,10.81,0,0.07581429006771853,0,Champions
0,0,1,1,72,1,0,2,1,0,1,1,1,1,2,1,3,104.9,7559.55,0,3,6,0,7552.8,14.985714285714286,0,0.02382624107226519,0,Champions
0,0,0,0,1,1,0,1,1,0,0,1,0,0,0,1,0,53.95,53.95,1,0,3,1,53.95,13.4875,1,0.4295418295154579,1,At Risk
0,1,1,0,72,1,1,2,0,1,0,0,1,1,1,1,3,97.25,7133.1,0,3,4,0,7002.0,19.45,0,0.16120278083759998,0,Champions
0,0,0,0,22,1,1,2,0,0,0,0,0,1,0,0,0,83.05,1799.3,0,1,2,0,1827.1,27.683333333333334,0,0.8688730718020099,1,At Risk
1,1,0,0,8,1,1,2,0,1,1,0,1,1,0,1,0,105.5,829.55,1,0,5,1,844.0,17.583333333333332,1,0.8105902420079667,1,At Risk
1,0,0,1,16,1,0,2,0,0,0,0,1,0,0,1,0,81.0,1312.15,1,1,2,0,1296.0,27.0,0,0.683062947741635,1,At Risk
1,0,0,0,39,0,0,1,0,1,1,1,0,0,0,0,2,41.1,1597.05,0,2,3,0,1602.9,10.275,0,0.24682876580469937,2,Fence Sitters
1,0,0,0,12,1,0,1,0,0,0,0,0,0,0,1,2,45.0,524.35,0,0,1,1,540.0,22.5,1,0.4790670755223716,1,At Risk
0,0,1,0,54,1,0,1,1,1,0,0,1,1,2,1,2,74.55,4191.45,0,3,5,0,4025.7,12.425,0,0.020175205506196826,0,Champions
1,0,0,0,18,0,0,1,1,1,0,1,0,0,1,1,1,40.2,711.95,0,1,3,0,723.6,10.05,0,0.08231534954140382,2,Fence Sitters
0,0,1,0,32,1,0,1,1,1,0,1,0,1,1,0,1,70.5,2201.75,0,2,5,0,2256.0,11.75,0,0.08713989929787806,0,Champions
1,0,0,0,41,1,0,0,0,0,0,0,0,0,1,1,1,19.75,806.95,0,2,1,0,809.75,9.875,0,0.03196707675225125,2,Fence Sitters
0,0,1,1,67,1,1,0,0,0,0,0,0,0,2,0,2,24.65,1620.45,0,3,1,0,1651.55,12.325,0,0.009668479575331498,2,Fence Sitters
0,0,1,0,65,1,1,2,1,0,1,0,1,1,0,1,0,104.25,6812.95,0,3,5,0,6776.25,17.375,0,0.5719688936083019,0,Champions
1,0,0,0,25,1,1,1,1,1,1,1,1,0,0,1,2,78.35,1837.9,0,2,6,0,1958.75,11.19285714285714,0,0.07777558290727414,0,Champions
1,0,1,1,1,1,0,2,0,0,0,0,0,0,0,1,0,69.8,69.8,1,0,1,1,69.8,34.9,1,0.8901133803020013,1,At Risk
1,0,1,0,67,1,1,2,0,1,1,1,1,1,1,1,3,109.7,7344.45,0,3,6,0,7349.900000000001,15.671428571428573,0,0.25380306475505554,0,Champions
0,1,0,0,7,1,1,2,0,0,0,0,0,0,0,0,1,73.75,545.15,1,0,1,1,516.25,36.875,1,0.7772682496232602,1,At Risk
1,1,0,0,43,0,0,1,1,1,0,0,0,0,0,1,3,33.45,1500.25,0,2,2,0,1438.35,11.15,0,0.2462836012142905,2,Fence Sitters
1,0,0,0,24,1,0,2,1,0,0,0,1,1,0,1,0,94.6,2283.15,0,1,4,0,2270.4,18.92,0,0.7574963752635767,1,At Risk
0,1,0,0,9,1,1,1,1,0,0,0,0,0,0,0,0,54.55,494.05,1,0,2,1,490.95,18.183333333333334,1,0.5431773365398249,1,At Risk
0,0,1,1,69,1,0,0,0,0,0,0,0,0,2,0,2,20.2,1376.5,0,3,1,0,1393.8,10.1,0,0.0059117035269750035,2,Fence Sitters
1,0,0,1,37,1,0,0,0,0,0,0,0,0,1,0,2,20.3,755.4,0,2,1,0,751.1,10.15,0,0.03127684240932828,2,Fence Sitters
0,0,1,1,20,0,0,1,1,0,1,1,0,0,2,1,3,39.4,825.4,0,1,3,0,788.0,9.85,0,0.02104780011685682,2,Fence Sitters
0,0,0,0,7,1,0,2,0,0,0,0,0,0,0,0,2,69.15,488.65,0,0,1,1,484.05000000000007,34.575,1,0.7446112465714883,1,At Risk
1,1,0,0,37,1,1,2,0,0,0,0,0,0,0,1,0,76.25,2841.55,1,2,1,0,2821.25,38.125,0,0.6556123491589142,1,At Risk
1,0,0,0,5,1,1,2,0,0,0,0,1,1,0,1,1,93.9,486.85,1,0,3,1,469.5,23.475,1,0.9099128599485332,1,At Risk
0,0,0,0,41,0,0,1,0,0,1,0,1,1,1,1,0,51.35,2075.1,0,2,3,0,2105.35,12.8375,0,0.2582015426021046,2,Fence Sitters
1,0,0,0,54,1,0,2,1,1,0,0,1,1,1,1,3,100.05,5299.65,0,3,5,0,5402.7,16.675,0,0.2224745353019804,0,Champions
1,1,0,0,3,1,0,2,0,0,0,0,0,0,0,1,0,70.4,204.7,1,0,1,1,211.2,35.2,1,0.7424105249806318,1,At Risk
0,1,0,0,69,1,0,0,0,0,0,0,0,0,2,0,3,20.3,1356.3,0,3,1,0,1400.7,10.15,0,0.006677967257338246,2,Fence Sitters
1,0,0,0,53,1,0,2,0,1,1,1,0,1,1,1,3,94.45,5042.75,0,3,5,0,5005.85,15.741666666666667,0,0.15096422597919182,0,Champions
0,0,1,1,18,0,0,1,0,1,1,0,1,0,1,0,3,46.4,812.4,0,1,3,0,835.1999999999999,11.6,0,0.07669424051596399,2,Fence Sitters
0,0,1,0,64,1,0,2,1,1,0,1,1,1,2,1,3,104.05,6605.55,0,3,6,0,6659.2,14.864285714285714,0,0.10788152906517572,0,Champions
1,0,1,1,31,1,1,2,0,1,0,0,0,1,0,1,0,91.15,2995.45,1,2,3,0,2825.65,22.7875,0,0.47924477394787135,1,At Risk
1,0,0,0,20,0,0,1,0,0,0,0,0,0,0,0,3,24.9,505.95,0,1,0,0,498.0,24.9,0,0.26046045735603524,2,Fence Sitters
0,0,1,1,57,1,0,1,1,1,0,1,0,0,1,0,1,59.6,3509.4,0,3,4,0,3397.2000000000003,11.92,0,0.04160175687591164,0,Champions
0,1,1,0,63,1,1,2,1,1,1,0,1,1,2,0,3,108.5,6991.9,0,3,6,0,6835.5,15.5,0,0.16616707531298763,0,Champions
0,0,1,1,13,0,0,1,1,1,0,1,0,0,2,0,1,40.55,590.35,0,1,3,0,527.15,10.1375,0,0.011885119725521365,2,Fence Sitters
1,1,1,0,48,1,0,1,0,1,0,0,0,1,1,1,2,58.95,2789.7,0,2,3,0,2829.6000000000004,14.7375,0,0.0501232330973292,2,Fence Sitters
1,0,0,0,2,1,0,2,0,0,0,0,0,0,0,1,0,70.95,137.95,1,0,1,1,141.9,35.475,1,0.831103052095692,1,At Risk
0,0,1,1,57,1,0,0,0,0,0,0,0,0,2,0,1,20.75,1123.15,0,3,1,0,1182.75,10.375,0,0.012149328529236995,2,Fence Sitters
0,0,1,0,71,1,1,2,0,1,1,1,1,1,1,1,2,113.15,7953.25,0,3,6,0,8033.650000000001,16.164285714285715,0,0.44558092972031615,0,Champions
1,0,1,1,7,1,1,1,0,0,0,0,0,0,0,0,0,48.8,349.8,0,0,1,1,341.6,24.4,1,0.35109858219081197,2,Fence Sitters
1,0,0,0,16,1,1,1,0,0,0,0,0,1,0,1,2,63.05,1067.05,0,1,2,0,1008.8,21.016666666666666,0,0.46279848082914943,1,At Risk
0,0,1,0,34,1,1,2,0,0,1,0,1,1,0,0,0,100.85,3527.3,0,2,4,0,3428.9,20.17,0,0.709945832810857,1,At Risk
1,0,1,0,37,1,1,2,0,0,1,0,1,1,0,1,0,99.5,3762.0,1,2,4,0,3681.5,19.9,0,0.7799809483781217,1,At Risk
0,0,0,0,16,1,1,2,0,1,0,0,0,0,0,1,1,80.55,1248.9,0,1,2,0,1288.8,26.85,0,0.7515452217980898,1,At Risk
0,0,0,1,48,1,1,1,1,1,1,0,0,0,1,1,2,64.4,3035.35,0,2,4,0,3091.2000000000003,12.88,0,0.08131357842491453,0,Champions
0,0,1,1,58,1,0,1,0,1,0,1,1,1,1,1,3,75.2,4300.8,0,3,5,0,4361.6,12.533333333333331,0,0.056588974093291805,0,Champions
1,0,1,0,72,1,1,1,1,0,1,1,1,1,2,1,2,84.9,6065.3,0,3,6,0,6112.8,12.12857142857143,0,0.008098228780226117,0,Champions
1,0,0,0,7,1,0,0,0,0,0,0,0,0,0,0,1,19.3,144.95,0,0,1,1,135.1,9.65,1,0.23782850460905064,2,Fence Sitters
1,0,0,0,38,1,0,2,1,1,1,0,0,0,0,1,3,83.9,3233.6,1,2,4,0,3188.2000000000003,16.78,0,0.2611247273186153,0,Champions
1,1,1,0,48,1,1,2,1,1,1,1,1,1,0,0,0,117.45,5438.9,1,2,7,0,5637.6,14.68125,0,0.3245376343099785,0,Champions
0,0,0,0,10,1,0,2,1,1,1,0,1,1,0,1,0,104.4,1081.45,1,0,6,1,1044.0,14.914285714285716,1,0.5854614864850142,1,At Risk
1,0,0,0,30,1,0,1,1,1,1,1,1,0,1,0,3,74.65,2308.6,0,2,6,0,2239.5,10.664285714285716,0,0.0774738440862853,0,Champions
0,0,1,0,31,1,1,1,0,0,0,0,1,0,0,1,3,59.05,1882.8,0,2,2,0,1830.55,19.683333333333334,0,0.21550995448285057,2,Fence Sitters
1,1,0,0,46,1,1,1,0,0,1,1,0,1,1,1,3,69.1,3255.35,0,2,4,0,3178.6,13.82,0,0.06696981478980261,0,Champions
0,0,1,0,50,1,0,0,0,0,0,0,0,0,2,0,1,20.55,1067.65,0,3,1,0,1027.5,10.275,0,0.012811666918633504,2,Fence Sitters
0,0,1,0,28,1,0,2,0,0,0,1,0,0,0,0,2,76.55,2065.4,0,2,2,0,2143.4,25.516666666666666,0,0.27899145234755535,1,At Risk
1,0,0,0,66,0,0,1,1,1,1,1,1,1,2,1,2,62.5,4136.4,0,3,6,0,4125.0,8.928571428571429,0,0.0178635539475535,0,Champions
0,1,0,0,8,0,0,1,0,0,1,0,0,0,0,1,0,29.4,221.9,1,0,1,1,235.2,14.7,1,0.8113749682823619,1,At Risk
1,0,1,1,41,1,0,2,0,0,1,0,1,1,0,1,2,94.9,3848.0,0,2,4,0,3890.9,18.98,0,0.4542192872698431,0,Champions
0,1,1,0,72,1,1,2,0,1,1,1,1,1,2,1,2,111.65,8022.85,0,3,6,0,8038.8,15.95,0,0.08430753324037633,0,Champions
1,0,0,0,7,1,0,0,0,0,0,0,0,0,1,0,1,19.9,173.15,0,0,1,1,139.29999999999998,9.95,0,0.06197739975399151,2,Fence Sitters
1,0,1,1,38,1,0,0,0,0,0,0,0,0,0,0,1,20.45,781.25,0,2,1,0,777.1,10.225,0,0.07042161359254119,2,Fence Sitters
0,0,0,0,44,1,0,2,1,1,1,0,1,1,1,1,0,106.05,4510.8,0,2,6,0,4666.2,15.15,0,0.42342222000547997,0,Champions
0,0,1,1,47,1,1,2,1,1,1,1,1,1,1,1,2,113.45,5317.8,0,2,7,0,5332.150000000001,14.18125,0,0.1616549714063665,0,Champions
0,0,1,1,53,1,0,2,0,1,0,1,1,0,0,1,0,92.55,4779.45,0,3,4,0,4905.15,18.51,0,0.1528087429427035,0,Champions
0,0,1,0,4,1,1,1,0,0,1,0,1,0,0,0,0,65.6,250.1,0,0,3,1,262.4,16.4,1,0.7437795633606411,1,At Risk
0,1,0,0,20,1,1,2,0,0,0,0,1,0,0,1,0,84.35,1745.2,0,1,2,0,1687.0,28.116666666666664,0,0.8075339399003649,1,At Risk
0,0,0,0,2,1,0,1,0,0,0,0,0,0,0,0,1,44.65,74.9,1,0,1,1,89.3,22.325,1,0.7866361883685826,1,At Risk
0,1,1,0,57,1,1,1,0,1,1,0,1,0,1,1,3,71.1,4140.1,0,3,4,0,4052.7,14.22,0,0.09082430912324796,0,Champions
1,1,1,0,44,1,0,2,1,1,0,1,0,0,0,1,0,85.15,3670.5,0,2,4,0,3746.6,17.03,0,0.12637728870238515,0,Champions
0,0,0,0,24,1,0,1,0,0,1,0,0,0,0,1,1,49.7,1167.8,0,1,2,0,1192.8000000000002,16.566666666666666,0,0.617312582941685,1,At Risk
0,0,1,1,15,0,0,1,1,0,0,0,0,0,0,1,2,30.2,469.65,0,1,1,0,453.0,15.1,0,0.2272283425218168,2,Fence Sitters
1,0,0,0,3,0,0,1,0,0,0,0,0,0,0,0,0,25.25,58.9,1,0,0,1,75.75,25.25,1,0.77737801457659,1,At Risk
1,0,0,1,4,1,1,2,0,1,1,0,0,0,0,0,2,84.05,333.55,1,0,3,1,336.2,21.0125,1,0.8038947389753154,1,At Risk
0,1,1,0,37,1,1,2,0,0,0,0,1,0,0,1,0,85.7,3171.15,1,2,2,0,3170.9,28.566666666666663,0,0.7741332372022545,1,At Risk
1,0,0,0,1,1,0,2,0,1,0,0,0,0,0,1,0,74.7,74.7,1,0,2,1,74.7,24.9,1,0.8718196885029387,1,At Risk
1,0,0,0,24,1,0,1,1,0,0,1,0,0,0,0,3,56.35,1381.2,0,1,3,0,1352.4,14.0875,0,0.13638019390678927,2,Fence Sitters
1,0,0,0,5,1,1,2,0,1,0,0,1,0,0,1,0,90.8,455.5,1,0,3,1,454.0,22.7,1,0.8220170456850477,1,At Risk
1,0,0,0,33,1,1,2,0,1,1,0,1,1,0,0,0,107.55,3645.5,0,2,5,0,3549.15,17.925,0,0.6701920687714377,0,Champions
1,0,1,1,58,1,0,0,0,0,0,0,0,0,2,1,1,19.85,1158.85,0,3,1,0,1151.3000000000002,9.925,0,0.015030320035608518,2,Fence Sitters
1,0,1,1,72,1,1,2,1,1,0,0,1,0,2,1,2,95.9,6954.15,0,3,4,0,6904.8,19.18,0,0.014698765877115886,0,Champions
1,0,1,0,71,1,1,0,0,0,0,0,0,0,2,0,1,23.85,1672.1,0,3,1,0,1693.35,11.925,0,0.009001701333445635,2,Fence Sitters
1,1,0,0,28,1,1,2,0,1,1,0,1,1,0,1,0,106.15,3152.5,1,2,5,0,2972.2000000000003,17.691666666666666,0,0.6761634470416612,1,At Risk
0,0,1,0,51,1,0,1,1,1,1,1,1,1,2,1,3,83.85,4307.1,0,3,7,0,4276.349999999999,10.48125,0,0.010623109364079472,0,Champions
1,0,0,0,30,1,0,1,1,1,1,1,1,1,1,0,2,85.35,2530.4,1,2,7,0,2560.5,10.66875,0,0.086594678560821,0,Champions
0,1,1,0,72,1,0,2,1,1,0,1,0,0,2,1,3,84.8,6141.65,0,3,4,0,6105.599999999999,16.96,0,0.010170054758347506,0,Champions
0,1,0,0,36,1,1,2,1,0,0,0,1,0,0,1,0,90.85,3186.7,1,2,3,0,3270.6,22.7125,0,0.5447558671546279,1,At Risk
0,0,0,1,14,1,0,1,1,1,1,1,0,1,2,0,2,76.1,1054.8,0,1,6,0,1065.4,10.87142857142857,0,0.022222346300324453,0,Champions
1,0,1,1,72,1,1,1,1,1,0,1,1,0,2,0,1,74.55,5430.65,0,3,5,0,5367.599999999999,12.425,0,0.010898200217438928,0,Champions
1,0,1,1,22,0,0,1,0,1,0,0,1,0,0,0,0,39.2,849.9,0,1,2,0,862.4000000000001,13.066666666666668,0,0.22083911964785385,2,Fence Sitters
1,0,0,0,2,1,1,2,0,1,0,0,0,0,0,0,0,79.55,151.75,0,0,2,1,159.1,26.516666666666666,1,0.6759223010381659,1,At Risk
1,0,0,0,15,1,0,0,0,0,0,0,0,0,0,0,1,19.6,299.4,0,1,1,0,294.0,9.8,0,0.23654881944725695,2,Fence Sitters
0,0,1,1,51,1,0,0,0,0,0,0,0,0,2,0,3,19.55,1086.75,0,3,1,0,997.05,9.775,0,0.009847487602196734,2,Fence Sitters
0,0,1,0,70,0,0,1,1,0,1,1,0,0,2,1,3,39.15,2692.75,0,3,3,0,2740.5,9.7875,0,0.0166547780322562,2,Fence Sitters
1,0,1,1,71,1,0,0,0,0,0,0,0,0,2,0,2,20.1,1389.6,0,3,1,0,1427.1,10.05,0,0.004856887978123587,2,Fence Sitters
1,0,1,1,39,1,1,2,0,0,0,1,1,1,0,1,3,99.95,3767.4,0,2,4,0,3898.05,19.99,0,0.4144224384593315,0,Champions
1,0,1,1,61,1,1,1,1,1,0,0,0,0,0,0,0,59.8,3641.5,0,3,3,0,3647.8,14.95,0,0.04435022105597669,0,Champions
1,0,0,0,52,1,0,1,1,0,0,0,0,0,0,1,2,49.75,2535.55,0,3,2,0,2587.0,16.583333333333332,0,0.15815541475100714,2,Fence Sitters
1,0,0,0,1,0,0,1,0,0,0,0,1,0,0,1,0,35.75,35.75,1,0,1,1,35.75,17.875,1,0.9198064509838931,1,At Risk
0,0,1,0,64,1,1,2,1,0,1,1,1,1,1,1,1,108.5,6880.85,0,3,6,0,6944.0,15.5,0,0.37027697137968973,0,Champions
0,0,1,0,62,1,0,1,0,1,1,1,0,0,2,1,3,60.15,3753.2,0,3,4,0,3729.3,12.03,0,0.011947673445635337,0,Champions
0,0,1,0,30,1,0,0,0,0,0,0,0,0,2,0,1,19.05,637.55,0,2,1,0,571.5,9.525,0,0.009256137179980943,2,Fence Sitters
1,1,1,1,4,1,0,1,0,0,0,0,0,0,0,0,0,46.0,181.6,1,0,1,1,184.0,23.0,1,0.5422234305022837,1,At Risk
0,1,1,0,63,1,0,1,1,1,1,1,1,1,1,1,2,84.0,5329.55,0,3,7,0,5292.0,10.5,0,0.09534255737077289,0,Champions
1,0,0,0,1,1,0,1,0,0,0,0,0,0,0,1,3,44.55,44.55,0,0,1,1,44.55,22.275,1,0.5771737434271516,1,At Risk
0,0,1,0,15,1,1,2,0,0,1,1,1,1,0,1,0,103.45,1539.8,0,1,5,0,1551.75,17.241666666666667,0,0.6963902812753964,1,At Risk
0,0,1,1,27,1,0,2,1,1,0,0,0,0,1,1,3,80.65,2209.75,0,2,3,0,2177.55,20.1625,0,0.07751171549344352,0,Champions
1,0,0,1,4,0,0,1,1,1,1,0,1,1,0,1,1,57.2,223.75,0,0,5,1,228.8,9.533333333333331,1,0.3076938345598721,1,At Risk
1,0,1,0,72,1,1,2,1,1,1,0,1,1,2,1,0,110.75,7751.7,0,3,6,0,7974.0,15.821428571428571,0,0.03125674599613612,0,Champions
0,1,1,0,45,1,1,0,0,0,0,0,0,0,1,0,3,24.7,1174.35,0,2,1,0,1111.5,12.35,0,0.0779610670112258,2,Fence Sitters
1,1,0,0,45,1,1,2,1,1,0,1,1,0,0,1,0,97.05,4385.05,0,2,5,0,4367.25,16.175,0,0.27767527905454487,0,Champions
1,0,0,0,36,1,0,1,1,1,1,1,1,0,1,1,1,76.35,2606.35,0,2,6,0,2748.6,10.907142857142857,0,0.07739848536586873,0,Champions
0,0,1,1,17,1,0,2,1,0,1,0,1,0,0,1,0,89.4,1539.45,1,1,4,0,1519.8000000000002,17.880000000000003,0,0.5001066043843417,1,At Risk
0,0,0,0,1,1,0,0,0,0,0,0,0,0,0,0,1,18.9,18.9,0,0,1,1,18.9,9.45,1,0.33023895056693403,2,Fence Sitters
0,1,0,0,16,1,1,2,0,0,0,0,0,0,0,1,2,74.45,1261.35,0,1,1,0,1191.2,37.225,0,0.6090205613776669,1,At Risk
0,0,0,0,3,1,0,0,0,0,0,0,0,0,0,1,1,19.8,58.15,1,0,1,1,59.400000000000006,9.9,1,0.3221499806096353,2,Fence Sitters
0,0,1,1,4,1,1,1,0,0,0,0,0,0,0,1,0,50.9,225.6,1,0,1,1,203.6,25.45,1,0.6847852240064614,1,At Risk
1,0,1,0,71,1,0,1,1,1,1,1,1,1,2,1,3,84.4,5969.3,0,3,7,0,5992.400000000001,10.55,0,0.006908228128231128,0,Champions
0,0,1,1,10,1,1,0,0,0,0,0,0,0,0,1,1,24.4,253.9,0,0,1,1,244.0,12.2,1,0.16724576236759192,2,Fence Sitters
0,0,1,1,20,1,0,0,0,0,0,0,0,0,2,0,1,20.05,400.0,0,1,1,0,401.0,10.025,0,0.014984721205848095,2,Fence Sitters
0,0,0,0,4,1,0,2,0,0,0,0,1,0,0,1,0,81.0,340.85,1,0,2,1,324.0,27.0,1,0.9093066031875511,1,At Risk
0,0,0,0,26,1,1,2,0,0,1,0,1,1,0,1,0,98.35,2515.3,1,2,4,0,2557.1,19.67,0,0.9056285595493769,1,At Risk
1,0,0,0,4,1,0,1,0,0,0,0,1,0,0,0,3,55.5,227.35,0,0,2,1,222.0,18.5,1,0.4849797442163119,1,At Risk
0,0,0,0,5,0,0,1,0,1,0,0,1,1,0,1,1,51.0,305.95,1,0,3,1,255.0,12.75,1,0.651902411131732,1,At Risk
1,0,1,0,4,1,1,2,0,1,0,0,1,0,0,1,0,91.65,365.4,1,0,3,1,366.6,22.9125,1,0.8513538544012685,1,At Risk
0,1,1,0,29,1,1,2,0,0,0,0,0,1,0,1,0,84.3,2357.75,0,2,2,0,2444.7,28.1,0,0.7238205964779401,1,At Risk
0,0,0,0,2,1,0,2,1,1,0,0,1,1,0,0,0,100.2,198.5,0,0,5,1,200.4,16.7,1,0.6584649843206914,1,At Risk
1,0,0,0,29,1,0,0,0,0,0,0,0,0,2,0,1,19.4,554.25,0,2,1,0,562.5999999999999,9.7,0,0.01844330911623349,2,Fence Sitters
0,0,0,1,1,1,0,2,0,0,0,0,1,1,0,1,0,90.85,90.85,1,0,3,1,90.85,22.7125,1,0.9132244673439959,1,At Risk
0,0,0,0,1,1,0,2,0,0,0,0,0,0,0,0,1,69.4,69.4,1,0,1,1,69.4,34.7,1,0.9150559680996659,1,At Risk
1,1,0,0,8,1,0,2,0,0,1,0,1,1,0,1,3,94.45,742.95,1,0,4,1,755.6,18.89,1,0.7100729489669367,1,At Risk
0,0,0,0,13,1,0,0,0,0,0,0,0,0,0,1,0,20.4,251.65,0,1,1,0,265.2,10.2,0,0.312077680266438,2,Fence Sitters
1,0,1,0,59,1,1,2,1,1,0,0,1,0,0,1,0,94.75,5597.65,0,3,4,0,5590.25,18.95,0,0.3541709625562141,0,Champions
1,0,1,1,1,1,0,0,0,0,0,0,0,0,0,1,3,20.15,20.15,1,0,1,1,20.15,10.075,1,0.4398450665261447,2,Fence Sitters
0,1,0,0,50,1,1,2,0,0,0,0,1,1,0,1,0,95.7,4816.7,1,3,3,0,4785.0,23.925,0,0.8647526294757247,1,At Risk
0,0,1,0,18,1,0,1,0,0,0,0,0,0,0,1,2,44.35,768.05,0,1,1,0,798.3000000000001,22.175,0,0.3548279506993601,2,Fence Sitters
1,0,1,1,17,1,0,1,1,1,0,0,1,1,0,0,1,74.55,1215.8,0,1,5,0,1267.35,12.425,0,0.1339027423550205,0,Champions
0,0,1,0,47,1,0,1,0,1,1,0,1,1,2,0,0,73.6,3522.65,0,2,5,0,3459.2,12.266666666666666,0,0.06577904722536138,0,Champions
1,0,0,0,26,1,1,2,0,0,0,0,0,0,0,1,2,74.95,1834.95,1,2,1,0,1948.7,37.475,0,0.5595038217533018,1,At Risk
1,0,0,0,6,0,0,1,0,0,1,0,1,1,0,1,0,47.95,305.1,1,0,3,1,287.70000000000005,11.9875,1,0.7291889996077277,1,At Risk
0,0,1,1,19,1,1,1,0,0,0,0,0,0,0,0,3,50.1,910.45,0,1,1,0,951.9,25.05,0,0.10444996300013303,2,Fence Sitters
1,0,0,0,3,1,1,1,0,0,0,1,1,0,0,1,0,63.6,155.65,1,0,3,1,190.8,15.9,1,0.5942826329932247,1,At Risk
1,1,1,1,68,0,0,1,0,1,1,0,1,1,2,1,0,53.0,3656.25,0,3,4,0,3604.0,10.6,0,0.05701740596928797,0,Champions
1,0,1,0,2,1,0,0,0,0,0,0,0,0,0,0,2,19.85,52.0,0,0,1,1,39.7,9.925,1,0.2452677230519623,2,Fence Sitters
0,0,0,0,7,0,0,1,0,0,0,0,0,0,1,1,3,24.35,150.85,0,0,0,1,170.45000000000002,24.35,0,0.17778330683260066,2,Fence Sitters
1,0,0,0,18,1,0,0,0,0,0,0,0,0,0,1,1,19.55,389.25,0,1,1,0,351.90000000000003,9.775,0,0.1982563860787957,2,Fence Sitters
1,0,1,0,71,1,1,0,0,0,0,0,0,0,2,0,3,25.05,1873.7,0,3,1,0,1778.55,12.525,0,0.00742856040824695,2,Fence Sitters
0,1,1,0,13,1,1,2,1,1,0,0,0,1,0,0,3,93.8,1261.0,0,1,4,0,1219.4,18.76,0,0.5814586332691213,1,At Risk
0,0,0,0,3,0,0,1,0,1,0,1,0,0,0,1,1,36.85,108.7,1,0,2,1,110.55,12.283333333333331,1,0.5712301147514166,1,At Risk
0,0,1,0,72,1,1,2,0,1,1,0,1,1,2,1,2,103.75,7346.2,0,3,5,0,7470.0,17.291666666666668,0,0.15494194881376208,0,Champions
0,0,1,1,66,0,0,1,0,1,1,0,1,1,2,1,3,56.75,3708.4,0,3,4,0,3745.5,11.35,0,0.03801202172325997,0,Champions
0,0,1,1,24,1,0,0,0,0,0,0,0,0,1,1,3,20.8,469.65,0,1,1,0,499.2000000000001,10.4,0,0.019537813402415498,2,Fence Sitters
1,0,0,0,1,1,0,1,0,0,0,0,0,0,0,1,0,44.1,44.1,1,0,1,1,44.1,22.05,1,0.8045459854269047,1,At Risk
1,0,1,1,56,1,1,0,0,0,0,0,0,0,2,1,1,24.45,1385.85,0,3,1,0,1369.2,12.225,0,0.008360150485981195,2,Fence Sitters
1,1,1,0,22,1,1,0,0,0,0,0,0,0,1,0,2,25.6,548.8,0,1,1,0,563.2,12.8,0,0.05087285408030398,2,Fence Sitters
0,0,0,0,14,0,0,1,0,0,1,0,1,1,0,1,0,50.75,712.75,1,1,3,0,710.5,12.6875,0,0.7821210298150421,1,At Risk
1,1,1,0,61,1,1,2,0,1,1,0,1,1,1,1,3,104.4,6405.0,1,3,5,0,6368.400000000001,17.400000000000002,0,0.167464208106208,0,Champions
1,1,1,0,40,0,0,1,0,1,0,0,1,0,0,1,0,39.3,1637.4,1,2,2,0,1572.0,13.1,0,0.4155138160773698,2,Fence Sitters
1,0,0,0,42,1,0,1,1,1,1,0,0,0,0,0,2,59.65,2536.55,0,2,4,0,2505.3,11.93,0,0.17076166717005878,0,Champions
1,0,1,1,72,1,1,1,1,0,1,1,1,1,2,1,2,83.3,6042.7,0,3,6,0,5997.599999999999,11.9,0,0.008630557674604591,0,Champions
1,0,0,0,12,1,1,2,0,0,0,1,0,0,0,1,3,79.55,958.25,0,0,2,1,954.6,26.516666666666666,1,0.5969456225298958,1,At Risk
0,0,1,0,71,1,1,0,0,0,0,0,0,0,2,0,2,24.45,1730.65,0,3,1,0,1735.95,12.225,0,0.012767305777938298,2,Fence Sitters
1,0,1,0,26,1,0,0,0,0,0,0,0,0,1,0,1,19.2,459.6,0,2,1,0,499.2,9.6,0,0.021324441039656722,2,Fence Sitters
1,0,0,1,7,0,0,1,1,0,0,0,0,0,0,0,1,29.8,201.95,0,0,1,1,208.6,14.9,1,0.23090531329916295,2,Fence Sitters
1,0,1,1,6,1,0,1,0,0,0,0,0,0,0,0,1,45.5,285.2,0,0,1,1,273.0,22.75,1,0.28904678644501924,2,Fence Sitters
1,0,0,0,58,1,0,2,1,1,1,0,1,1,1,1,0,106.45,6145.85,1,3,6,0,6174.1,15.207142857142856,0,0.23210068966292327,0,Champions
0,0,1,0,51,0,0,1,0,1,0,0,0,0,0,1,3,30.05,1529.45,0,3,1,0,1532.55,15.025,0,0.289085546626266,2,Fence Sitters
0,0,1,1,72,0,0,1,1,1,1,1,1,1,2,1,2,65.65,4664.5,0,3,6,0,4726.8,9.37857142857143,0,0.010029044624245264,0,Champions
1,0,0,0,18,1,0,2,1,0,0,0,1,1,0,1,0,96.05,1740.7,1,1,4,0,1728.9,19.21,0,0.7341667321225038,1,At Risk
1,0,0,0,7,1,1,2,0,0,0,0,0,0,0,1,2,75.1,552.95,1,0,1,1,525.6999999999999,37.55,1,0.6825955236293264,1,At Risk
1,0,0,0,47,1,1,1,1,1,0,1,0,1,2,0,1,74.05,3496.3,0,2,5,0,3480.35,12.341666666666669,0,0.023636306584470468,0,Champions
0,1,0,0,2,1,0,1,0,0,0,0,0,0,0,1,0,44.7,93.7,1,0,1,1,89.4,22.35,1,0.7882302053230407,1,At Risk
0,1,0,0,62,1,1,2,0,1,1,1,1,1,1,1,2,110.75,7053.35,0,3,6,0,6866.5,15.821428571428571,0,0.46231291122235396,0,Champions
1,0,1,1,16,1,0,0,0,0,0,0,0,0,2,0,1,19.7,301.55,0,1,1,0,315.2,9.85,0,0.0194467435176989,2,Fence Sitters
0,0,0,0,6,1,0,1,0,0,0,1,0,0,0,1,3,49.5,312.7,0,0,2,1,297.0,16.5,1,0.2981711418695664,2,Fence Sitters
0,0,0,0,19,1,0,1,0,0,1,1,0,0,0,1,3,55.0,1046.5,1,1,3,0,1045.0,13.75,0,0.19004288889421989,2,Fence Sitters
1,0,1,1,69,0,0,1,1,0,1,0,0,1,2,1,3,43.95,2960.1,0,3,3,0,3032.55,10.9875,0,0.013885866409018868,2,Fence Sitters
0,0,1,1,11,1,1,2,0,0,0,0,0,0,0,1,0,74.35,834.2,1,0,1,1,817.8499999999999,37.175,1,0.6738365946102015,1,At Risk
1,0,1,0,64,1,1,2,0,1,1,1,1,1,0,1,0,111.15,6953.4,0,3,6,0,7113.6,15.87857142857143,0,0.39563453978456403,0,Champions
1,0,1,0,39,1,0,2,1,0,1,1,1,1,1,1,3,104.7,4134.85,1,2,6,0,4083.3,14.957142857142856,0,0.31604200681780587,0,Champions
1,0,0,0,15,1,1,1,1,0,0,0,0,0,0,1,1,55.7,899.8,1,1,2,0,835.5,18.566666666666663,0,0.3144325028301455,2,Fence Sitters
0,0,0,0,25,1,0,0,0,0,0,0,0,0,0,0,1,20.6,541.5,0,2,1,0,515.0,10.3,0,0.16783800647981492,2,Fence Sitters
1,0,0,0,6,1,0,0,0,0,0,0,0,0,2,0,3,19.65,116.85,0,0,1,1,117.9,9.825,0,0.024974505435733457,2,Fence Sitters
0,0,1,0,66,1,1,2,1,1,1,1,1,1,1,0,2,115.8,7942.15,0,3,7,0,7642.8,14.475,0,0.5705397848670197,0,Champions
1,0,0,0,61,1,1,1,0,1,1,1,1,1,2,0,3,88.65,5321.25,0,3,6,0,5407.650000000001,12.664285714285716,0,0.033416724059736336,0,Champions
1,1,1,0,43,1,1,2,1,1,0,0,1,0,0,1,0,94.5,4156.8,0,2,4,0,4063.5,18.9,0,0.3256815428624665,0,Champions
1,0,0,0,12,1,0,0,0,0,0,0,0,0,0,0,1,20.1,223.6,0,0,1,1,241.2,10.05,1,0.25371236459585494,2,Fence Sitters
0,1,0,0,23,0,0,1,0,0,0,0,0,1,0,1,2,34.65,768.45,0,1,1,0,796.9499999999999,17.325,0,0.7445622397512893,1,At Risk
0,1,1,0,71,0,0,1,0,1,1,0,1,1,0,1,2,52.3,3765.05,0,3,4,0,3713.3,10.46,0,0.34478951076873576,0,Champions
1,0,0,0,34,1,1,1,0,0,0,1,1,0,0,0,1,65.0,2157.5,0,2,3,0,2210.0,16.25,0,0.23134404607662218,2,Fence Sitters
1,0,0,0,5,1,0,0,0,0,0,0,0,0,0,0,3,19.85,108.05,1,0,1,1,99.25,9.925,1,0.1837357620619621,2,Fence Sitters
1,0,1,0,41,0,0,1,0,1,0,1,0,0,1,0,1,35.45,1391.65,0,2,2,0,1453.45,11.816666666666668,0,0.0804846778677923,2,Fence Sitters
1,0,1,1,72,1,0,0,0,0,0,0,0,0,2,0,3,19.7,1379.8,0,3,1,0,1418.4,9.85,0,0.004661433521585976,2,Fence Sitters
0,1,0,0,14,1,1,2,0,0,0,0,1,1,0,1,0,95.6,1273.3,0,1,3,0,1338.4,23.9,0,0.8667472007393199,1,At Risk
1,0,0,0,41,1,0,0,0,0,0,0,0,0,2,1,1,19.85,810.45,0,2,1,0,813.85,9.925,0,0.017501888291898218,2,Fence Sitters
1,0,1,1,23,1,1,2,1,0,0,0,0,0,1,0,3,81.85,1810.85,0,1,2,0,1882.55,27.28333333333333,0,0.062247187500058955,2,Fence Sitters
0,0,1,1,71,1,0,2,1,1,1,1,1,1,2,0,3,109.3,7782.85,0,3,7,0,7760.3,13.6625,0,0.03259628215005158,0,Champions
1,0,0,0,1,1,0,2,0,0,0,0,0,0,0,1,0,70.3,70.3,1,0,1,1,70.3,35.15,1,0.9258006955645237,1,At Risk
0,0,1,0,72,1,1,0,0,0,0,0,0,0,2,0,1,25.4,1797.1,0,3,1,0,1828.8,12.7,0,0.013031233533109057,2,Fence Sitters
0,0,1,1,6,1,0,2,0,0,0,0,0,0,0,1,0,69.8,377.85,0,0,1,1,418.8,34.9,1,0.5250313439433874,1,At Risk
0,0,1,1,23,1,0,0,0,0,0,0,0,0,1,1,3,20.0,445.3,0,1,1,0,460.0,10.0,0,0.023838345408935032,2,Fence Sitters
0,1,1,0,10,1,1,2,0,0,0,0,0,1,0,0,0,85.55,851.75,1,0,2,1,855.5,28.516666666666666,1,0.8328269889758717,1,At Risk
1,0,0,0,72,1,0,2,1,1,1,1,1,1,2,1,0,109.9,7624.2,0,3,7,0,7912.8,13.7375,0,0.046053754365991434,0,Champions
1,0,1,0,7,1,0,1,1,0,0,0,0,0,0,1,2,50.3,355.1,0,0,2,1,352.1,16.766666666666666,1,0.2382934940846523,2,Fence Sitters
0,0,0,1,6,1,0,2,0,0,1,0,1,1,0,0,1,94.5,575.45,1,0,4,1,567.0,18.9,1,0.7910604326747395,1,At Risk
0,0,1,1,9,1,0,2,0,1,0,1,1,1,0,1,0,101.5,906.85,0,0,5,1,913.5,16.916666666666668,1,0.5383504122763328,1,At Risk
1,0,0,0,12,1,1,2,0,1,0,0,0,1,0,1,0,89.15,1057.55,0,0,3,1,1069.8000000000002,22.2875,1,0.7961705716455995,1,At Risk
1,0,0,0,1,1,0,0,0,0,0,0,0,0,0,1,1,19.4,19.4,0,0,1,1,19.4,9.7,1,0.557332820900843,1,At Risk
1,1,1,1,48,0,0,1,0,1,0,0,0,0,1,0,2,29.9,1388.75,0,2,1,0,1435.1999999999998,14.95,0,0.05041762740382946,2,Fence Sitters
0,0,0,0,20,1,0,2,0,0,0,0,1,0,0,0,0,78.8,1641.3,0,1,2,0,1576.0,26.266666666666666,0,0.8774115488870582,1,At Risk
1,1,1,0,16,1,1,2,0,0,0,0,0,1,0,1,3,85.35,1375.15,1,1,2,0,1365.6,28.45,0,0.5580018567113749,1,At Risk
1,0,0,0,2,1,0,2,0,0,0,0,1,0,0,1,1,79.65,152.7,1,0,2,1,159.3,26.55,1,0.884704188245212,1,At Risk
1,0,0,0,10,1,0,0,0,0,0,0,0,0,1,1,1,19.3,185.2,0,0,1,1,193.0,9.65,0,0.046252018300873825,2,Fence Sitters
1,1,0,0,2,1,0,2,0,0,0,0,0,1,0,1,0,79.6,195.05,1,0,2,1,159.2,26.53333333333333,1,0.8697997483543797,1,At Risk
0,0,1,1,20,1,1,2,0,1,0,1,1,0,0,0,1,96.8,1826.7,0,1,4,0,1936.0,19.36,0,0.34412470957460856,0,Champions
0,0,1,0,20,1,0,0,0,0,0,0,0,0,1,0,1,20.65,417.5,0,1,1,0,413.0,10.325,0,0.03829854151239164,2,Fence Sitters
0,0,1,1,19,1,0,0,0,0,0,0,0,0,1,0,1,19.8,344.5,0,1,1,0,376.2,9.9,0,0.04864425693717168,2,Fence Sitters
0,1,0,0,19,1,1,2,1,0,0,0,1,0,0,1,0,90.6,1660.0,1,1,3,0,1721.4,22.65,0,0.5139141139001046,1,At Risk
0,0,1,0,22,1,0,2,1,1,0,1,1,1,0,1,0,104.6,2180.55,0,1,6,0,2301.2,14.94285714285714,0,0.43450591789715604,0,Champions
1,0,0,0,35,1,1,2,0,0,0,1,0,0,0,0,3,80.05,2835.9,0,2,2,0,2801.75,26.683333333333334,0,0.3783243585825853,1,At Risk
1,0,0,0,1,1,0,1,0,0,0,0,0,0,0,0,1,45.15,45.15,0,0,1,1,45.15,22.575,1,0.8067243221515248,1,At Risk
0,0,0,0,39,1,1,2,0,0,0,0,0,0,0,1,3,73.15,2730.85,0,2,1,0,2852.8500000000004,36.575,0,0.45699376438667516,1,At Risk
1,1,1,0,54,1,0,2,0,0,1,1,1,1,1,1,0,99.1,5437.1,0,3,5,0,5351.4,16.516666666666666,0,0.21027585926965991,0,Champions
1,0,0,0,1,1,0,0,0,0,0,0,0,0,0,1,2,20.2,20.2,1,0,1,1,20.2,10.1,1,0.5500113330848908,1,At Risk
0,0,1,0,66,1,1,2,1,0,1,0,1,1,2,1,3,106.05,6981.35,1,3,5,0,6999.3,17.675,0,0.37515802685070837,0,Champions
0,0,0,0,56,1,1,2,1,0,0,1,1,1,0,1,1,105.35,5794.45,0,3,5,0,5899.599999999999,17.558333333333334,0,0.4930173305797911,0,Champions
0,0,0,1,18,1,0,1,0,0,0,0,0,0,0,1,3,45.65,747.2,0,1,1,0,821.6999999999999,22.825,0,0.17813184848269695,2,Fence Sitters
1,0,1,1,16,1,1,2,0,1,0,0,0,0,0,1,3,79.95,1267.95,0,1,2,0,1279.2,26.65,0,0.311814086640033,1,At Risk
1,0,0,0,68,1,0,1,1,0,1,0,0,0,1,1,3,54.45,3674.95,0,3,3,0,3702.6,13.6125,0,0.03993963537665419,0,Champions
1,1,1,0,53,1,1,0,0,0,0,0,0,0,2,0,3,25.1,1275.6,0,3,1,0,1330.3000000000002,12.55,0,0.014766276255245714,2,Fence Sitters
1,0,1,1,72,1,1,1,1,0,1,1,1,1,2,0,3,84.7,5893.9,0,3,6,0,6098.400000000001,12.1,0,0.009209214011063602,0,Champions
0,0,0,0,9,1,1,2,0,0,0,0,0,0,0,1,0,75.85,724.65,0,0,1,1,682.65,37.925,1,0.8146588044868863,1,At Risk
1,0,0,0,30,1,0,1,1,0,0,0,0,0,0,1,1,48.8,1536.75,0,2,2,0,1464.0,16.266666666666666,0,0.19602034738950255,2,Fence Sitters
1,0,0,0,36,1,1,2,0,1,0,0,1,1,0,1,0,99.15,3615.6,1,2,4,0,3569.4,19.83,0,0.6719191871856284,1,At Risk
1,0,0,0,18,0,0,1,0,0,1,1,0,0,0,1,0,35.2,607.3,0,1,2,0,633.6,11.733333333333334,0,0.2640680527742771,2,Fence Sitters
1,1,1,1,55,1,1,1,1,0,1,1,1,0,1,0,0,76.25,4154.55,0,3,5,0,4193.75,12.708333333333334,0,0.059714525865203406,0,Champions
1,0,1,0,39,0,0,1,1,0,1,0,1,1,0,0,0,55.9,2184.35,1,2,4,0,2180.1,11.18,0,0.4200432914140868,0,Champions
0,0,0,0,21,1,1,2,0,1,0,0,0,0,0,1,0,82.35,1852.85,1,1,2,0,1729.35,27.45,0,0.7903016240119302,1,At Risk
0,0,0,0,2,0,0,1,0,1,1,1,0,0,0,1,3,40.4,77.15,1,0,3,1,80.8,10.1,1,0.5454279828053058,1,At Risk
0,1,0,0,33,1,1,0,0,0,0,0,0,0,1,1,2,24.9,847.8,0,2,1,0,821.6999999999999,12.45,0,0.0881822677656954,2,Fence Sitters
0,0,1,0,44,0,0,1,0,1,1,0,1,1,2,0,2,54.3,2390.45,0,2,4,0,2389.2,10.86,0,0.07813755610519336,0,Champions
1,0,1,1,30,1,0,1,1,0,0,1,0,1,0,0,2,66.3,1923.5,0,2,4,0,1989.0,13.26,0,0.05341555485311771,0,Champions
1,0,1,0,71,1,0,0,0,0,0,0,0,0,2,1,2,20.9,1493.2,0,3,1,0,1483.9,10.45,0,0.005788248258481092,2,Fence Sitters
1,0,0,0,4,1,1,2,0,0,0,0,0,0,0,0,0,75.35,338.1,1,0,1,1,301.4,37.675,1,0.8773490533377266,1,At Risk
0,0,0,1,35,1,0,2,0,0,1,0,1,0,1,1,0,85.15,3030.6,1,2,3,0,2980.25,21.2875,0,0.3052712965997792,0,Champions
0,0,1,0,1,1,0,2,0,0,1,0,0,0,0,0,3,75.35,75.35,0,0,2,1,75.35,25.116666666666664,1,0.638470378824401,1,At Risk
0,1,1,0,23,1,1,2,0,1,1,0,1,1,0,1,0,104.45,2184.85,0,1,5,0,2402.35,17.408333333333335,0,0.7290447625338434,1,At Risk
1,0,0,1,22,0,0,1,0,0,1,0,1,1,1,1,3,49.45,1031.4,0,1,3,0,1087.9,12.3625,0,0.0942007111891967,2,Fence Sitters
1,0,0,1,49,1,0,0,0,0,0,0,0,0,1,0,3,19.45,921.3,0,3,1,0,953.05,9.725,0,0.022838869237187295,2,Fence Sitters
1,0,1,1,42,1,0,2,0,0,1,0,1,1,0,1,0,92.15,3875.4,0,2,4,0,3870.3,18.43,0,0.537057404460262,0,Champions
1,0,1,1,33,1,0,2,0,0,1,0,1,1,1,1,0,93.8,3124.5,1,2,4,0,3095.4,18.76,0,0.25984142548259687,0,Champions
1,0,1,1,7,1,0,0,0,0,0,0,0,0,2,0,1,19.85,144.15,0,0,1,1,138.95000000000002,9.925,0,0.028980136398272932,2,Fence Sitters
1,0,1,1,67,1,1,2,1,0,1,1,0,1,1,1,2,100.25,6689.0,0,3,5,0,6716.75,16.708333333333332,0,0.14944857026516947,0,Champions
0,0,0,0,15,1,1,2,0,1,0,1,0,1,0,0,0,95.7,1451.1,0,1,4,0,1435.5,19.14,0,0.44757523789094233,1,At Risk
0,0,1,0,67,1,1,2,0,1,1,0,0,1,2,1,0,93.15,6368.2,0,3,4,0,6241.05,18.630000000000003,0,0.09941460567141679,0,Champions
0,0,1,1,53,1,0,1,1,1,0,1,1,0,2,1,1,69.7,3729.6,0,3,5,0,3694.1,11.616666666666667,0,0.00916256884223512,0,Champions
0,0,1,1,21,1,0,0,0,0,0,0,0,0,1,0,1,19.8,350.1,0,1,1,0,415.8,9.9,0,0.04165259001747844,2,Fence Sitters
1,0,1,1,40,1,0,1,1,1,0,1,0,1,0,1,1,71.35,2847.2,0,2,5,0,2854.0,11.891666666666666,0,0.10448543815536498,0,Champions
1,0,1,1,22,1,0,0,0,0,0,0,0,0,1,0,2,20.75,452.35,0,1,1,0,456.5,10.375,0,0.02718706371166578,2,Fence Sitters
0,0,0,0,39,0,0,1,0,0,0,1,0,1,0,1,0,40.6,1494.5,0,2,2,0,1583.4,13.533333333333331,0,0.3228834032061709,2,Fence Sitters
0,0,0,0,45,1,0,0,0,0,0,0,0,0,1,1,0,20.4,930.45,1,2,1,0,918.0,10.2,0,0.04960479989196186,2,Fence Sitters
1,0,1,0,2,1,0,0,0,0,0,0,0,0,0,0,1,20.35,41.85,0,0,1,1,40.7,10.175,1,0.30123234884391537,2,Fence Sitters
1,0,1,1,57,1,0,0,0,0,0,0,0,0,2,0,2,19.75,1272.05,0,3,1,0,1125.75,9.875,0,0.01203769037668949,2,Fence Sitters
0,0,1,1,8,1,0,1,0,0,0,0,1,0,0,1,0,54.4,475.1,0,0,2,1,435.2,18.133333333333333,1,0.4538149717007158,1,At Risk
0,1,1,0,7,1,1,2,1,1,0,0,0,1,0,1,3,94.7,673.1,1,0,4,1,662.9,18.94,1,0.6521290716521316,1,At Risk
0,0,0,0,6,0,0,1,0,1,0,0,0,0,0,1,3,30.5,208.7,1,0,1,1,183.0,15.25,1,0.47178419501972785,2,Fence Sitters
1,0,1,1,7,1,0,0,0,0,0,0,0,0,0,0,1,20.45,150.75,0,0,1,1,143.15,10.225,1,0.12995869977688387,2,Fence Sitters
0,0,0,0,49,1,1,1,0,0,0,1,1,0,2,1,2,66.15,3199.0,0,3,3,0,3241.3500000000004,16.5375,0,0.05692102148367931,0,Champions
1,0,0,0,65,1,1,2,1,1,0,1,0,0,1,1,0,89.85,5844.65,0,3,4,0,5840.25,17.97,0,0.10678684641055546,0,Champions
1,0,0,0,55,1,0,1,0,0,0,0,0,0,1,0,2,45.05,2462.6,0,3,1,0,2477.75,22.525,0,0.058885764946121535,2,Fence Sitters
0,0,1,1,71,1,1,1,1,1,1,1,1,1,2,0,2,86.85,6263.8,0,3,7,0,6166.349999999999,10.85625,0,0.00922783230627447,0,Champions
0,0,0,0,35,1,1,2,1,1,1,1,0,0,0,1,1,96.75,3403.4,0,2,5,0,3386.25,16.125,0,0.19411052976884988,0,Champions
0,1,0,0,3,1,1,2,0,0,0,0,0,0,0,1,0,77.0,237.75,1,0,1,1,231.0,38.5,1,0.931552900583841,1,At Risk
1,0,0,1,11,1,0,0,0,0,0,0,0,0,0,0,3,20.1,221.35,1,0,1,1,221.1,10.05,1,0.09517283165839605,2,Fence Sitters
1,0,0,0,1,1,0,2,0,0,1,0,0,0,0,0,0,75.3,75.3,1,0,2,1,75.3,25.1,1,0.8913630287800248,1,At Risk
0,0,0,0,17,1,1,2,1,1,1,1,1,0,0,1,2,106.65,1672.1,0,1,6,0,1813.05,15.235714285714286,0,0.38623846161064335,0,Champions
1,0,1,0,72,1,1,2,1,0,1,1,1,1,2,1,3,110.15,7881.2,0,3,6,0,7930.8,15.735714285714286,0,0.0195787775657353,0,Champions
1,0,1,1,28,1,0,2,1,0,0,0,0,1,1,1,2,82.85,2320.8,0,2,3,0,2319.8,20.7125,0,0.07451183703242854,0,Champions
1,0,1,0,18,1,0,0,0,0,0,0,0,0,2,0,1,20.1,370.5,0,1,1,0,361.8,10.05,0,0.023180166991128456,2,Fence Sitters
1,1,1,0,40,1,0,2,0,1,0,1,1,1,1,1,3,99.2,4062.2,1,2,5,0,3968.0,16.533333333333335,0,0.12855296590749515,0,Champions
1,0,0,0,52,1,0,1,0,0,1,0,0,1,0,1,0,59.45,3043.7,0,3,3,0,3091.4,14.8625,0,0.3210893244959428,0,Champions
1,0,1,0,47,1,0,1,0,1,0,0,1,0,0,1,2,58.6,2723.4,0,2,3,0,2754.2000000000003,14.65,0,0.19674392602532864,0,Champions
1,0,0,0,23,1,0,1,0,0,1,0,0,0,0,0,3,49.7,1081.25,0,1,2,0,1143.1,16.566666666666666,0,0.30658905077428394,2,Fence Sitters
0,0,1,1,66,1,0,1,1,1,1,1,0,0,2,0,1,65.85,4097.05,0,3,5,0,4346.099999999999,10.975,0,0.01370762940481779,0,Champions
1,0,0,0,8,1,1,2,0,0,0,0,0,0,0,1,0,73.5,632.2,0,0,1,1,588.0,36.75,1,0.6291682400843398,1,At Risk
0,1,0,0,47,1,0,2,1,0,0,0,0,1,0,0,1,85.5,4042.3,1,2,3,0,4018.5,21.375,0,0.5403081343816222,0,Champions
1,0,0,0,7,1,0,0,0,0,0,0,0,0,0,0,1,20.05,164.85,1,0,1,1,140.35,10.025,1,0.26065671209907587,2,Fence Sitters
1,0,1,1,71,1,1,2,1,1,1,1,1,1,2,0,3,113.65,8166.8,0,3,7,0,8069.150000000001,14.20625,0,0.01915702084441036,0,Champions
1,1,0,0,50,1,1,2,1,1,0,0,0,0,0,1,0,83.4,4113.7,0,3,3,0,4170.0,20.85,0,0.2762881778981113,0,Champions
0,0,1,0,46,1,0,1,1,1,1,1,0,0,2,0,1,65.65,3047.15,0,2,5,0,3019.9,10.941666666666668,0,0.027503022893848945,0,Champions
0,0,0,0,1,1,0,2,0,0,0,0,0,0,0,0,0,70.4,70.4,1,0,1,1,70.4,35.2,1,0.9241811038269617,1,At Risk
1,0,0,0,66,0,0,1,1,0,1,1,1,1,2,1,2,61.35,4193.4,0,3,5,0,4049.1,10.225,0,0.01845593843190494,0,Champions
1,0,1,0,42,1,1,2,0,0,1,1,0,0,0,1,3,85.9,3729.75,0,2,3,0,3607.8,21.475,0,0.33918331653003314,0,Champions
1,0,0,0,5,1,0,2,0,0,0,1,0,0,0,1,1,75.65,399.45,0,0,2,1,378.25,25.21666666666667,1,0.6420382178810335,1,At Risk
0,0,1,1,7,1,0,1,1,0,0,0,0,0,1,1,0,49.75,331.3,1,0,2,1,348.25,16.583333333333332,0,0.15794233070403488,2,Fence Sitters
0,0,0,0,29,1,1,1,0,1,1,0,0,1,1,0,3,70.9,1964.6,0,2,4,0,2056.1000000000004,14.18,0,0.19290300617838957,0,Champions
1,0,1,1,27,1,0,1,0,1,0,0,0,0,0,0,1,49.85,1336.15,0,2,2,0,1345.95,16.616666666666667,0,0.06593588901861737,2,Fence Sitters
1,1,0,0,15,1,0,2,0,1,0,0,0,0,0,1,3,75.3,1147.45,1,1,2,0,1129.5,25.1,0,0.49464497611995906,1,At Risk
1,0,1,1,25,1,0,0,0,0,0,0,0,0,2,0,1,20.1,486.05,0,2,1,0,502.50000000000006,10.05,0,0.01306725777284488,2,Fence Sitters
1,0,1,0,11,1,1,2,0,0,0,0,1,1,0,1,0,94.0,1078.9,1,0,3,1,1034.0,23.5,1,0.8486645187976981,1,At Risk
0,0,1,0,57,1,1,2,1,1,1,1,1,0,0,1,0,103.05,5925.75,0,3,6,0,5873.849999999999,14.721428571428572,0,0.3004770779753302,0,Champions
0,0,0,0,67,1,1,2,1,1,1,1,1,1,1,1,2,118.35,7804.15,1,3,7,0,7929.45,14.79375,0,0.601821067379111,0,Champions
1,1,1,0,47,1,1,2,0,0,1,0,1,1,0,0,0,99.7,4747.2,0,2,4,0,4685.900000000001,19.94,0,0.7202596332172464,0,Champions
1,0,0,0,13,1,0,2,0,0,0,0,1,0,0,1,1,81.9,1028.9,0,1,2,0,1064.7,27.3,0,0.8397051551028616,1,At Risk
0,0,0,0,8,0,0,1,1,0,0,0,0,0,0,1,0,30.45,226.45,1,0,1,1,243.6,15.225,1,0.7220321126817093,1,At Risk
1,0,1,0,44,1,1,2,0,0,0,0,1,1,0,1,0,96.1,4364.1,1,2,3,0,4228.4,24.025,0,0.7931589761401712,1,At Risk
0,0,1,1,71,1,1,1,1,0,0,0,1,0,1,1,0,66.2,4692.55,0,3,3,0,4700.2,16.55,0,0.05149004229703383,0,Champions
0,1,1,0,24,1,1,2,0,1,1,0,1,1,0,1,0,104.25,2433.9,1,1,5,0,2502.0,17.375,0,0.7569103851182734,1,At Risk
0,1,0,0,15,1,1,2,0,1,0,0,0,0,0,1,0,80.2,1217.25,1,1,2,0,1203.0,26.73333333333333,0,0.7344725065698908,1,At Risk
1,0,0,0,1,1,0,0,0,0,0,0,0,0,0,0,0,19.75,19.75,0,0,1,1,19.75,9.875,1,0.6888427933435579,1,At Risk
0,1,0,0,2,1,1,2,0,0,0,0,0,0,0,1,1,72.6,154.3,0,0,1,1,145.2,36.3,1,0.771851791761191,1,At Risk
0,1,0,0,55,1,1,2,1,1,1,1,1,1,0,1,0,116.5,6382.55,0,3,7,0,6407.5,14.5625,0,0.279497389644385,0,Champions
0,1,0,0,71,1,1,2,0,1,0,1,1,1,2,1,0,106.8,7623.2,0,3,5,0,7582.8,17.8,0,0.19026790389581663,0,Champions
0,0,1,1,50,1,1,0,0,0,0,0,0,0,2,0,1,24.95,1261.45,0,3,1,0,1247.5,12.475,0,0.01811468275669233,2,Fence Sitters
0,0,0,0,1,1,0,2,0,0,0,0,1,1,0,1,0,89.25,89.25,0,0,3,1,89.25,22.3125,1,0.925321460341409,1,At Risk
0,0,0,0,5,1,0,0,0,0,0,0,0,0,0,1,1,19.25,86.05,0,0,1,1,96.25,9.625,1,0.24988957228696687,2,Fence Sitters
1,0,0,0,66,1,1,2,1,1,1,1,1,0,1,1,2,104.55,6779.05,0,3,6,0,6900.3,14.935714285714283,0,0.2165928788448591,0,Champions
1,0,1,1,49,1,0,1,1,1,1,1,1,1,1,1,1,87.2,4345.0,0,3,7,0,4272.8,10.9,0,0.0509532446319857,0,Champions
1,1,1,0,3,0,0,1,0,1,0,0,0,0,0,1,0,30.75,82.85,0,0,1,1,92.25,15.375,1,0.4313684254204638,2,Fence Sitters
0,0,1,1,66,1,1,0,0,0,0,0,0,0,1,1,3,25.7,1714.55,0,3,1,0,1696.2,12.85,0,0.022199848682690964,2,Fence Sitters
0,0,0,1,11,1,1,2,0,0,0,0,0,1,0,0,0,86.2,893.2,0,0,2,1,948.2,28.73333333333333,1,0.8023727478124825,1,At Risk
0,0,0,0,28,0,0,1,0,0,0,1,0,0,0,1,3,30.1,810.85,0,2,1,0,842.8000000000001,15.05,0,0.3065274627524152,2,Fence Sitters
0,0,1,0,65,1,1,2,1,1,1,0,1,0,2,1,0,99.35,6347.55,0,3,5,0,6457.75,16.558333333333334,0,0.13981620466686107,0,Champions
1,0,0,0,62,1,0,0,0,0,0,0,0,0,2,1,3,19.2,1123.65,0,3,1,0,1190.4,9.6,0,0.012509249038602493,2,Fence Sitters
1,0,1,0,2,1,0,0,0,0,0,0,0,0,0,0,2,20.1,43.15,0,0,1,1,40.2,10.05,1,0.25079558665643475,2,Fence Sitters
1,0,0,0,2,1,0,0,0,0,0,0,0,0,0,0,3,20.35,35.1,0,0,1,1,40.7,10.175,1,0.1937141089860729,2,Fence Sitters
1,0,1,1,55,1,1,0,0,0,0,0,0,0,2,1,3,25.65,1388.0,0,3,1,0,1410.75,12.825,0,0.008249303561354972,2,Fence Sitters
0,1,1,0,41,1,0,2,0,1,0,0,1,1,0,1,0,94.55,3851.45,0,2,4,0,3876.55,18.91,0,0.5295186785914652,0,Champions
1,0,1,1,17,1,1,2,1,0,1,0,1,1,0,1,0,104.2,1743.5,1,1,5,0,1771.4,17.366666666666667,0,0.5930825384271768,1,At Risk
1,0,0,0,30,1,0,2,0,0,0,1,1,1,1,1,2,94.4,2638.1,0,2,4,0,2832.0,18.880000000000003,0,0.31797162472574975,0,Champions
0,0,0,0,17,1,0,1,1,1,0,0,0,0,1,0,1,56.1,946.95,0,1,3,0,953.7,14.025,0,0.1231301117301922,2,Fence Sitters
1,0,1,1,16,1,0,1,1,1,0,1,0,1,2,0,2,68.25,1114.85,0,1,5,0,1092.0,11.375,0,0.01696102038772002,0,Champions
0,0,0,0,72,1,1,0,0,0,0,0,0,0,2,0,2,24.75,1777.6,0,3,1,0,1782.0,12.375,0,0.014292790013701937,2,Fence Sitters
0,0,0,0,9,1,1,2,0,0,0,0,0,0,0,1,0,76.25,684.85,0,0,1,1,686.25,38.125,1,0.8146588044868863,1,At Risk
1,0,0,0,1,1,0,2,0,1,0,0,0,0,0,0,0,74.35,74.35,0,0,2,1,74.35,24.78333333333333,1,0.7887207999859039,1,At Risk
0,0,0,1,23,1,0,1,0,1,0,1,0,0,0,0,0,54.15,1312.45,0,1,3,0,1245.45,13.5375,0,0.1093864663272512,2,Fence Sitters
0,0,0,1,8,1,0,0,0,0,0,0,0,0,0,0,2,19.45,159.2,0,0,1,1,155.6,9.725,1,0.13425977416069523,2,Fence Sitters
0,0,1,1,19,0,0,1,1,1,0,0,0,0,0,1,1,34.95,610.2,0,1,2,0,664.0500000000001,11.65,0,0.1471509185118647,2,Fence Sitters
1,0,0,0,7,1,1,1,1,0,0,0,0,0,0,1,0,53.65,404.35,0,0,2,1,375.55,17.883333333333333,1,0.36818512082065985,1,At Risk
0,1,0,0,1,1,0,2,0,0,0,0,0,0,0,1,0,69.65,69.65,1,0,1,1,69.65,34.825,1,0.9413503047453768,1,At Risk
0,0,0,0,61,1,1,2,1,0,1,0,1,1,1,0,0,104.0,6363.45,0,3,5,0,6344.0,17.333333333333332,0,0.5150208163023616,0,Champions
1,0,1,0,57,1,0,1,1,1,0,1,1,0,2,1,3,70.35,4124.65,0,3,5,0,4009.95,11.725,0,0.015584427282112673,0,Champions
0,0,0,0,9,1,0,2,0,0,0,0,0,1,0,1,0,80.8,713.1,1,0,2,1,727.1999999999999,26.933333333333334,1,0.8816983100671523,1,At Risk
0,0,0,1,15,1,0,1,1,0,1,0,0,1,1,0,1,64.85,950.75,0,1,4,0,972.75,12.97,0,0.06003601525748096,0,Champions
1,0,0,0,1,1,0,0,0,0,0,0,0,0,0,0,1,19.65,19.65,0,0,1,1,19.65,9.825,1,0.6258745431276408,1,At Risk
1,0,1,0,12,1,0,1,0,0,0,0,0,0,0,0,2,45.9,505.95,0,0,1,1,550.8,22.95,1,0.3948377864230298,2,Fence Sitters
0,0,0,0,54,1,0,0,0,0,0,0,0,0,2,0,1,20.0,1149.65,0,3,1,0,1080.0,10.0,0,0.020356047215963572,2,Fence Sitters
0,0,1,1,4,1,0,1,0,0,0,0,0,0,0,0,0,44.8,169.65,0,0,1,1,179.2,22.4,1,0.5732371534290522,1,At Risk
1,0,0,0,7,1,0,2,0,0,0,0,1,0,0,1,1,80.3,526.7,1,0,2,1,562.1,26.766666666666666,1,0.8506263232432365,1,At Risk
1,0,1,0,20,1,0,0,0,0,0,0,0,0,1,0,1,20.35,393.15,0,1,1,0,407.0,10.175,0,0.04706556943426734,2,Fence Sitters
1,0,0,1,26,0,0,1,1,0,0,1,0,1,0,0,1,45.8,1147.0,0,2,3,0,1190.8,11.45,0,0.17064468600115856,2,Fence Sitters
0,1,1,0,36,1,1,2,0,0,0,0,0,1,0,1,0,84.1,3021.6,1,2,2,0,3027.6,28.03333333333333,0,0.7238205964779401,1,At Risk
1,0,1,0,53,1,1,2,0,1,1,1,1,1,1,1,2,108.95,5718.2,0,3,6,0,5774.35,15.564285714285717,0,0.2503732233293779,0,Champions
0,0,0,0,3,1,0,1,0,0,0,1,1,1,0,1,0,69.35,191.35,1,0,4,1,208.05,13.87,1,0.3803756936610554,1,At Risk
1,0,0,0,68,0,0,1,1,1,1,1,1,1,2,0,3,64.35,4539.6,0,3,6,0,4375.799999999999,9.19285714285714,0,0.0235632125578942,0,Champions
0,0,1,1,72,1,1,1,1,1,1,1,1,1,2,1,3,90.8,6397.6,0,3,7,0,6537.599999999999,11.35,0,0.011723874282391645,0,Champions
0,0,0,0,12,1,1,0,0,0,0,0,0,0,1,0,3,24.95,280.4,0,0,1,1,299.4,12.475,0,0.1273193311575911,2,Fence Sitters
1,1,1,1,34,1,1,2,0,1,0,0,0,0,0,1,1,79.6,2718.3,1,2,2,0,2706.4,26.53333333333333,0,0.3170195718319531,1,At Risk
1,0,1,0,68,1,1,2,1,1,0,0,0,0,2,1,2,84.7,5711.05,0,3,3,0,5759.6,21.175,0,0.02204706377251275,0,Champions
1,0,0,1,50,1,0,1,1,0,1,1,1,0,1,1,3,70.8,3478.15,0,3,5,0,3540.0,11.8,0,0.046092942440286944,0,Champions
1,1,0,0,1,0,0,1,0,0,0,0,1,0,0,1,0,36.45,36.45,1,0,1,1,36.45,18.225,1,0.9243179697660676,1,At Risk
1,1,0,0,41,1,1,2,0,1,1,0,1,1,0,1,0,104.4,4133.95,0,2,5,0,4280.400000000001,17.400000000000002,0,0.5619145178738147,0,Champions
0,1,1,0,30,1,1,2,0,0,0,1,1,1,0,1,0,101.5,2917.65,0,2,4,0,3045.0,20.3,0,0.4040642546991483,0,Champions
0,0,0,0,1,1,1,1,0,1,0,0,0,0,0,0,0,54.3,54.3,0,0,2,1,54.3,18.1,1,0.5607006021460244,1,At Risk
0,1,1,1,29,1,1,2,0,0,1,0,1,1,0,1,0,103.95,2964.8,0,2,4,0,3014.55,20.79,0,0.5237874901439923,0,Champions
1,0,1,1,23,1,1,1,1,1,1,1,1,1,2,1,3,91.1,2198.3,0,1,7,0,2095.3,11.3875,0,0.020828134475285687,0,Champions
0,0,0,1,60,1,0,0,0,0,0,0,0,0,2,0,1,19.95,1189.9,0,3,1,0,1197.0,9.975,0,0.019757915268590887,2,Fence Sitters
1,0,1,0,72,1,1,0,0,0,0,0,0,0,2,0,3,26.45,1914.5,0,3,1,0,1904.4,13.225,0,0.008379953268586374,2,Fence Sitters
0,0,0,1,22,1,0,2,0,1,1,0,1,0,0,1,0,89.4,2001.5,1,1,4,0,1966.8,17.880000000000003,0,0.6176475673267247,1,At Risk
0,0,0,0,72,1,0,1,1,1,1,1,1,0,2,1,2,75.1,5336.35,0,3,6,0,5407.2,10.728571428571428,0,0.008192468413448818,0,Champions
1,1,0,0,66,1,1,2,0,1,1,0,1,1,1,0,2,108.1,7238.6,0,3,5,0,7134.599999999999,18.016666666666666,0,0.22129803104490076,0,Champions
1,0,1,0,72,1,1,2,0,1,1,1,1,1,2,1,0,110.15,7998.8,0,3,6,0,7930.8,15.735714285714286,0,0.06230635405031667,0,Champions
1,1,1,0,47,1,1,2,1,0,0,0,0,0,0,0,0,80.35,3825.85,1,2,2,0,3776.45,26.78333333333333,0,0.2823219811879785,0,Champions
1,0,0,0,51,1,1,2,0,1,1,1,1,1,1,1,0,111.5,5703.25,0,3,6,0,5686.5,15.928571428571429,0,0.27343996532044595,0,Champions
1,0,1,1,70,1,1,2,0,1,1,0,1,1,1,1,0,106.5,7397.0,0,3,5,0,7455.0,17.75,0,0.1695327461908076,0,Champions
0,0,0,0,9,1,0,0,0,0,0,0,0,0,1,1,0,19.9,164.6,0,0,1,1,179.1,9.95,0,0.07741920945979175,2,Fence Sitters
0,0,1,1,59,1,1,2,1,1,0,1,1,1,2,1,1,111.1,6555.2,0,3,6,0,6554.9,15.87142857142857,0,0.08308298308525473,0,Champions
0,0,0,1,3,1,0,1,0,0,0,1,1,1,0,0,1,70.7,225.65,0,0,4,1,212.1,14.14,1,0.32586770268704096,1,At Risk
0,1,1,0,38,0,0,1,0,0,0,0,0,0,0,1,0,24.85,955.75,0,2,0,0,944.3,24.85,0,0.511488233093315,2,Fence Sitters
1,0,0,0,37,1,1,2,1,1,1,0,0,0,0,0,2,91.2,3382.3,0,2,4,0,3374.4,18.24,0,0.20783938577546304,0,Champions
0,0,0,0,37,1,0,1,1,1,1,1,0,0,2,0,2,65.6,2313.8,0,2,5,0,2427.2,10.933333333333332,0,0.026306324624357683,0,Champions
1,1,1,0,24,0,0,1,0,0,1,0,0,1,0,1,3,40.65,933.3,1,1,2,0,975.6,13.55,0,0.3772025058946895,2,Fence Sitters
1,0,1,1,14,1,0,1,1,1,0,1,0,0,0,0,2,59.45,780.85,0,1,4,0,832.3000000000001,11.89,0,0.09861516639007498,2,Fence Sitters
0,0,1,0,72,1,1,2,1,1,0,1,1,1,2,1,3,109.95,7852.4,0,3,6,0,7916.400000000001,15.707142857142856,0,0.06933530226674667,0,Champions
0,0,1,0,53,0,0,1,0,1,1,1,1,1,1,1,0,60.45,3184.25,1,3,5,0,3203.8500000000004,10.075,0,0.10662416665572746,0,Champions
1,0,1,0,8,1,1,2,0,0,0,0,0,1,0,1,0,84.9,764.95,1,0,2,1,679.2,28.3,1,0.8351512913945013,1,At Risk
0,0,1,1,72,0,0,1,1,1,1,0,0,0,2,0,3,38.5,2763.0,0,3,3,0,2772.0,9.625,0,0.006663454331217844,2,Fence Sitters
1,1,1,0,17,1,1,2,0,0,0,0,1,1,0,1,0,92.55,1614.7,0,1,3,0,1573.35,23.1375,0,0.6620681272445176,1,At Risk
1,0,1,1,2,1,0,2,0,1,0,0,0,0,0,1,2,73.55,145.4,1,0,2,1,147.1,24.516666666666666,1,0.6907308831233347,1,At Risk
1,0,1,0,8,1,0,0,0,0,0,0,0,0,0,0,2,20.15,156.25,1,0,1,1,161.2,10.075,1,0.22944135532448073,2,Fence Sitters
1,0,1,0,48,0,0,1,0,1,1,0,0,0,1,0,1,34.7,1604.5,1,2,2,0,1665.6,11.566666666666668,0,0.0801194135163897,2,Fence Sitters
1,0,0,0,10,1,1,0,0,0,0,0,0,0,0,1,1,24.5,270.15,0,0,1,1,245.0,12.25,1,0.2697421141444793,2,Fence Sitters
0,0,0,0,1,1,0,0,0,0,0,0,0,0,0,0,1,20.6,20.6,0,0,1,1,20.6,10.3,1,0.5465123665984496,1,At Risk
1,0,0,0,29,1,0,1,1,0,1,1,0,0,1,0,3,58.0,1734.5,0,2,4,0,1682.0,11.6,0,0.04407790072142058,0,Champions
1,1,1,1,65,1,1,2,0,1,1,0,1,1,1,1,0,107.45,7047.5,0,3,5,0,6984.25,17.908333333333335,0,0.18744306437454844,0,Champions
1,0,0,0,8,1,1,1,1,1,1,0,0,0,0,1,2,65.5,573.15,0,0,4,1,524.0,13.1,1,0.09511973945969845,0,Champions
0,0,1,0,61,1,1,0,0,0,0,0,0,0,2,0,2,25.45,1538.6,0,3,1,0,1552.45,12.725,0,0.016427775143981933,2,Fence Sitters
1,1,0,0,45,1,1,2,0,0,1,0,1,1,1,1,2,100.15,4459.8,0,2,4,0,4506.75,20.03,0,0.37845437670887694,0,Champions
0,0,1,1,72,1,1,2,0,1,1,0,1,1,1,1,3,104.45,7459.0,0,3,5,0,7520.400000000001,17.408333333333335,0,0.20737614336301663,0,Champions
0,0,1,1,12,1,0,0,0,0,0,0,0,0,0,1,0,21.15,306.05,0,0,1,1,253.8,10.575,1,0.13033999457938247,2,Fence Sitters
0,0,0,0,7,1,1,2,0,0,0,0,1,1,0,0,0,96.2,639.7,0,0,3,1,673.4,24.05,1,0.9662079495256549,1,At Risk
0,0,0,0,9,1,0,1,0,0,0,0,0,0,0,1,1,44.4,348.15,0,0,1,1,399.6,22.2,1,0.6960650191684684,1,At Risk
1,1,1,0,43,1,1,2,0,0,1,1,1,1,1,1,0,107.55,4533.9,1,2,5,0,4624.65,17.925,0,0.45932237086666267,0,Champions
0,0,1,1,58,1,1,2,0,0,1,1,0,1,2,0,2,94.35,5563.65,0,3,4,0,5472.299999999999,18.87,0,0.08578869646769041,0,Champions
0,1,1,0,16,1,1,2,0,0,1,0,1,1,0,1,0,98.75,1587.55,1,1,4,0,1580.0,19.75,0,0.8443206554902757,1,At Risk
0,0,1,1,2,1,0,0,0,0,0,0,0,0,0,0,1,20.3,40.25,0,0,1,1,40.6,10.15,1,0.2238592436651154,2,Fence Sitters
1,0,1,0,8,1,0,2,0,1,1,0,1,1,0,0,0,101.15,842.9,1,0,5,1,809.2,16.858333333333334,1,0.8106549254960528,1,At Risk
1,0,1,0,40,1,1,2,1,0,1,0,1,1,1,0,2,105.75,4228.55,0,2,5,0,4230.0,17.625,0,0.38802588909408225,0,Champions
0,0,0,0,9,1,1,2,1,0,0,0,0,0,0,1,0,81.15,784.45,0,0,2,1,730.35,27.05,1,0.4828051153873474,1,At Risk
0,0,0,0,41,1,0,2,0,1,0,1,1,0,1,1,0,89.55,3729.75,0,2,4,0,3671.55,17.91,0,0.0930525034122596,0,Champions
1,0,0,0,26,1,0,1,0,1,1,0,0,0,0,1,3,54.75,1406.9,0,2,3,0,1423.5,13.6875,0,0.19544794687217804,2,Fence Sitters
1,0,1,0,33,1,0,1,0,1,0,1,0,0,1,1,3,53.75,1857.3,0,2,3,0,1773.75,13.4375,0,0.07460052286571665,2,Fence Sitters
0,0,1,1,68,1,0,2,0,1,1,1,1,1,1,0,3,105.75,7322.5,0,3,6,0,7191.0,15.107142857142858,0,0.20692418953387534,0,Champions
1,1,1,0,65,1,0,2,0,1,1,1,1,1,2,1,3,105.85,6725.5,0,3,6,0,6880.25,15.12142857142857,0,0.13646757957063368,0,Champions
0,0,0,0,55,1,0,1,0,1,0,1,0,1,1,1,0,64.2,3627.3,0,3,4,0,3531.0,12.84,0,0.05699703277095962,0,Champions
0,0,0,0,20,1,1,2,0,0,1,0,1,0,0,1,0,88.7,1761.45,1,1,3,0,1774.0,22.175,0,0.7173188739779393,1,At Risk
0,0,0,0,19,1,0,2,0,0,0,1,0,1,1,1,3,87.7,1725.95,0,1,3,0,1666.3,21.925,0,0.1411550869441109,0,Champions
1,0,0,0,45,1,1,2,0,0,1,0,0,1,0,1,3,89.3,4192.15,0,2,3,0,4018.5,22.325,0,0.4777064670410236,0,Champions
1,0,1,1,70,1,0,0,0,0,0,0,0,0,2,1,3,20.15,1411.2,0,3,1,0,1410.5,10.075,0,0.005052806625097036,2,Fence Sitters
1,0,0,0,2,1,0,2,0,0,0,0,1,0,0,1,0,79.75,164.5,1,0,2,1,159.5,26.58333333333333,1,0.8930766808254201,1,At Risk
1,0,0,0,27,1,1,2,0,0,0,0,1,1,0,1,1,94.55,2724.6,1,2,3,0,2552.85,23.6375,0,0.8077711411900579,1,At Risk
1,0,1,0,12,1,0,0,0,0,0,0,0,0,2,1,0,20.05,264.55,0,0,1,1,240.6,10.025,0,0.029783021898982676,2,Fence Sitters
0,0,0,1,72,0,0,1,1,1,1,1,1,1,2,0,3,67.2,4671.7,0,3,6,0,4838.400000000001,9.6,0,0.011234104515934573,0,Champions
0,0,0,0,12,1,1,2,0,0,0,0,1,1,0,0,0,94.55,1173.55,0,0,3,1,1134.6,23.6375,1,0.9125678981695228,1,At Risk
1,1,0,0,5,1,0,2,0,0,0,0,0,0,0,1,1,69.05,318.5,1,0,1,1,345.25,34.525,1,0.7222908547276302,1,At Risk
0,1,1,0,71,1,1,2,1,1,1,0,1,1,0,1,0,107.5,7713.55,0,3,6,0,7632.5,15.357142857142858,0,0.34967458197507173,0,Champions
0,1,0,0,35,1,0,1,0,0,1,1,1,1,1,1,0,73.0,2471.25,0,2,5,0,2555.0,12.166666666666666,0,0.07161588705404728,0,Champions
0,0,1,1,70,1,1,2,1,1,1,1,1,1,2,0,3,114.75,7842.3,0,3,7,0,8032.5,14.34375,0,0.1753788050274382,0,Champions
1,0,0,0,31,1,1,2,0,0,0,0,0,0,0,1,0,76.05,2227.8,0,2,1,0,2357.55,38.025,0,0.7149596480621823,1,At Risk
0,0,1,1,52,1,1,2,0,0,1,1,0,1,2,1,2,96.25,4990.25,1,3,4,0,5005.0,19.25,0,0.13118216619971954,0,Champions
0,1,0,0,37,1,1,2,0,0,1,0,1,1,0,1,0,101.1,3744.05,1,2,4,0,3740.7,20.22,0,0.7461999913599427,1,At Risk
0,0,0,0,69,1,1,2,0,1,0,1,1,1,1,1,2,104.7,7220.35,1,3,5,0,7224.3,17.45,0,0.5544043846259681,0,Champions
0,1,1,0,30,1,1,2,0,0,0,0,0,0,0,0,1,77.9,2351.45,0,2,1,0,2337.0,38.95,0,0.7125964001882547,1,At Risk
1,0,0,0,33,1,1,2,1,0,0,0,0,1,0,1,0,90.65,2989.6,0,2,3,0,2991.4500000000003,22.6625,0,0.36639127290240314,0,Champions
0,1,1,0,54,1,1,2,0,1,1,1,1,1,2,1,0,110.45,6077.75,0,3,6,0,5964.3,15.778571428571428,0,0.20272841055548937,0,Champions
1,0,0,0,59,1,1,1,1,0,0,1,0,1,1,0,2,68.7,4070.95,0,3,4,0,4053.3,13.74,0,0.04074313833467207,0,Champions
0,1,0,0,55,0,0,1,1,1,0,0,1,0,0,1,0,44.85,2479.05,0,3,3,0,2466.75,11.2125,0,0.4540757493398957,2,Fence Sitters
0,1,1,0,69,0,0,1,0,0,1,0,0,0,1,1,3,29.8,2134.3,0,3,1,0,2056.2000000000003,14.9,0,0.06630583361397789,2,Fence Sitters
1,0,0,0,66,1,1,2,0,1,0,0,1,0,1,1,2,88.9,6000.1,0,3,3,0,5867.400000000001,22.225,0,0.21659074319037655,0,Champions
0,0,1,1,37,1,0,1,1,0,1,1,0,0,1,1,1,58.75,2203.1,0,2,4,0,2173.75,11.75,0,0.038556085294571205,0,Champions
0,1,1,0,9,1,0,0,0,0,0,0,0,0,1,0,3,19.85,183.15,0,0,1,1,178.65,9.925,0,0.048159011331215744,2,Fence Sitters
0,0,1,1,69,1,1,1,1,0,1,1,1,1,2,0,2,86.9,6194.1,0,3,6,0,5996.1,12.414285714285716,0,0.02595510836471185,0,Champions
0,0,0,0,10,1,0,1,0,1,0,0,1,0,0,1,1,59.65,638.95,0,0,3,1,596.5,14.9125,1,0.43220374774926157,1,At Risk
0,0,0,1,40,1,0,1,1,1,0,0,0,0,0,1,1,55.25,2139.2,1,2,3,0,2210.0,13.8125,0,0.11597692397109788,2,Fence Sitters
0,0,0,1,13,1,0,1,0,0,0,0,1,1,0,0,3,66.4,831.75,0,1,3,0,863.2,16.6,0,0.30588603043126006,1,At Risk
1,0,0,0,6,1,1,2,0,1,0,0,1,0,0,1,0,90.1,521.3,1,0,3,1,540.5999999999999,22.525,1,0.7882861403711091,1,At Risk
1,0,1,1,69,1,0,0,0,0,0,0,0,0,2,0,2,20.15,1337.5,0,3,1,0,1390.35,10.075,0,0.007830771525261373,2,Fence Sitters
1,1,1,0,66,1,1,2,0,1,1,1,1,1,1,1,3,108.1,7181.95,0,3,6,0,7134.599999999999,15.44285714285714,0,0.24201074604045517,0,Champions
0,0,0,0,11,1,1,1,0,0,1,0,0,0,0,0,0,53.75,608.0,1,0,2,1,591.25,17.916666666666668,1,0.8370143215652096,1,At Risk
0,0,1,1,46,1,0,1,1,0,1,1,0,0,1,0,1,56.9,2560.1,0,2,4,0,2617.4,11.38,0,0.042508199651439,0,Champions
1,0,0,0,6,1,0,2,0,0,0,0,1,1,0,0,0,89.3,577.6,1,0,3,1,535.8,22.325,1,0.8677977851462707,1,At Risk
1,0,1,1,56,1,1,2,1,0,1,1,1,1,0,1,1,109.6,5953.0,0,3,6,0,6137.599999999999,15.657142857142857,0,0.22325198508405517,0,Champions
0,0,1,1,70,1,1,0,0,0,0,0,0,0,2,0,3,25.15,1790.15,0,3,1,0,1760.5,12.575,0,0.0087530993133735,2,Fence Sitters
1,0,1,1,33,1,1,1,0,0,1,1,1,1,1,1,0,79.15,2531.4,0,2,5,0,2611.9500000000003,13.191666666666668,0,0.11493356265426093,0,Champions
1,0,1,1,72,1,1,1,1,1,0,1,0,0,2,0,3,66.75,4760.3,0,3,4,0,4806.0,13.35,0,0.007100809137494308,0,Champions
1,0,1,0,3,1,1,2,0,0,0,0,1,1,0,1,0,95.2,292.85,1,0,3,1,285.6,23.8,1,0.8640607215423859,1,At Risk
1,0,0,1,19,1,0,1,0,0,0,1,0,0,0,0,1,48.8,953.65,0,1,2,0,927.2,16.266666666666666,0,0.24721481598870207,2,Fence Sitters
1,1,0,0,5,0,0,1,0,0,0,0,1,1,0,0,0,45.7,198.0,1,0,2,1,228.5,15.233333333333334,1,0.7702744490430159,1,At Risk
1,0,1,0,71,1,0,1,0,1,1,1,1,1,2,1,3,80.7,5705.05,0,3,6,0,5729.7,11.528571428571428,0,0.012579090507053664,0,Champions
0,0,1,0,8,1,0,2,1,0,0,0,0,0,0,1,0,74.5,609.9,1,0,2,1,596.0,24.83333333333333,1,0.6539510473590859,1,At Risk
0,0,0,0,1,1,0,0,0,0,0,0,0,0,0,0,3,20.55,20.55,0,0,1,1,20.55,10.275,1,0.3331147601922105,2,Fence Sitters
1,0,0,0,1,1,0,2,0,0,0,0,1,0,0,1,0,79.65,79.65,1,0,2,1,79.65,26.55,1,0.9468737134868038,1,At Risk
1,0,0,0,61,1,1,2,1,1,1,1,1,1,1,1,1,115.1,6993.65,0,3,7,0,7021.099999999999,14.3875,0,0.19075119160419357,0,Champions
1,0,1,1,71,0,0,1,1,1,0,1,1,1,2,0,2,59.7,4122.65,0,3,5,0,4238.7,9.95,0,0.008750948903160851,0,Champions
1,0,1,0,68,1,1,2,0,1,1,0,0,0,1,0,3,86.45,5762.95,0,3,3,0,5878.6,21.6125,0,0.12783757091733777,0,Champions
0,0,0,0,46,0,0,1,0,0,1,1,0,0,1,0,3,33.7,1537.85,0,2,2,0,1550.2,11.233333333333334,0,0.02722312250641048,2,Fence Sitters
0,0,0,0,33,1,1,2,1,0,0,0,0,0,1,0,2,80.1,2603.3,0,2,2,0,2643.3,26.7,0,0.10824971260189523,2,Fence Sitters
1,0,1,1,53,1,1,2,1,1,1,1,0,1,2,1,2,104.05,5566.4,0,3,6,0,5514.65,14.864285714285714,0,0.04406161022565476,0,Champions
1,1,1,0,50,1,1,2,1,1,1,0,1,1,0,0,2,108.75,5431.9,0,3,6,0,5437.5,15.535714285714286,0,0.36000180961270567,0,Champions
1,0,0,0,57,0,0,1,1,0,1,1,0,0,1,1,3,41.1,2258.25,0,3,3,0,2342.7000000000003,10.275,0,0.03543509212489698,2,Fence Sitters
1,0,1,1,54,1,0,0,0,0,0,0,0,0,2,1,2,20.35,1092.35,0,3,1,0,1098.9,10.175,0,0.012986752727745887,2,Fence Sitters
1,1,1,0,60,1,1,2,0,1,1,0,1,1,0,1,0,105.9,6401.25,0,3,5,0,6354.0,17.650000000000002,0,0.5313825868324067,0,Champions
1,1,1,0,28,1,1,2,0,0,0,1,1,1,0,1,3,101.3,2812.2,1,2,4,0,2836.4,20.26,0,0.28010103619493065,0,Champions
1,0,1,1,1,1,0,2,0,0,0,0,1,0,0,1,1,80.05,80.05,1,0,2,1,80.05,26.683333333333334,1,0.9005183547671206,1,At Risk
0,0,1,1,29,1,1,2,0,0,1,0,0,1,0,1,0,89.2,2698.35,1,2,3,0,2586.8,22.3,0,0.46969552713966556,1,At Risk
1,0,1,1,10,1,0,1,0,1,0,1,0,1,0,1,0,65.5,616.9,0,0,4,1,655.0,13.1,1,0.10591100453600352,0,Champions
0,0,0,1,43,0,0,1,1,1,1,0,0,0,0,1,0,40.45,1912.85,0,2,3,0,1739.35,10.1125,0,0.2119356009679686,2,Fence Sitters
0,1,1,0,13,1,0,2,0,0,0,0,0,0,0,0,2,70.45,849.1,0,1,1,0,915.85,35.225,0,0.4637458296079226,1,At Risk
1,0,1,0,43,1,0,1,1,0,1,1,1,1,2,1,0,78.8,3460.3,0,2,6,0,3388.4,11.257142857142856,0,0.02739700697837802,0,Champions
0,0,1,1,19,1,1,2,0,0,0,0,0,1,0,1,0,83.65,1465.75,1,1,2,0,1589.35,27.883333333333336,0,0.6373357470497956,1,At Risk
0,0,1,1,1,1,0,2,0,0,0,0,1,1,0,1,0,90.1,90.1,0,0,3,1,90.1,22.525,1,0.8419045555141675,1,At Risk
1,0,0,0,69,1,0,1,1,0,1,1,1,1,2,1,3,82.45,5555.3,0,3,6,0,5689.05,11.778571428571428,0,0.025681645318876963,0,Champions
1,0,1,0,61,1,0,0,0,0,0,0,0,0,2,0,3,20.25,1278.8,0,3,1,0,1235.25,10.125,0,0.00977301199972199,2,Fence Sitters
0,0,1,0,43,1,1,1,1,1,0,1,0,0,0,0,2,66.25,2907.35,0,2,4,0,2848.75,13.25,0,0.11276087015062713,0,Champions
1,0,1,0,6,1,0,0,0,0,0,0,0,0,0,0,2,19.5,146.3,1,0,1,1,117.0,9.75,1,0.22691104189040598,2,Fence Sitters
0,0,0,0,1,1,0,1,0,0,0,1,0,0,0,0,1,51.25,51.25,1,0,2,1,51.25,17.083333333333332,1,0.5954281873058237,1,At Risk
0,0,1,0,56,1,0,2,0,0,0,0,1,1,0,0,1,89.7,4952.95,0,3,3,0,5023.2,22.425,0,0.7388427427551729,1,At Risk
1,0,1,0,70,0,0,1,1,1,1,1,1,1,2,0,2,64.55,4504.9,0,3,6,0,4518.5,9.221428571428572,0,0.03544707006137324,0,Champions
0,0,0,0,1,1,0,1,0,0,0,0,0,0,0,1,0,45.6,45.6,1,0,1,1,45.6,22.8,1,0.8705076100674748,1,At Risk
0,0,1,1,49,1,1,2,0,1,1,0,1,0,1,1,0,93.65,4520.15,0,3,4,0,4588.85,18.73,0,0.24365690825551123,0,Champions
1,0,0,0,6,1,0,1,0,0,0,1,0,0,0,1,2,49.65,267.35,1,0,2,1,297.9,16.55,1,0.41688154145763695,1,At Risk
1,0,1,1,32,1,0,1,1,1,1,1,0,1,2,0,1,73.6,2316.85,0,2,6,0,2355.2,10.514285714285714,0,0.02373712419809778,0,Champions
1,1,1,0,72,1,1,2,1,0,1,1,1,1,2,1,1,109.75,8075.35,0,3,6,0,7902.0,15.678571428571429,0,0.019746544344415293,0,Champions
0,0,0,1,37,1,0,1,1,1,0,1,0,0,2,0,3,61.45,2302.35,0,2,4,0,2273.65,12.29,0,0.026356387893618504,0,Champions
1,0,1,0,69,1,0,2,1,1,0,1,1,1,1,1,3,106.4,7251.9,0,3,6,0,7341.6,15.2,0,0.17358813431240142,0,Champions
1,0,1,0,26,1,0,1,0,1,1,1,1,1,0,0,2,81.9,2078.55,0,2,6,0,2129.4,11.7,0,0.1456874116363019,0,Champions
1,0,1,1,58,1,1,2,0,1,1,0,1,1,1,1,3,105.2,6225.4,0,3,5,0,6101.6,17.533333333333335,0,0.16186035562903614,0,Champions
0,0,0,0,24,1,1,1,0,0,0,1,0,0,1,0,2,54.6,1242.25,0,1,2,0,1310.4,18.2,0,0.09503920682539369,2,Fence Sitters
0,0,1,1,5,1,0,0,0,0,0,0,0,0,1,0,0,20.55,99.45,0,0,1,1,102.75,10.275,0,0.05712820100585445,2,Fence Sitters
0,0,1,1,15,1,0,0,0,0,0,0,0,0,0,1,0,20.0,288.05,1,1,1,0,300.0,10.0,0,0.15004906280340313,2,Fence Sitters
1,0,1,1,30,1,0,0,0,0,0,0,0,0,2,0,1,19.7,599.25,0,2,1,0,591.0,9.85,0,0.01300052231125157,2,Fence Sitters
1,0,1,0,55,1,1,1,1,1,0,1,0,0,1,1,3,66.05,3462.1,0,3,4,0,3632.75,13.21,0,0.04180863526152288,0,Champions
1,0,1,0,25,0,0,1,0,0,0,0,1,0,0,1,2,34.0,853.0,1,2,1,0,850.0,17.0,0,0.5362410044715137,2,Fence Sitters
0,1,1,0,10,1,0,2,0,1,1,1,1,0,0,1,1,92.5,934.1,1,0,5,1,925.0,15.416666666666666,1,0.5983710020798301,1,At Risk
0,0,1,1,44,0,0,1,1,1,1,1,0,1,2,1,3,54.05,2375.2,0,2,5,0,2378.2,9.008333333333333,0,0.02447519591180626,0,Champions
1,0,0,0,47,1,0,1,1,1,0,1,0,0,1,1,1,58.9,2813.05,0,2,4,0,2768.3,11.78,0,0.08218113495042804,0,Champions
1,0,1,1,13,1,0,2,0,0,0,0,1,1,0,0,0,88.35,1222.8,1,1,3,0,1148.55,22.0875,0,0.6017666742899229,1,At Risk
1,0,1,1,49,1,1,2,0,1,1,1,1,1,2,1,2,107.95,5293.2,1,3,6,0,5289.55,15.421428571428573,0,0.14072957548430057,0,Champions
1,0,1,0,64,1,0,2,1,0,0,1,1,1,1,1,1,96.9,6314.35,0,3,5,0,6201.6,16.150000000000002,0,0.2373990459334991,0,Champions
0,0,0,0,1,1,0,0,0,0,0,0,0,0,0,0,1,19.1,19.1,0,0,1,1,19.1,9.55,1,0.33023895056693403,2,Fence Sitters
0,0,0,0,20,1,0,1,0,0,0,1,0,0,0,0,1,50.0,1003.05,0,1,2,0,1000.0,16.666666666666668,0,0.2810702163700906,2,Fence Sitters
1,0,1,0,37,0,0,1,1,0,0,1,1,0,2,0,0,45.4,1593.1,0,2,3,0,1679.8,11.35,0,0.03341730299781319,2,Fence Sitters
0,0,1,1,30,1,1,2,0,0,0,0,1,0,0,0,0,85.45,2509.95,0,2,2,0,2563.5,28.48333333333333,0,0.6711765571386391,1,At Risk
1,0,0,0,38,1,1,1,1,1,1,0,1,1,1,0,2,84.1,3187.65,0,2,6,0,3195.8,12.014285714285714,0,0.09234583520960564,0,Champions
1,1,0,0,1,1,1,2,0,0,0,0,0,0,0,1,1,74.45,74.45,1,0,1,1,74.45,37.225,1,0.9243588321060223,1,At Risk
1,0,0,0,37,1,0,1,0,0,0,0,1,1,0,1,0,64.75,2345.2,1,2,3,0,2395.75,16.1875,0,0.6256048738780912,1,At Risk
1,0,1,0,52,0,0,1,1,1,1,1,1,1,2,0,3,66.25,3330.1,0,3,6,0,3445.0,9.464285714285714,0,0.018979309628992958,0,Champions
0,0,0,1,71,1,0,1,1,1,1,1,1,0,2,1,3,76.9,5522.7,0,3,6,0,5459.900000000001,10.985714285714286,0,0.0077754728769527616,0,Champions
0,0,0,0,26,1,0,2,0,1,1,0,1,0,0,0,0,89.8,2335.3,1,2,4,0,2334.8,17.96,0,0.6881309885320676,1,At Risk
0,0,0,0,66,1,1,1,1,1,1,0,0,1,2,1,3,74.6,4798.4,0,3,5,0,4923.599999999999,12.433333333333332,0,0.03445950566642606,0,Champions
0,0,1,0,72,1,1,2,1,1,1,1,1,1,2,1,3,116.95,8594.4,0,3,7,0,8420.4,14.61875,0,0.02658934476848319,0,Champions
0,0,0,1,25,0,0,1,1,0,0,0,1,0,1,1,3,40.65,970.55,0,2,2,0,1016.25,13.55,0,0.09130984009322433,2,Fence Sitters
0,0,1,1,69,1,1,2,1,1,1,1,1,1,2,1,2,114.35,7665.8,0,3,7,0,7890.15,14.29375,0,0.1068078954517182,0,Champions
0,0,1,1,53,1,1,1,1,1,0,0,0,1,2,0,2,69.7,3686.05,0,3,4,0,3694.1,13.94,0,0.013549259414043991,0,Champions
1,0,0,0,12,1,0,2,0,0,1,0,1,1,1,0,1,95.5,1115.15,1,0,4,1,1146.0,19.1,0,0.5546607657603411,1,At Risk
0,0,0,0,26,1,0,2,0,0,1,1,1,1,0,1,0,98.65,2537.0,0,2,5,0,2564.9,16.441666666666666,0,0.603091047370814,0,Champions
0,0,0,0,21,1,0,1,0,0,1,0,0,1,0,0,1,61.65,1393.6,0,1,3,0,1294.65,15.4125,0,0.558861854116939,1,At Risk
1,0,0,1,1,1,0,2,0,0,0,0,1,1,0,1,0,89.35,89.35,0,0,3,1,89.35,22.3375,1,0.9065424188004163,1,At Risk
0,0,0,0,48,1,1,2,1,0,0,1,0,1,0,1,0,95.4,4445.3,0,2,4,0,4579.200000000001,19.08,0,0.3341022584975706,0,Champions
1,0,1,0,26,0,0,1,1,0,1,0,0,0,1,0,3,35.4,978.6,0,2,2,0,920.4,11.8,0,0.03536509806682437,2,Fence Sitters
0,0,1,0,60,1,0,0,0,0,0,0,0,0,2,0,1,19.95,1258.15,0,3,1,0,1197.0,9.975,0,0.011256646170771586,2,Fence Sitters
0,0,0,0,18,1,0,0,0,0,0,0,0,0,0,0,1,19.25,331.35,0,1,1,0,346.5,9.625,0,0.21541693822466465,2,Fence Sitters
1,1,0,0,10,0,0,1,0,0,0,1,0,0,0,1,0,29.65,291.4,1,0,1,1,296.5,14.825,1,0.627359398979114,1,At Risk
0,0,1,1,5,1,1,2,1,0,1,0,0,0,0,1,0,84.5,453.75,1,0,3,1,422.5,21.125,1,0.40232944353794453,1,At Risk
1,0,0,1,4,1,0,0,0,0,0,0,0,0,1,1,1,20.4,84.75,0,0,1,1,81.6,10.2,0,0.047559591934726905,2,Fence Sitters
0,0,1,1,65,1,1,0,0,0,0,0,0,0,2,0,3,24.75,1715.1,0,3,1,0,1608.75,12.375,0,0.009226121117509834,2,Fence Sitters
0,0,1,1,70,1,1,0,0,0,0,0,0,0,2,0,1,25.35,1715.15,0,3,1,0,1774.5,12.675,0,0.012513853785048955,2,Fence Sitters
0,0,0,0,18,1,1,2,0,0,1,0,0,1,0,1,3,90.7,1597.25,1,1,3,0,1632.6,22.675,0,0.42150081354808466,1,At Risk
0,0,0,1,62,1,0,0,0,0,0,0,0,0,2,0,2,20.0,1250.1,0,3,1,0,1240.0,10.0,0,0.013209985396086614,2,Fence Sitters
1,0,1,1,66,1,0,1,1,0,0,0,1,0,2,1,0,59.75,3996.8,0,3,3,0,3943.5,14.9375,0,0.03515717510388954,0,Champions
1,0,1,1,65,1,1,1,1,1,0,1,1,1,2,1,2,82.5,5215.1,0,3,6,0,5362.5,11.785714285714286,0,0.020706421753529144,0,Champions
1,1,0,0,3,1,0,2,0,0,0,0,0,0,0,1,0,70.3,235.5,1,0,1,1,210.9,35.15,1,0.748122468619427,1,At Risk
1,0,0,0,34,1,0,0,0,0,0,0,0,0,0,0,1,20.35,673.2,0,2,1,0,691.9000000000001,10.175,0,0.17027663566422552,2,Fence Sitters
0,0,1,1,16,1,1,2,0,0,1,0,1,0,0,1,2,90.8,1442.2,0,1,3,0,1452.8,22.7,0,0.4020196234765253,1,At Risk
1,0,0,0,54,1,1,2,1,0,1,0,1,1,1,1,2,103.95,5639.05,1,3,5,0,5613.3,17.325,0,0.34626938970178023,0,Champions
1,1,0,0,50,1,1,2,0,0,1,1,1,1,0,1,0,104.95,5222.35,0,3,5,0,5247.5,17.491666666666667,0,0.5905328672931208,0,Champions
0,0,1,0,71,1,0,2,0,1,1,1,1,1,2,1,0,105.25,7291.75,0,3,6,0,7472.75,15.035714285714286,0,0.19728266022793714,0,Champions
1,0,0,0,10,1,1,2,0,0,0,0,0,0,0,1,0,74.75,799.65,1,0,1,1,747.5,37.375,1,0.7367880608631424,1,At Risk
1,0,0,0,1,1,0,1,0,0,0,1,0,0,0,1,0,50.8,50.8,1,0,2,1,50.8,16.933333333333334,1,0.7148807516167981,1,At Risk
0,0,0,0,18,1,1,0,0,0,0,0,0,0,1,0,1,23.75,424.5,0,1,1,0,427.5,11.875,0,0.09022249423950607,2,Fence Sitters
0,0,0,0,4,1,0,1,0,0,0,1,1,0,0,1,0,61.3,249.4,0,0,3,1,245.2,15.325,1,0.4914697507766147,1,At Risk
1,0,1,1,58,1,1,1,1,0,1,1,1,0,2,0,1,75.8,4415.75,0,3,5,0,4396.4,12.633333333333333,0,0.01676390502844729,0,Champions
1,0,1,0,56,1,1,2,1,0,0,0,1,1,1,1,0,98.0,5270.6,0,3,4,0,5488.0,19.6,0,0.25532781730620985,0,Champions
0,0,0,0,2,1,0,2,0,0,0,0,1,0,0,1,0,80.25,144.55,1,0,2,1,160.5,26.75,1,0.9276454460712957,1,At Risk
0,0,1,0,32,1,1,2,0,0,1,0,0,0,0,1,0,78.9,2447.95,1,2,2,0,2524.8,26.3,0,0.61138037637591,1,At Risk
0,0,1,1,56,0,0,1,1,1,0,1,1,0,1,1,1,52.0,2884.9,0,3,4,0,2912.0,10.4,0,0.04012503297559891,0,Champions
0,0,0,0,36,1,1,2,0,0,0,0,0,1,0,1,0,84.75,3050.15,1,2,2,0,3051.0,28.25,0,0.8711640562747051,1,At Risk
1,0,0,0,4,1,1,1,0,0,0,1,1,0,0,1,1,64.4,253.0,0,0,3,1,257.6,16.1,1,0.4799676425678473,1,At Risk
0,0,0,0,53,1,1,2,0,0,0,0,1,0,0,0,2,85.45,4517.25,1,3,2,0,4528.85,28.48333333333333,0,0.856554777177002,1,At Risk
0,0,0,0,10,1,0,1,0,0,0,0,0,0,0,1,3,45.8,436.2,0,0,1,1,458.0,22.9,1,0.44574974446875015,1,At Risk
0,0,0,0,4,0,0,1,0,0,0,1,0,0,0,0,0,30.5,118.4,0,0,1,1,122.0,15.25,1,0.6265380542958159,1,At Risk
0,0,1,1,1,1,0,0,0,0,0,0,0,0,0,0,1,19.9,19.9,1,0,1,1,19.9,9.95,1,0.605218332290099,1,At Risk
1,0,1,0,51,1,0,2,0,0,0,0,0,0,0,0,1,69.15,3649.6,0,3,1,0,3526.65,34.575,0,0.3869568806079948,2,Fence Sitters
0,1,0,0,12,1,1,2,0,0,1,0,1,1,0,1,0,99.45,1200.15,1,0,4,1,1193.4,19.89,1,0.9189501614031589,1,At Risk
1,0,0,0,6,0,0,1,0,0,0,1,1,1,1,1,1,49.25,255.6,0,0,3,1,295.5,12.3125,0,0.12927083422995791,2,Fence Sitters
0,0,1,1,63,0,0,1,0,1,1,1,0,0,2,0,2,39.35,2395.05,0,3,3,0,2479.05,9.8375,0,0.020090984996694285,2,Fence Sitters
1,0,0,0,1,1,0,2,0,0,0,0,0,0,0,1,0,70.6,70.6,1,0,1,1,70.6,35.3,1,0.9237071399615303,1,At Risk
1,0,1,0,48,1,1,2,0,1,0,1,1,1,0,1,3,105.1,5083.55,0,2,5,0,5044.799999999999,17.516666666666666,0,0.3146248574218031,0,Champions
1,0,0,0,5,1,0,2,0,0,0,0,1,0,0,1,3,81.0,389.6,1,0,2,1,405.0,27.0,1,0.7249721938301337,1,At Risk
1,0,0,1,35,1,0,0,0,0,0,0,0,0,1,1,3,20.1,644.5,0,2,1,0,703.5,10.05,0,0.02291347177766026,2,Fence Sitters
0,0,0,0,6,1,0,2,0,1,0,0,1,0,0,1,0,84.85,523.5,1,0,3,1,509.1,21.2125,1,0.8301660747603592,1,At Risk
0,0,0,0,2,1,0,0,0,0,0,0,0,0,0,0,1,19.75,39.3,0,0,1,1,39.5,9.875,1,0.32883141267790705,2,Fence Sitters
1,0,0,0,50,1,0,0,0,0,0,0,0,0,1,0,2,19.75,989.05,0,3,1,0,987.5,9.875,0,0.031582740680814965,2,Fence Sitters
1,0,0,0,33,1,0,2,0,0,0,0,0,0,0,1,2,70.4,2406.1,0,2,1,0,2323.2000000000003,35.2,0,0.4588978555607874,1,At Risk
0,0,0,0,31,1,0,0,0,0,0,0,0,0,2,0,1,20.45,638.55,0,2,1,0,633.9499999999999,10.225,0,0.01732273468272308,2,Fence Sitters
1,0,1,1,9,1,0,0,0,0,0,0,0,0,2,0,1,20.35,191.1,0,0,1,1,183.15,10.175,0,0.022929655366733467,2,Fence Sitters
1,0,1,1,54,1,1,1,0,1,1,1,1,1,0,1,0,86.2,4524.05,0,3,6,0,4654.8,12.314285714285717,0,0.1647833763821542,0,Champions
1,0,0,0,46,1,0,2,1,1,1,0,1,0,1,1,3,95.65,4664.2,0,2,5,0,4399.900000000001,15.941666666666668,0,0.13258425436320587,0,Champions
0,0,0,1,34,1,1,2,1,1,0,0,1,1,1,1,0,103.8,3470.8,0,2,5,0,3529.2,17.3,0,0.1827728266796049,0,Champions
0,0,1,1,71,1,1,2,1,0,0,0,1,1,2,1,0,97.2,6910.3,0,3,4,0,6901.2,19.44,0,0.05368022503687587,0,Champions
1,0,1,1,63,1,0,1,1,1,1,1,0,0,2,0,1,63.55,4014.2,0,3,5,0,4003.65,10.591666666666669,0,0.013698074897132552,0,Champions
1,0,0,0,51,1,1,0,0,0,0,0,0,0,2,0,2,24.95,1288.0,0,3,1,0,1272.45,12.475,0,0.01980124494952726,2,Fence Sitters
1,1,0,0,26,1,1,2,0,1,0,0,1,0,0,1,0,89.15,2277.65,1,2,3,0,2317.9,22.2875,0,0.6078434225383137,1,At Risk
1,0,1,0,64,1,0,2,1,0,1,0,1,1,2,1,2,99.0,6375.8,0,3,5,0,6336.0,16.5,0,0.07345718077790314,0,Champions
1,1,1,0,1,0,0,1,0,0,0,0,0,0,0,1,0,24.8,24.8,1,0,0,1,24.8,24.8,1,0.8283698486200773,1,At Risk
0,1,1,0,61,1,1,2,0,1,0,1,0,0,1,1,2,85.55,5251.75,0,3,3,0,5218.55,21.3875,0,0.16896649302027336,0,Champions
1,0,0,0,15,1,0,2,0,0,1,0,1,1,0,1,3,94.0,1505.45,0,1,4,0,1410.0,18.8,0,0.5995071787188271,1,At Risk
0,0,0,0,64,1,1,2,0,1,0,1,1,1,1,1,3,105.65,6903.1,1,3,5,0,6761.6,17.608333333333334,0,0.47889076798671665,0,Champions
1,0,0,0,18,1,1,1,0,0,0,0,0,0,0,1,0,50.3,913.3,0,1,1,0,905.4,25.15,0,0.46372419567104556,1,At Risk
1,0,1,1,57,1,0,2,0,1,0,0,1,1,1,1,0,95.0,5535.8,0,3,4,0,5415.0,19.0,0,0.10136307215797292,0,Champions
0,0,1,1,14,1,0,1,1,1,0,0,0,1,2,1,2,61.4,815.55,0,1,4,0,859.6,12.28,0,0.014381647773071295,2,Fence Sitters
0,1,0,0,18,1,1,2,0,1,0,0,0,0,0,1,3,80.55,1411.65,0,1,2,0,1449.9,26.85,0,0.5355758801586943,1,At Risk
1,1,1,0,72,1,1,2,1,0,0,0,0,0,2,0,2,78.5,5602.25,0,3,2,0,5652.0,26.166666666666668,0,0.007711886916986216,0,Champions
0,0,1,0,70,1,1,2,1,1,1,1,1,1,2,0,3,114.3,8244.3,0,3,7,0,8001.0,14.2875,0,0.19439523334927447,0,Champions
1,0,0,0,38,1,0,0,0,0,0,0,0,0,2,0,1,20.05,741.5,0,2,1,0,761.9,10.025,0,0.019713251093224696,2,Fence Sitters
0,0,1,1,68,1,0,1,1,1,1,1,0,0,2,0,3,62.65,4375.8,0,3,5,0,4260.2,10.441666666666666,0,0.014635860197039734,0,Champions
0,0,0,0,13,1,0,2,0,0,0,0,0,1,0,1,0,80.85,1008.7,1,1,2,0,1051.05,26.95,0,0.8730408672044879,1,At Risk
0,1,1,0,65,1,1,2,1,1,0,0,1,0,2,1,3,92.7,5968.4,0,3,4,0,6025.5,18.54,0,0.07670878415121375,0,Champions
1,0,0,0,30,1,1,2,0,0,1,0,1,1,0,0,0,100.45,3096.9,0,2,4,0,3013.5,20.09,0,0.6872947437579855,1,At Risk
0,0,1,0,51,1,1,1,0,0,0,1,1,1,2,1,2,75.2,3901.25,0,3,4,0,3835.2,15.04,0,0.06974140999067327,0,Champions
1,0,0,0,31,1,1,2,1,0,1,0,0,0,0,1,3,84.75,2613.4,0,2,3,0,2627.25,21.1875,0,0.25141927770112044,0,Champions
1,0,1,0,9,1,0,2,0,0,0,0,1,1,0,0,0,89.45,853.1,1,0,3,1,805.0500000000001,22.3625,1,0.7847599997259118,1,At Risk
1,0,1,1,72,1,1,1,1,1,1,1,0,1,2,1,2,79.5,5661.7,0,3,6,0,5724.0,11.357142857142858,0,0.007791434758210008,0,Champions
0,0,0,0,10,1,1,1,0,0,0,0,1,1,0,1,3,72.15,794.25,1,0,3,1,721.5,18.0375,1,0.6288366896603462,1,At Risk
1,0,0,0,37,1,0,0,0,0,0,0,0,0,1,1,0,19.8,695.05,0,2,1,0,732.6,9.9,0,0.040995519356114375,2,Fence Sitters
1,0,0,0,2,1,0,1,0,0,1,1,1,1,0,0,0,76.4,160.8,1,0,5,1,152.8,12.733333333333334,1,0.48715276979907474,1,At Risk
0,0,0,0,55,1,0,2,1,1,0,0,1,1,1,1,1,100.9,5552.05,0,3,5,0,5549.5,16.816666666666666,0,0.3737129830157242,0,Champions
0,0,0,1,33,1,1,2,1,0,1,0,0,1,0,1,2,95.3,3275.15,0,2,4,0,3144.9,19.06,0,0.26768850975523456,0,Champions
1,0,1,1,46,1,0,2,0,0,1,1,0,1,1,0,2,90.95,4236.6,0,2,4,0,4183.7,18.19,0,0.11495039252611146,0,Champions
1,0,0,1,1,1,0,1,1,0,0,1,0,0,0,0,0,54.5,54.5,0,0,3,1,54.5,13.625,1,0.49735394449240605,1,At Risk
1,1,0,0,20,1,1,1,0,0,0,0,0,1,0,1,1,61.6,1174.35,1,1,2,0,1232.0,20.53333333333333,0,0.46667709453417827,1,At Risk
0,0,1,0,9,1,0,2,0,1,1,0,0,0,0,1,0,79.9,741.7,1,0,3,1,719.1,19.975,1,0.7926315466015175,1,At Risk
0,1,0,0,32,1,1,2,0,0,0,0,1,1,0,1,3,96.15,3019.25,1,2,3,0,3076.8,24.0375,0,0.7638251445950207,1,At Risk
1,0,1,1,19,1,0,1,0,0,1,0,0,0,0,1,2,49.6,962.9,0,1,2,0,942.4,16.533333333333335,0,0.17169517290463182,2,Fence Sitters
1,0,1,0,70,1,1,1,1,0,1,1,0,0,2,0,3,65.3,4759.75,1,3,4,0,4571.0,13.06,0,0.023850203560751588,0,Champions
1,0,0,1,61,1,1,0,0,0,0,0,0,0,2,1,3,25.0,1498.35,0,3,1,0,1525.0,12.5,0,0.008667776719555643,2,Fence Sitters
0,0,0,0,26,1,0,1,0,0,0,0,0,0,0,0,0,45.45,1233.15,0,2,1,0,1181.7,22.725,0,0.6565301544853749,1,At Risk
0,0,1,0,45,1,1,2,0,1,1,0,1,1,0,1,2,107.75,4882.8,0,2,5,0,4848.75,17.958333333333332,0,0.754008794364678,0,Champions
0,0,1,1,62,1,1,2,0,0,1,0,1,0,2,1,3,89.1,5411.65,0,3,3,0,5524.2,22.275,0,0.046344386179598365,0,Champions
0,0,0,0,1,1,0,0,0,0,0,0,0,0,0,0,1,19.65,19.65,1,0,1,1,19.65,9.825,1,0.6301773548820512,1,At Risk
1,0,0,0,3,1,0,1,0,0,0,0,0,0,0,0,1,44.75,148.05,0,0,1,1,134.25,22.375,1,0.7037377529490462,1,At Risk
1,0,1,1,41,1,1,2,1,1,1,0,0,1,1,1,2,101.6,3930.55,0,2,5,0,4165.599999999999,16.933333333333334,0,0.09299277531499135,0,Champions
0,0,1,1,67,1,0,2,0,1,1,1,1,1,2,0,2,103.15,6895.5,0,3,6,0,6911.05,14.735714285714286,0,0.11729766160221122,0,Champions
0,0,0,0,1,1,1,2,0,0,0,0,1,0,0,1,1,84.65,84.65,1,0,2,1,84.65,28.21666666666667,1,0.9246829868366588,1,At Risk
1,0,1,0,71,1,1,2,1,1,0,0,1,0,1,0,1,95.65,6856.95,0,3,4,0,6791.150000000001,19.130000000000003,0,0.05899127689165179,0,Champions
1,0,1,1,37,1,0,1,1,1,0,0,1,1,1,0,2,75.1,2658.8,0,2,5,0,2778.7,12.516666666666666,0,0.07950212931860724,0,Champions
0,0,1,0,60,1,0,1,1,1,0,1,0,0,2,1,1,61.35,3766.2,0,3,4,0,3681.0,12.27,0,0.013076519619119516,0,Champions
1,1,1,0,1,1,0,2,0,0,0,0,0,0,0,1,0,69.55,69.55,1,0,1,1,69.55,34.775,1,0.9238464109222478,1,At Risk
1,0,0,0,6,1,0,0,0,0,0,0,0,0,0,0,3,19.7,129.55,0,0,1,1,118.2,9.85,1,0.1607111152841434,2,Fence Sitters
1,0,0,0,13,0,0,1,0,1,0,0,0,0,0,1,0,31.05,347.25,1,1,1,0,403.65,15.525,0,0.47839047967341164,2,Fence Sitters
1,0,1,1,11,1,0,1,1,0,0,0,0,0,0,0,2,51.0,581.7,0,0,2,1,561.0,17.0,1,0.1297720961376079,2,Fence Sitters
0,0,0,0,7,1,0,1,1,0,0,0,0,0,0,1,1,51.0,354.05,1,0,2,1,357.0,17.0,1,0.40592499698416373,1,At Risk
1,0,1,1,10,1,0,2,0,0,0,0,1,1,0,1,0,88.85,929.45,0,0,3,1,888.5,22.2125,1,0.6079289372800024,1,At Risk
0,0,1,0,34,1,0,0,0,0,0,0,0,0,2,0,3,20.05,679.0,0,2,1,0,681.7,10.025,0,0.01137621675989247,2,Fence Sitters
1,0,0,0,62,1,0,1,1,0,0,1,0,1,2,1,1,65.1,3846.75,0,3,4,0,4036.2,13.02,0,0.015320291112781692,0,Champions
0,0,1,0,64,1,1,1,0,1,0,1,0,1,1,1,1,70.15,4480.7,0,3,4,0,4489.6,14.03,0,0.12420089563156893,0,Champions
1,0,1,1,1,1,0,1,0,0,0,0,0,0,0,1,2,44.35,44.35,1,0,1,1,44.35,22.175,1,0.6028232749763505,1,At Risk
0,0,0,0,25,1,0,0,0,0,0,0,0,0,2,1,1,20.75,499.4,0,2,1,0,518.75,10.375,0,0.01621003709412201,2,Fence Sitters
1,0,0,0,26,1,0,1,0,1,1,0,0,0,1,1,1,56.05,1553.2,0,2,3,0,1457.3,14.0125,0,0.09271442839563897,2,Fence Sitters
0,0,0,1,10,1,0,0,0,0,0,0,0,0,1,1,2,19.95,219.5,0,0,1,1,199.5,9.975,0,0.05436710318988872,2,Fence Sitters
1,0,0,0,53,1,1,2,1,1,1,0,1,0,1,0,1,98.6,5311.85,0,3,5,0,5225.799999999999,16.433333333333334,0,0.23032303750820388,0,Champions
1,0,0,0,7,1,0,2,0,0,0,0,1,0,0,1,0,79.7,586.05,1,0,2,1,557.9,26.566666666666663,1,0.8683382169590478,1,At Risk
0,0,0,0,33,1,0,2,0,1,1,0,0,0,0,1,3,79.0,2576.8,0,2,3,0,2607.0,19.75,0,0.47826319273724605,1,At Risk
1,1,1,0,71,1,0,2,0,1,1,0,0,1,2,0,3,89.45,6435.25,0,3,4,0,6350.95,17.89,0,0.016205681800968482,0,Champions
1,0,0,0,29,1,1,2,0,0,0,0,0,0,0,1,0,74.2,1993.25,0,2,1,0,2151.8,37.1,0,0.7038132570628783,1,At Risk
0,0,1,1,24,1,1,1,1,0,0,1,1,1,0,0,2,81.0,1923.85,0,1,5,0,1944.0,13.5,0,0.12884478383804077,0,Champions
0,0,1,1,20,1,0,1,0,0,1,0,0,0,0,1,0,49.6,939.8,0,1,2,0,992.0,16.533333333333335,0,0.37077135585417076,2,Fence Sitters
1,0,0,0,1,1,1,2,0,0,0,0,1,0,0,1,0,84.6,84.6,0,0,2,1,84.6,28.2,1,0.9321938940696888,1,At Risk
0,0,0,1,54,1,1,1,0,1,0,0,0,0,0,1,3,55.0,3092.65,1,3,2,0,2970.0,18.33333333333333,0,0.17121739703108632,2,Fence Sitters
1,1,0,0,5,1,0,2,0,0,1,0,1,0,0,1,1,84.85,415.55,1,0,3,1,424.25,21.2125,1,0.847427363660969,1,At Risk
1,0,1,1,72,1,1,1,1,0,1,1,1,1,2,1,2,84.2,5986.55,0,3,6,0,6062.400000000001,12.028571428571428,0,0.008339127282165688,0,Champions
0,0,1,0,52,1,0,2,1,1,1,1,1,1,2,1,0,106.3,5487.0,0,3,7,0,5527.599999999999,13.2875,0,0.0922619782370828,0,Champions
1,0,0,0,9,1,0,2,0,0,0,0,0,0,0,0,0,69.05,651.5,0,0,1,1,621.4499999999999,34.525,1,0.809528930351336,1,At Risk
1,0,0,0,1,1,0,1,0,0,0,0,0,0,0,1,1,45.4,45.4,0,0,1,1,45.4,22.7,1,0.8059594550336353,1,At Risk
0,1,0,0,1,1,1,2,0,0,0,0,0,0,0,1,0,73.65,73.65,1,0,1,1,73.65,36.825,1,0.9088212581132639,1,At Risk
0,0,1,1,33,1,0,1,0,0,1,1,1,1,1,1,1,73.9,2405.05,1,2,5,0,2438.7000000000003,12.316666666666668,0,0.10884414743065639,0,Champions
1,0,1,0,55,1,1,2,0,0,1,0,0,0,0,1,0,77.75,4458.15,1,3,2,0,4276.25,25.916666666666668,0,0.5348752175536637,1,At Risk
0,0,1,1,69,1,1,2,0,0,0,1,1,1,2,1,0,99.35,6856.45,0,3,4,0,6855.15,19.87,0,0.15728561111573824,0,Champions
0,0,0,0,1,1,0,1,1,0,0,0,0,0,0,1,1,50.75,50.75,0,0,2,1,50.75,16.916666666666668,1,0.5462387495374339,1,At Risk
0,0,0,0,54,1,1,1,1,0,1,1,1,1,2,0,2,87.1,4735.2,0,3,6,0,4703.4,12.44285714285714,0,0.02512426464698218,0,Champions
0,0,0,1,33,1,0,0,0,0,0,0,0,0,1,1,1,20.15,682.15,0,2,1,0,664.9499999999999,10.075,0,0.028996116886593735,2,Fence Sitters
0,1,1,0,45,1,1,2,0,1,1,1,1,0,1,1,2,98.7,4525.8,0,2,5,0,4441.5,16.45,0,0.2106180546582902,0,Champions
1,0,0,1,11,0,0,1,0,0,0,0,0,0,0,0,0,25.2,321.05,0,0,0,1,277.2,25.2,1,0.41259791505662985,2,Fence Sitters
0,0,0,0,6,1,0,1,1,1,0,0,0,0,0,1,2,55.7,335.65,0,0,3,1,334.20000000000005,13.925,1,0.26901586550250106,1,At Risk
0,0,0,0,21,1,0,1,1,0,1,0,1,0,0,0,2,65.35,1424.4,0,1,4,0,1372.35,13.07,0,0.1925261204548863,0,Champions
1,0,1,1,65,1,1,0,0,0,0,0,0,0,2,1,2,25.3,1748.55,0,3,1,0,1644.5,12.65,0,0.007104541108252096,2,Fence Sitters
1,1,1,0,6,1,1,2,0,0,0,0,0,1,0,1,0,84.35,474.9,1,0,2,1,506.1,28.116666666666664,1,0.8023114965604364,1,At Risk
1,0,0,0,8,1,0,2,1,0,0,0,1,0,0,0,0,84.95,668.4,1,0,3,1,679.6,21.2375,1,0.6313567030148385,1,At Risk
0,0,0,0,11,1,0,2,0,0,0,1,0,0,0,1,0,73.85,926.25,1,0,2,1,812.3499999999999,24.616666666666664,1,0.6416800527992131,1,At Risk
0,0,1,1,43,1,1,0,0,0,0,0,0,0,2,0,1,24.25,1077.95,0,2,1,0,1042.75,12.125,0,0.027055710050559297,2,Fence Sitters
0,0,1,1,49,0,0,1,0,1,0,0,1,1,1,1,2,51.8,2541.25,1,3,3,0,2538.2,12.95,0,0.17688072877239389,2,Fence Sitters
1,1,1,0,1,1,0,1,0,0,0,0,0,0,0,0,0,46.0,46.0,1,0,1,1,46.0,23.0,1,0.8288402713079065,1,At Risk
0,1,0,0,15,1,0,2,0,0,0,0,0,1,0,1,0,79.4,1156.1,1,1,2,0,1191.0,26.46666666666667,0,0.8470349992628445,1,At Risk
0,0,1,1,60,1,0,1,1,1,1,0,0,0,2,0,2,60.5,3694.45,0,3,4,0,3630.0,12.1,0,0.02037880135656393,0,Champions
0,0,0,0,17,0,0,1,0,0,0,0,0,0,0,0,3,25.1,382.8,0,1,0,0,426.7000000000001,25.1,0,0.3273275987602603,2,Fence Sitters
0,1,1,0,16,1,0,2,0,0,0,0,0,0,0,1,2,71.8,1167.8,1,1,1,0,1148.8,35.9,0,0.48178688981961443,1,At Risk
0,0,1,1,35,1,0,0,0,0,0,0,0,0,1,0,2,20.05,746.75,0,2,1,0,701.75,10.025,0,0.03041644626386224,2,Fence Sitters
0,1,1,0,44,1,1,2,0,1,0,0,0,1,1,0,1,88.4,3912.9,1,2,3,0,3889.6,22.1,0,0.15479242744910912,0,Champions
1,0,1,1,12,0,0,1,0,0,0,1,0,0,1,0,3,30.25,368.85,0,0,1,1,363.0,15.125,0,0.09402014520655944,2,Fence Sitters
0,0,0,0,1,1,0,0,0,0,0,0,0,0,0,0,1,20.2,20.2,0,0,1,1,20.2,10.1,1,0.6370578049385306,1,At Risk
1,0,0,0,28,1,0,1,1,1,0,1,0,0,1,1,0,59.9,1654.7,0,2,4,0,1677.2,11.98,0,0.084789762907547,0,Champions
0,0,1,0,70,1,1,0,0,0,0,0,0,0,2,0,2,25.15,1940.85,0,3,1,0,1760.5,12.575,0,0.019082606799167453,2,Fence Sitters
1,0,0,1,5,1,0,1,0,0,0,0,0,0,0,0,1,46.0,221.7,1,0,1,1,230.0,23.0,1,0.4546821953979122,1,At Risk
0,0,0,0,18,1,0,2,0,1,1,0,1,1,0,0,3,101.3,1794.65,0,1,5,0,1823.4,16.883333333333333,0,0.6393102779931941,1,At Risk
0,0,1,0,70,1,1,1,1,0,0,1,1,1,2,1,3,76.95,5289.8,0,3,5,0,5386.5,12.825,0,0.036588447583324316,0,Champions
1,0,1,1,9,1,1,1,0,1,0,0,0,0,0,1,1,55.3,501.2,0,0,2,1,497.7,18.433333333333334,1,0.18814794554535902,2,Fence Sitters
1,1,0,0,67,1,0,2,1,1,0,1,1,0,2,1,2,92.45,6140.85,0,3,5,0,6194.150000000001,15.408333333333331,0,0.09091056582191295,0,Champions
1,0,0,0,1,1,0,1,1,0,0,0,0,0,0,1,2,48.45,48.45,0,0,2,1,48.45,16.150000000000002,1,0.5128826483126057,1,At Risk
1,0,1,1,18,1,0,0,0,0,0,0,0,0,2,0,1,19.35,309.25,0,1,1,0,348.3,9.675,0,0.019903684018895404,2,Fence Sitters
0,0,0,0,4,1,1,1,0,0,0,0,0,0,0,0,3,51.75,201.1,1,0,1,1,207.0,25.875,1,0.6199187969547059,1,At Risk
0,1,1,1,71,1,0,2,1,1,1,0,0,0,1,1,2,86.7,6179.35,0,3,4,0,6155.7,17.34,0,0.04192516936842055,0,Champions
0,0,1,1,30,1,1,2,1,1,0,0,1,0,0,1,0,94.4,2838.7,1,2,4,0,2832.0,18.880000000000003,0,0.33520666699686463,0,Champions
0,0,1,0,1,1,0,1,1,0,1,0,0,0,0,0,1,55.7,55.7,0,0,3,1,55.7,13.925,1,0.5839879986797135,1,At Risk
1,0,0,0,55,1,1,2,1,0,1,0,0,0,1,1,3,84.25,4589.85,0,3,3,0,4633.75,21.0625,0,0.0616478006845464,0,Champions
0,0,0,0,59,1,0,1,0,0,1,1,1,0,0,1,0,64.65,3735.45,0,3,4,0,3814.35,12.93,0,0.1516321864868548,0,Champions
1,0,0,0,1,1,0,2,0,0,0,0,0,0,0,1,1,70.15,70.15,1,0,1,1,70.15,35.075,1,0.9027365225831626,1,At Risk
1,0,1,0,7,1,0,2,0,0,0,0,0,0,0,1,2,69.2,477.55,0,0,1,1,484.4,34.6,1,0.5579605759771742,1,At Risk
0,0,1,1,45,1,0,1,1,0,0,1,0,0,2,0,2,54.65,2553.7,0,2,3,0,2459.25,13.6625,0,0.02017112821127124,2,Fence Sitters
1,0,1,1,54,1,1,0,0,0,0,0,0,0,1,1,2,24.75,1342.15,0,3,1,0,1336.5,12.375,0,0.020882637694029982,2,Fence Sitters
0,0,1,1,51,1,1,0,0,0,0,0,0,0,1,1,1,23.95,1216.35,0,3,1,0,1221.45,11.975,0,0.03569660230781447,2,Fence Sitters
1,1,1,0,72,1,1,2,0,1,1,0,1,1,1,0,3,105.0,7578.05,0,3,5,0,7560.0,17.5,0,0.17630072358795357,0,Champions
0,0,1,0,44,1,0,1,1,1,0,1,0,0,1,1,2,59.85,2603.95,0,2,4,0,2633.4,11.97,0,0.07843706349771727,0,Champions
0,0,0,0,2,1,0,0,0,0,0,0,0,0,0,0,1,20.05,42.7,0,0,1,1,40.1,10.025,1,0.32883141267790705,2,Fence Sitters
1,0,0,0,66,1,1,2,0,0,1,0,1,0,1,1,2,92.15,6056.9,0,3,3,0,6081.900000000001,23.0375,0,0.2983887101590957,0,Champions
0,0,1,1,68,0,0,1,1,1,0,0,1,0,1,0,1,44.8,2983.65,0,3,3,0,3046.4,11.2,0,0.06112456053512527,2,Fence Sitters
1,0,0,0,31,1,0,0,0,0,0,0,0,0,2,0,3,20.9,689.35,0,2,1,0,647.9,10.45,0,0.018873827135049395,2,Fence Sitters
1,1,0,0,21,1,1,2,0,0,0,0,1,1,0,1,2,95.4,2025.1,0,1,3,0,2003.4,23.85,0,0.64892545589089,1,At Risk
0,0,0,1,21,1,1,2,1,0,0,0,0,0,0,0,0,80.35,1747.2,0,1,2,0,1687.35,26.78333333333333,0,0.252472400069173,1,At Risk
1,0,1,1,55,1,1,1,1,0,1,1,1,1,2,1,2,85.1,4657.95,0,3,6,0,4680.5,12.157142857142857,0,0.01956234516437899,0,Champions
0,0,0,0,9,0,0,1,0,0,0,0,1,0,0,1,3,34.7,296.1,1,0,1,1,312.3,17.35,1,0.6952681876054909,1,At Risk
0,1,1,0,71,1,1,2,1,1,1,1,1,1,2,1,2,115.05,8016.6,0,3,7,0,8168.55,14.38125,0,0.03976155445912878,0,Champions
1,0,0,0,1,1,0,2,0,0,0,0,0,1,0,1,0,81.1,81.1,1,0,2,1,81.1,27.03333333333333,1,0.9466978528933196,1,At Risk
0,0,1,1,22,1,0,0,0,0,0,0,0,0,1,0,1,19.95,433.5,0,1,1,0,438.9,9.975,0,0.03338792317518151,2,Fence Sitters
1,0,1,1,1,1,0,0,0,0,0,0,0,0,0,0,1,20.55,20.55,1,0,1,1,20.55,10.275,1,0.5400965687926275,1,At Risk
1,0,0,0,61,1,1,2,0,0,1,1,1,1,2,1,0,106.6,6428.4,1,3,5,0,6502.599999999999,17.766666666666666,0,0.44480990567090206,0,Champions
1,0,1,0,67,1,1,1,0,1,1,1,1,1,2,0,2,86.15,5883.85,0,3,6,0,5772.05,12.30714285714286,0,0.037514224123050104,0,Champions
1,1,0,0,14,1,0,2,1,1,0,0,0,0,0,0,0,78.85,1043.8,0,1,3,0,1103.9,19.7125,0,0.38741804226035315,1,At Risk
0,0,1,0,59,1,1,2,1,1,1,1,1,0,0,1,0,106.75,6252.9,1,3,6,0,6298.25,15.25,0,0.3528240499195282,0,Champions
0,1,1,0,21,1,0,2,0,0,1,0,1,0,0,0,2,86.55,1857.25,0,1,3,0,1817.55,21.6375,0,0.47211407478610196,1,At Risk
0,0,0,0,4,0,0,1,1,1,0,1,0,0,0,0,1,42.4,146.4,0,0,3,1,169.6,10.6,1,0.31553286761034804,1,At Risk
1,0,0,0,3,1,0,2,0,0,0,0,1,1,0,1,0,89.45,240.45,1,0,3,1,268.35,22.3625,1,0.8652290120356099,1,At Risk
0,0,1,0,70,1,1,0,0,0,0,0,0,0,2,0,2,24.25,1724.15,0,3,1,0,1697.5,12.125,0,0.018442968559339055,2,Fence Sitters
1,0,0,0,3,1,0,2,0,1,0,1,1,1,0,1,0,97.9,315.3,1,0,5,1,293.70000000000005,16.316666666666666,1,0.675635906615643,1,At Risk
0,1,0,0,21,1,0,0,0,0,0,0,0,0,1,0,2,20.5,429.55,0,1,1,0,430.5,10.25,0,0.034443790574213505,2,Fence Sitters
0,0,0,0,20,1,0,0,0,0,0,0,0,0,0,1,3,19.6,356.15,0,1,1,0,392.0,9.8,0,0.11908967652985783,2,Fence Sitters
0,0,1,1,22,1,0,0,0,0,0,0,0,0,1,0,2,20.25,488.25,0,1,1,0,445.5,10.125,0,0.029518530853939823,2,Fence Sitters
0,0,0,0,1,1,0,1,0,0,0,0,0,1,0,1,1,55.7,55.7,1,0,2,1,55.7,18.566666666666663,1,0.814234328392346,1,At Risk
1,0,0,0,63,1,0,0,0,0,0,0,0,0,2,1,1,20.6,1298.7,0,3,1,0,1297.8000000000002,10.3,0,0.013510684697908051,2,Fence Sitters
1,0,1,1,70,1,0,0,0,0,0,0,0,0,2,0,2,19.8,1378.75,0,3,1,0,1386.0,9.9,0,0.009387592452585218,2,Fence Sitters
0,0,0,0,13,1,0,2,0,1,1,0,0,0,0,1,0,79.8,973.45,1,1,3,0,1037.4,19.95,0,0.7676951597133576,1,At Risk
1,0,0,0,5,1,0,2,0,0,0,0,1,0,0,0,0,80.2,384.25,0,0,2,1,401.0,26.73333333333333,1,0.8687731478066529,1,At Risk
1,0,1,1,72,1,1,2,1,1,1,1,1,1,2,1,3,116.4,8543.25,0,3,7,0,8380.800000000001,14.55,0,0.010115492503467629,0,Champions
1,0,0,0,13,0,0,1,0,1,0,0,0,0,0,1,0,31.65,389.95,0,1,1,0,411.45,15.825,0,0.463569368509406,2,Fence Sitters
0,0,1,0,61,1,0,2,0,1,1,1,0,1,0,0,3,94.15,5731.85,0,3,5,0,5743.150000000001,15.691666666666668,0,0.1526956624982651,0,Champions
0,0,0,0,1,1,0,0,0,0,0,0,0,0,0,0,0,20.65,20.65,0,0,1,1,20.65,10.325,1,0.6198589999807835,1,At Risk
1,1,1,0,56,1,1,2,0,0,0,1,0,0,0,1,2,76.85,4275.75,0,3,2,0,4303.599999999999,25.616666666666664,0,0.24152871406996235,0,Champions
1,0,0,0,4,1,0,0,0,0,0,0,0,0,0,0,1,20.15,84.5,0,0,1,1,80.6,10.075,1,0.2991786851091392,2,Fence Sitters
0,0,0,0,35,1,1,1,1,0,0,0,0,0,2,0,1,55.25,1924.1,0,2,2,0,1933.75,18.416666666666668,0,0.0386559053987255,2,Fence Sitters
1,0,1,0,18,0,0,1,0,0,1,0,1,0,0,1,0,39.05,669.85,1,1,2,0,702.9,13.016666666666666,0,0.6035640233266891,1,At Risk
0,0,1,0,72,1,1,1,0,1,1,0,1,1,2,0,2,82.15,5784.3,0,3,5,0,5914.8,13.691666666666668,0,0.0923891179035482,0,Champions
1,1,0,0,49,1,1,2,1,1,1,1,0,1,1,0,2,103.0,5166.2,0,3,6,0,5047.0,14.714285714285714,0,0.17305405090686193,0,Champions
1,0,1,0,44,1,1,2,1,1,1,1,0,0,0,1,3,95.1,4060.55,0,2,5,0,4184.4,15.85,0,0.1237166595223651,0,Champions
1,1,1,0,3,1,0,2,0,0,0,1,1,0,0,1,1,83.9,267.4,1,0,3,1,251.7,20.975,1,0.6857112112844282,1,At Risk
1,0,1,1,37,1,1,2,0,1,1,0,0,1,0,1,0,95.15,3532.85,0,2,4,0,3520.55,19.03,0,0.3613107075496902,0,Champions
0,0,1,0,61,1,1,1,0,1,1,0,1,1,1,1,0,79.8,4914.8,0,3,5,0,4867.8,13.3,0,0.25444923002835096,0,Champions
0,0,1,0,70,1,1,1,1,0,1,1,0,1,2,1,3,74.8,5315.8,0,3,5,0,5236.0,12.466666666666669,0,0.020927372448256792,0,Champions
1,1,0,0,1,1,0,2,0,0,0,0,0,0,0,1,0,69.85,69.85,1,0,1,1,69.85,34.925,1,0.9386849560811237,1,At Risk
1,0,0,0,41,1,0,0,0,0,0,0,0,0,0,0,0,20.45,775.6,0,2,1,0,838.4499999999999,10.225,0,0.2420885298208022,2,Fence Sitters
0,0,1,1,70,1,1,1,1,1,1,1,0,1,1,0,2,78.35,5445.95,0,3,6,0,5484.5,11.19285714285714,0,0.16548228470770904,0,Champions
1,0,0,0,1,1,0,1,0,0,0,0,1,0,0,1,1,53.55,53.55,1,0,2,1,53.55,17.849999999999998,1,0.8413095614215946,1,At Risk
0,0,0,0,51,1,0,0,0,0,0,0,0,0,1,0,0,19.1,1007.8,0,3,1,0,974.1,9.55,0,0.03022786210942178,2,Fence Sitters
1,0,1,1,42,1,0,0,0,0,0,0,0,0,2,0,1,20.0,833.55,0,2,1,0,840.0,10.0,0,0.015081152758320636,2,Fence Sitters
1,0,1,1,70,1,1,2,1,1,1,1,0,0,2,0,2,93.9,6579.05,1,3,5,0,6573.0,15.65,0,0.13446007568940463,0,Champions
0,0,0,0,48,1,0,0,0,0,0,0,0,0,1,0,2,19.95,1004.5,0,2,1,0,957.6,9.975,0,0.04051491279836659,2,Fence Sitters
0,0,1,1,68,1,1,2,1,1,1,1,1,1,2,1,0,113.15,7856.0,1,3,7,0,7694.200000000001,14.14375,0,0.10378571229812207,0,Champions
1,0,0,0,48,1,1,0,0,0,0,0,0,0,2,0,3,24.0,1183.05,0,2,1,0,1152.0,12.0,0,0.03344791524211485,2,Fence Sitters
1,1,1,0,26,1,0,2,0,1,0,0,0,1,0,0,0,84.95,2169.75,1,2,3,0,2208.7000000000003,21.2375,0,0.5516856214703806,1,At Risk
0,0,1,0,11,1,1,2,0,1,0,0,0,0,0,1,2,80.5,896.9,1,0,2,1,885.5,26.83333333333333,1,0.7583650527391976,1,At Risk
0,0,0,0,1,1,0,0,0,0,0,0,0,0,0,1,1,19.3,19.3,1,0,1,1,19.3,9.65,1,0.5094391494565728,2,Fence Sitters
1,0,0,0,27,1,0,0,0,0,0,0,0,0,1,0,1,19.15,501.35,0,2,1,0,517.05,9.575,0,0.0214602449688441,2,Fence Sitters
1,1,0,0,46,1,0,2,0,1,1,0,1,0,1,1,2,91.3,4126.35,0,2,4,0,4199.8,18.26,0,0.1395880440128191,0,Champions
0,0,0,0,1,1,0,1,0,0,1,0,0,0,0,1,1,49.65,49.65,1,0,2,1,49.65,16.55,1,0.8093189495958847,1,At Risk
1,0,0,0,46,1,0,1,0,0,1,1,0,0,2,0,3,54.35,2460.15,1,2,3,0,2500.1,13.5875,0,0.03278001217989995,2,Fence Sitters
0,0,1,1,25,1,0,0,0,0,0,0,0,0,0,1,1,19.15,477.6,0,2,1,0,478.75,9.575,0,0.04308159278519963,2,Fence Sitters
0,0,0,0,4,1,0,2,0,0,0,0,1,1,0,1,0,88.45,370.65,1,0,3,1,353.8,22.1125,1,0.8943173062006413,1,At Risk
0,0,0,0,13,1,0,0,0,0,0,0,0,0,2,0,1,19.75,265.75,0,1,1,0,256.75,9.875,0,0.027547236744330107,2,Fence Sitters
0,0,1,0,31,1,0,1,1,1,1,1,0,1,1,1,3,75.5,2424.45,0,2,6,0,2340.5,10.785714285714286,0,0.09968339747273765,0,Champions
1,0,1,1,23,1,1,2,0,0,0,0,1,0,0,1,0,83.75,1849.95,0,1,2,0,1926.25,27.916666666666668,0,0.5499147128001112,1,At Risk
1,0,0,0,2,1,0,0,0,0,0,0,0,0,0,0,1,19.4,61.05,0,0,1,1,38.8,9.7,1,0.3060977343898364,2,Fence Sitters
1,0,0,0,65,1,1,0,0,0,0,0,0,0,2,0,2,26.5,1698.55,0,3,1,0,1722.5,13.25,0,0.0185111743448665,2,Fence Sitters
0,1,0,0,22,1,1,2,0,0,0,1,1,0,0,1,2,90.5,1910.6,1,1,3,0,1991.0,22.625,0,0.3984440792779815,1,At Risk
1,0,1,1,55,1,0,0,0,0,0,0,0,0,1,0,3,19.15,998.1,0,3,1,0,1053.25,9.575,0,0.018092257994306835,2,Fence Sitters
0,0,1,0,9,1,0,2,0,1,1,1,1,0,0,1,1,94.85,890.6,1,0,5,1,853.65,15.808333333333332,1,0.6594903476991844,1,At Risk
0,0,1,1,7,1,0,2,0,0,0,0,0,0,0,1,2,69.95,529.5,1,0,1,1,489.65,34.975,1,0.4004956504946599,1,At Risk
1,0,1,1,35,0,0,1,0,0,0,1,1,0,1,0,1,40.9,1383.6,0,2,2,0,1431.5,13.633333333333333,0,0.057674666204923015,2,Fence Sitters
0,0,0,0,6,1,0,1,1,0,1,1,1,1,2,1,1,80.25,493.4,0,0,6,1,481.5,11.464285714285714,0,0.022490032975448705,0,Champions
1,0,0,0,1,1,0,1,1,0,0,0,0,0,0,1,3,48.6,48.6,1,0,2,1,48.6,16.2,1,0.4973122571456202,1,At Risk
0,0,0,0,17,1,0,2,0,0,0,0,0,0,0,1,0,70.8,1207.0,0,1,1,0,1203.6,35.4,0,0.7855713279222309,1,At Risk
0,0,1,1,10,1,0,1,0,0,1,0,1,0,0,0,1,60.2,563.5,0,0,3,1,602.0,15.05,1,0.21909613700609046,1,At Risk
0,0,0,1,15,1,0,1,0,0,1,1,0,0,1,0,3,55.2,864.55,0,1,3,0,828.0,13.8,0,0.10829807655886753,2,Fence Sitters
1,1,0,0,40,0,0,1,1,1,0,0,1,1,0,1,0,55.8,2109.35,1,2,4,0,2232.0,11.16,0,0.5438668803971762,1,At Risk
1,0,1,1,13,1,0,1,1,0,0,1,0,0,1,0,2,54.15,701.05,0,1,3,0,703.9499999999999,13.5375,0,0.07343044874621532,2,Fence Sitters
0,0,1,0,29,1,1,2,0,1,0,0,0,0,0,1,2,80.15,2265.25,1,2,2,0,2324.3500000000004,26.71666666666667,0,0.6132078765108632,1,At Risk
1,0,0,0,3,1,1,2,0,0,0,0,0,0,0,1,0,75.5,220.6,1,0,1,1,226.5,37.75,1,0.8750516052838183,1,At Risk
1,1,1,0,58,1,1,2,0,0,0,1,1,1,0,1,2,100.4,5749.8,0,3,4,0,5823.200000000001,20.08,0,0.24148871097004848,0,Champions
1,0,0,0,45,1,0,1,1,1,0,1,0,0,1,1,3,62.55,2796.45,0,2,4,0,2814.75,12.51,0,0.0911679171632493,0,Champions
1,0,1,1,72,1,1,1,1,1,1,1,0,0,2,1,2,70.45,5165.7,0,3,5,0,5072.400000000001,11.741666666666667,0,0.00642632386166594,0,Champions
0,0,1,1,68,1,1,2,1,1,0,0,0,0,1,1,2,85.5,5696.6,0,3,3,0,5814.0,21.375,0,0.06937051018665713,0,Champions
0,0,0,0,1,1,0,0,0,0,0,0,0,0,0,1,2,20.2,20.2,1,0,1,1,20.2,10.1,1,0.5522493191383144,1,At Risk
1,0,1,1,38,1,0,1,1,1,0,0,0,0,0,0,0,54.5,2076.05,0,2,3,0,2071.0,13.625,0,0.09098125094423688,2,Fence Sitters
0,0,0,0,2,1,0,0,0,0,0,0,0,0,0,0,1,20.75,44.2,0,0,1,1,41.5,10.375,1,0.3311924459959967,2,Fence Sitters
0,0,0,0,11,1,0,0,0,0,0,0,0,0,0,0,1,20.35,215.25,0,0,1,1,223.85,10.175,1,0.2623284192622302,2,Fence Sitters
1,1,1,0,20,1,0,2,0,0,0,0,1,1,1,1,2,91.0,1859.5,0,1,3,0,1820.0,22.75,0,0.20557693117816284,0,Champions
0,0,1,0,72,1,1,2,0,1,1,0,1,1,2,1,2,104.8,7470.1,0,3,5,0,7545.599999999999,17.466666666666665,0,0.1889997599827527,0,Champions
1,0,1,0,3,1,1,2,0,0,0,0,0,0,0,1,3,74.75,229.5,1,0,1,1,224.25,37.375,1,0.754930346571097,1,At Risk
0,0,0,0,23,1,1,2,0,0,1,1,1,1,0,1,1,104.05,2470.1,1,1,5,0,2393.15,17.341666666666665,0,0.7428324118599988,1,At Risk
0,0,0,0,40,1,0,1,0,0,0,1,0,0,0,1,0,51.1,2092.9,0,2,2,0,2044.0,17.033333333333335,0,0.385644612963375,2,Fence Sitters
0,1,1,0,62,1,1,2,0,1,0,0,0,1,0,1,2,89.8,5629.55,0,3,3,0,5567.599999999999,22.45,0,0.5014870367521276,0,Champions
1,0,0,1,22,1,0,0,0,0,0,0,0,0,0,1,0,20.55,469.85,0,1,1,0,452.1,10.275,0,0.10519063885114403,2,Fence Sitters
1,0,0,0,11,1,0,1,1,0,1,0,0,1,0,0,2,64.05,733.95,0,0,4,1,704.55,12.81,1,0.1377056079631058,0,Champions
0,1,1,0,7,1,1,2,0,0,0,0,0,0,0,1,0,74.85,485.25,0,0,1,1,523.9499999999999,37.425,1,0.7655420301970465,1,At Risk
1,0,0,0,13,1,1,2,1,1,0,0,1,0,0,1,0,96.65,1244.5,1,1,4,0,1256.45,19.33,0,0.6867421267811097,1,At Risk
0,1,0,0,1,1,0,0,0,0,0,0,0,0,0,0,1,20.05,20.05,1,0,1,1,20.05,10.025,1,0.6897945294670842,1,At Risk
1,0,0,0,39,1,1,2,0,1,1,0,1,1,0,1,0,103.45,3994.45,1,2,5,0,4034.55,17.241666666666667,0,0.6488341738455122,0,Champions
0,0,1,0,3,0,0,1,0,0,0,0,0,0,0,0,1,25.0,78.25,0,0,0,1,75.0,25.0,1,0.7409949582290403,1,At Risk
0,0,0,0,58,1,0,0,0,0,0,0,0,0,2,0,3,20.3,1131.5,0,3,1,0,1177.4,10.15,0,0.01614932308670462,2,Fence Sitters
0,0,0,1,6,1,1,0,0,0,0,0,0,0,0,0,1,26.35,184.05,0,0,1,1,158.10000000000002,13.175,1,0.2293844350255458,2,Fence Sitters
1,0,1,1,1,1,0,0,0,0,0,0,0,0,0,1,0,19.9,19.9,1,0,1,1,19.9,9.95,1,0.6196469222689912,1,At Risk
1,0,1,0,22,1,0,1,0,1,1,0,0,0,0,1,1,54.7,1178.75,0,1,3,0,1203.4,13.675,0,0.21656832231350276,2,Fence Sitters
0,0,1,0,14,0,0,1,0,0,0,0,1,1,0,0,0,46.35,667.7,1,1,2,0,648.9,15.45,0,0.816259421330856,1,At Risk
0,0,1,1,64,1,1,2,0,0,1,0,0,1,1,0,3,90.25,5629.15,0,3,3,0,5776.0,22.5625,0,0.10737859229449154,0,Champions
0,0,0,0,1,1,0,0,0,0,0,0,0,0,0,0,0,19.95,19.95,1,0,1,1,19.95,9.975,1,0.6974825644790139,1,At Risk
0,0,0,0,6,1,0,0,0,0,0,0,0,0,0,0,1,20.65,109.3,0,0,1,1,123.9,10.325,1,0.25664715028200497,2,Fence Sitters
0,0,0,0,1,1,0,2,0,0,0,0,0,1,0,0,0,79.6,79.6,1,0,2,1,79.6,26.53333333333333,1,0.9435541424366286,1,At Risk
0,0,0,1,39,1,1,0,0,0,0,0,0,0,1,0,2,25.45,958.45,0,2,1,0,992.55,12.725,0,0.07945360597956519,2,Fence Sitters
1,0,0,0,20,1,0,0,0,0,0,0,0,0,1,0,1,19.5,403.15,0,1,1,0,390.0,9.75,0,0.04067003040672286,2,Fence Sitters
0,0,0,0,1,1,0,2,0,0,0,1,0,0,0,1,0,75.9,75.9,1,0,2,1,75.9,25.3,1,0.7486050819830539,1,At Risk
0,0,1,0,1,1,0,2,0,0,1,0,0,0,0,0,0,76.2,76.2,1,0,2,1,76.2,25.4,1,0.874047094296575,1,At Risk
0,0,1,0,64,1,1,1,1,0,0,0,1,0,1,1,3,66.15,4392.5,0,3,3,0,4233.6,16.5375,0,0.10798539666601539,0,Champions
0,0,0,1,1,1,0,0,0,0,0,0,0,0,0,0,1,19.25,19.25,1,0,1,1,19.25,9.625,1,0.4492377520368374,2,Fence Sitters
1,0,1,0,46,1,0,1,0,1,0,0,1,1,0,1,3,69.1,3168.0,0,2,4,0,3178.6,13.82,0,0.1089032031810664,0,Champions
1,1,1,1,28,0,0,1,0,1,0,0,0,1,1,1,0,39.1,1096.6,0,2,2,0,1094.8,13.033333333333331,0,0.07464679847670881,2,Fence Sitters
1,0,1,0,33,1,0,0,0,0,0,0,0,0,0,0,1,20.05,669.45,0,2,1,0,661.65,10.025,0,0.14441172964203525,2,Fence Sitters
0,0,1,1,39,1,0,1,1,1,1,0,0,0,1,0,0,59.8,2343.85,0,2,4,0,2332.2,11.96,0,0.11428487187625574,0,Champions
1,0,1,0,42,1,1,2,0,0,1,1,0,0,0,1,0,84.3,3588.4,1,2,3,0,3540.6,21.075,0,0.48575117749827645,0,Champions
1,0,0,0,1,1,0,1,0,1,0,0,0,0,0,1,0,48.6,48.6,0,0,2,1,48.6,16.2,1,0.516468760500186,1,At Risk
1,0,0,0,7,1,0,2,0,0,0,0,1,0,0,1,0,79.0,522.95,1,0,2,1,553.0,26.33333333333333,1,0.8911657569800843,1,At Risk
0,1,1,0,70,1,0,2,1,1,1,0,1,1,2,0,3,105.35,7511.9,0,3,6,0,7374.5,15.05,0,0.15221994819973045,0,Champions
0,0,0,0,65,1,1,0,0,0,0,0,0,0,2,1,2,25.1,1725.0,0,3,1,0,1631.5,12.55,0,0.01665077046134226,2,Fence Sitters
0,0,0,0,1,1,0,1,1,0,0,0,0,0,0,0,0,49.75,49.75,0,0,2,1,49.75,16.583333333333332,1,0.6979274988574933,1,At Risk
0,0,1,0,18,1,1,2,0,0,0,0,1,1,0,1,0,94.75,1691.9,0,1,3,0,1705.5,23.6875,0,0.7680805532790485,1,At Risk
0,0,1,0,24,1,1,2,0,0,0,0,1,1,0,1,0,93.0,2248.05,0,1,3,0,2232.0,23.25,0,0.791022860652139,1,At Risk
0,0,0,0,63,1,1,1,1,0,1,1,0,1,2,1,2,71.9,4479.2,0,3,5,0,4529.700000000001,11.983333333333334,0,0.019271755552785586,0,Champions
1,0,0,1,44,1,1,1,0,1,0,0,1,1,1,1,1,77.55,3471.1,0,2,4,0,3412.2,15.51,0,0.17132003242070623,0,Champions
0,0,0,0,4,1,0,0,0,0,0,0,0,0,0,1,0,19.85,63.0,0,0,1,1,79.4,9.925,1,0.3803281190997363,2,Fence Sitters
1,0,0,0,1,1,0,2,0,0,0,0,0,0,0,1,0,70.25,70.25,1,0,1,1,70.25,35.125,1,0.9258006955645237,1,At Risk
1,0,1,1,37,1,1,2,0,0,0,0,1,1,0,1,0,95.25,3314.15,0,2,3,0,3524.25,23.8125,0,0.5514474783304226,1,At Risk
1,1,0,0,10,1,0,2,0,0,1,0,0,1,0,1,3,84.6,865.55,1,0,3,1,846.0,21.15,1,0.6583426319361487,1,At Risk
0,0,0,0,34,0,0,1,0,0,0,0,0,0,0,1,2,25.05,852.7,0,2,0,0,851.7,25.05,0,0.4810313420902031,2,Fence Sitters
0,0,1,0,35,0,0,1,1,0,1,0,1,1,1,0,3,53.15,1930.9,0,2,4,0,1860.25,10.63,0,0.09690882210162964,0,Champions
1,0,1,0,4,1,0,0,0,0,0,0,0,0,0,0,0,20.15,91.4,0,0,1,1,80.6,10.075,1,0.3265416598786888,2,Fence Sitters
1,1,1,0,39,1,1,2,0,0,0,1,1,1,0,1,0,101.25,3949.15,0,2,4,0,3948.75,20.25,0,0.3819437543999138,0,Champions
0,1,1,0,43,1,0,2,0,1,1,0,1,1,1,1,2,100.55,4304.0,0,2,5,0,4323.65,16.758333333333333,0,0.4084611738071138,0,Champions
1,0,1,1,17,1,1,0,0,0,0,0,0,0,0,0,1,24.1,409.9,1,1,1,0,409.7000000000001,12.05,0,0.09758930403357627,2,Fence Sitters
1,0,1,0,61,1,1,0,0,0,0,0,0,0,2,0,2,25.3,1554.9,0,3,1,0,1543.3,12.65,0,0.011787978325579072,2,Fence Sitters
1,0,1,0,49,1,1,1,1,1,1,0,0,1,1,0,0,71.8,3472.05,0,3,5,0,3518.2,11.966666666666669,0,0.08098027765193944,0,Champions
0,0,0,0,4,1,0,0,0,0,0,0,0,0,1,0,1,19.7,117.8,0,0,1,1,78.8,9.85,0,0.07465644194893936,2,Fence Sitters
1,0,1,1,64,0,0,1,0,1,1,1,0,1,2,0,0,49.85,3210.35,0,3,4,0,3190.4,9.97,0,0.035337642427359386,0,Champions
0,0,0,0,3,1,0,2,0,0,0,0,0,0,0,1,1,69.6,207.4,0,0,1,1,208.8,34.8,1,0.8445405838380757,1,At Risk
0,0,1,1,1,1,0,0,0,0,0,0,0,0,0,0,0,19.75,19.75,0,0,1,1,19.75,9.875,1,0.614048861975185,1,At Risk
0,0,1,0,40,1,0,2,0,1,1,0,0,0,1,0,0,80.8,3132.75,0,2,3,0,3232.0,20.2,0,0.18679689060740048,0,Champions
1,0,0,1,1,1,0,1,1,1,0,1,0,0,0,1,0,60.0,60.0,1,0,4,1,60.0,12.0,1,0.5943360042992301,1,At Risk
0,0,0,0,8,1,1,2,0,0,0,0,0,1,0,1,0,86.55,649.65,1,0,2,1,692.4,28.85,1,0.9164787693769211,1,At Risk
1,1,1,0,1,1,0,0,0,0,0,0,0,0,0,1,1,20.85,20.85,1,0,1,1,20.85,10.425,1,0.6994312054580799,1,At Risk
1,1,1,0,34,1,0,1,0,0,1,1,1,0,1,0,2,64.2,2106.3,0,2,4,0,2182.8,12.84,0,0.034482062320987786,0,Champions
1,0,1,0,1,0,0,1,0,0,0,0,0,1,0,0,0,35.0,35.0,0,0,1,1,35.0,17.5,1,0.8768392273086887,1,At Risk
1,0,0,0,39,0,0,1,0,0,1,0,1,1,0,1,0,50.75,2011.4,1,2,3,0,1979.25,12.6875,0,0.5548768072146262,1,At Risk
1,1,1,0,58,1,0,2,1,1,0,1,1,1,1,1,3,105.5,6205.5,1,3,6,0,6119.0,15.071428571428571,0,0.2717697186322358,0,Champions
0,0,1,1,45,1,0,0,0,0,0,0,0,0,2,0,0,19.2,903.7,0,2,1,0,864.0,9.6,0,0.010868770087238754,2,Fence Sitters
0,1,0,0,6,1,0,2,1,0,0,0,1,0,0,1,2,85.15,503.6,1,0,3,1,510.9,21.2875,1,0.6167015950507974,1,At Risk
0,0,0,0,43,1,0,2,1,1,1,1,0,0,1,1,3,90.65,3882.3,0,2,5,0,3897.95,15.108333333333334,0,0.07709265515730193,0,Champions
0,0,1,1,41,1,0,0,0,0,0,0,0,0,2,1,1,20.0,879.8,0,2,1,0,820.0,10.0,0,0.012276328936839493,2,Fence Sitters
0,0,0,0,5,1,0,2,0,1,0,0,0,0,0,1,0,74.65,383.65,0,0,2,1,373.25,24.883333333333336,1,0.8075377265895107,1,At Risk
0,0,0,0,72,0,0,1,1,0,1,1,1,1,2,1,3,61.2,4390.25,0,3,5,0,4406.400000000001,10.2,0,0.009501717508937598,0,Champions
0,0,0,0,4,1,0,0,0,0,0,0,0,0,1,0,1,19.95,68.2,0,0,1,1,79.8,9.975,0,0.07465644194893936,2,Fence Sitters
0,0,1,1,9,1,0,1,0,1,0,1,0,0,0,0,1,54.8,452.8,0,0,3,1,493.2,13.7,1,0.10274705434287994,2,Fence Sitters
0,1,1,0,72,1,1,1,0,0,1,0,1,1,2,1,3,73.45,5329.0,0,3,4,0,5288.400000000001,14.69,0,0.029952841256450494,0,Champions
1,0,1,0,33,1,0,1,0,0,0,1,0,0,1,1,1,51.45,1758.9,0,2,2,0,1697.85,17.150000000000002,0,0.07384813109179005,2,Fence Sitters
1,0,1,0,72,1,1,2,1,0,0,0,0,0,2,0,2,80.45,5737.6,0,3,2,0,5792.400000000001,26.816666666666663,0,0.005696893520431467,0,Champions
0,0,1,0,22,1,0,1,1,0,0,1,0,0,0,1,0,54.2,1152.7,1,1,3,0,1192.4,13.55,0,0.23719750482081817,2,Fence Sitters
1,0,1,0,70,1,1,2,0,1,1,1,1,1,1,1,0,109.5,7674.55,1,3,6,0,7665.0,15.642857142857142,0,0.33782659884838095,0,Champions
0,0,1,1,21,1,1,2,0,1,1,0,1,1,0,0,0,104.4,2157.95,1,1,5,0,2192.4,17.400000000000002,0,0.6697088866091719,1,At Risk
0,0,0,0,15,1,0,2,0,0,1,0,1,0,0,0,0,85.3,1219.85,0,1,3,0,1279.5,21.325,0,0.8225375546915044,1,At Risk
0,1,1,0,29,1,1,2,0,0,0,1,0,0,0,1,0,79.3,2414.55,0,2,2,0,2299.7,26.433333333333334,0,0.33715967545973713,1,At Risk
1,0,1,1,15,1,0,1,0,1,1,1,1,1,0,0,2,76.5,1155.6,0,1,6,0,1147.5,10.928571428571429,0,0.16920925165263964,0,Champions
0,1,1,1,71,1,1,2,1,1,0,0,1,1,0,1,3,105.1,7548.1,1,3,5,0,7462.099999999999,17.516666666666666,0,0.29893199104044127,0,Champions
0,1,0,0,72,1,1,0,0,0,0,0,0,0,2,0,2,25.4,1809.35,0,3,1,0,1828.8,12.7,0,0.012009848846544912,2,Fence Sitters
1,0,1,0,19,1,1,2,0,0,0,0,1,0,0,1,0,86.85,1564.4,0,1,2,0,1650.15,28.95,0,0.7961519011338142,1,At Risk
0,0,0,0,1,1,0,0,0,0,0,0,0,0,0,0,1,19.65,19.65,0,0,1,1,19.65,9.825,1,0.6301773548820512,1,At Risk
1,0,0,0,1,1,0,2,0,1,0,0,0,0,0,1,0,75.7,75.7,1,0,2,1,75.7,25.23333333333333,1,0.874687355977312,1,At Risk
1,0,0,0,2,1,0,1,0,0,0,0,0,0,0,0,0,45.55,84.4,0,0,1,1,91.1,22.775,1,0.7607533574265815,1,At Risk
1,1,1,1,11,1,1,2,0,0,1,0,0,0,0,1,3,78.1,864.85,0,0,2,1,859.0999999999999,26.03333333333333,1,0.4423651735930863,1,At Risk
1,0,0,0,12,1,0,0,0,0,0,0,0,0,1,0,1,19.3,228.75,0,0,1,1,231.6,9.65,0,0.05190405454674718,2,Fence Sitters
1,0,1,0,70,1,1,2,0,1,1,1,1,1,2,1,0,110.5,7752.05,0,3,6,0,7735.0,15.785714285714286,0,0.1832724672662207,0,Champions
1,1,1,0,20,1,1,2,0,0,1,0,1,0,0,0,0,90.8,1951.0,1,1,3,0,1816.0,22.7,0,0.4831190384517775,1,At Risk
1,0,0,0,23,1,0,0,0,0,0,0,0,0,0,1,2,20.3,470.6,0,1,1,0,466.9,10.15,0,0.12460309338913489,2,Fence Sitters
0,1,0,0,49,1,1,1,1,1,1,1,0,1,2,0,3,81.35,4060.9,0,3,6,0,3986.15,11.62142857142857,0,0.020546638940071516,0,Champions
1,0,1,1,4,1,1,2,0,1,0,0,1,1,0,1,0,97.95,384.5,1,0,4,1,391.8,19.59,1,0.8084943572506146,1,At Risk
0,0,0,0,32,1,1,2,1,1,0,1,1,1,0,1,3,108.15,3432.9,1,2,6,0,3460.8,15.45,0,0.3830343140125616,0,Champions
0,0,0,1,2,1,0,1,0,0,0,0,0,1,0,1,0,55.3,108.65,0,0,2,1,110.6,18.433333333333334,1,0.7693562257525738,1,At Risk
0,1,1,0,69,0,0,1,1,1,0,0,1,1,2,0,3,56.55,3952.65,0,3,4,0,3901.95,11.31,0,0.04267492033080191,0,Champions
0,0,0,0,6,1,0,2,0,0,0,0,1,0,0,1,3,80.5,463.05,1,0,2,1,483.0,26.83333333333333,1,0.7366875622838683,1,At Risk
1,0,1,1,24,1,0,0,0,0,0,0,0,0,2,1,1,19.7,494.05,0,1,1,0,472.8,9.85,0,0.011533310341787938,2,Fence Sitters
1,0,0,0,32,1,1,2,0,1,1,0,1,1,1,1,3,104.05,3416.85,0,2,5,0,3329.6,17.341666666666665,0,0.26327682627731697,0,Champions
1,0,0,0,27,1,0,1,1,1,0,0,0,0,2,0,2,52.85,1498.65,0,2,3,0,1426.95,13.2125,0,0.027505883066128427,2,Fence Sitters
1,1,1,0,27,1,1,2,1,0,0,1,1,1,0,1,2,104.3,2867.75,1,2,5,0,2816.1,17.383333333333333,0,0.630843162411415,0,Champions
0,0,0,0,58,1,1,2,0,0,0,1,0,0,0,0,2,80.65,4807.35,0,3,2,0,4677.700000000001,26.883333333333336,0,0.22897436614495384,0,Champions
0,0,0,0,1,1,0,2,0,0,0,0,0,0,0,1,1,71.35,71.35,1,0,1,1,71.35,35.675,1,0.9141332197823884,1,At Risk
1,0,1,1,18,1,1,0,0,0,0,0,0,0,2,1,3,24.65,471.35,0,1,1,0,443.7,12.325,0,0.02001023986702982,2,Fence Sitters
1,0,1,1,47,1,0,0,0,0,0,0,0,0,2,1,2,21.3,1041.8,0,2,1,0,1001.1,10.65,0,0.018886765894472544,2,Fence Sitters
1,0,1,1,70,1,1,2,0,1,1,1,1,1,2,1,0,110.2,7689.8,0,3,6,0,7714.0,15.742857142857144,0,0.12265543538607651,0,Champions
1,0,0,0,13,1,1,2,0,1,1,1,0,0,0,0,0,89.4,1132.35,1,1,4,0,1162.2,17.880000000000003,0,0.6498929170452371,1,At Risk
1,0,1,1,36,1,0,1,1,0,0,0,0,0,0,0,3,51.05,1815.0,0,2,2,0,1837.8,17.016666666666666,0,0.059991660899364224,2,Fence Sitters
0,0,0,0,67,1,0,0,0,0,0,0,0,0,2,1,1,19.8,1311.3,0,3,1,0,1326.6,9.9,0,0.011547517712348148,2,Fence Sitters
1,0,0,0,10,1,0,0,0,0,0,0,0,0,0,1,1,19.9,199.45,0,0,1,1,199.0,9.95,1,0.2262191389194211,2,Fence Sitters
0,1,0,0,19,1,0,2,1,0,0,0,0,1,0,1,0,87.3,1637.3,0,1,3,0,1658.7,21.825,0,0.44384723965191675,1,At Risk
1,0,1,1,71,1,0,0,0,0,0,0,0,0,2,0,2,19.85,1326.35,0,3,1,0,1409.35,9.925,0,0.008117896082724847,2,Fence Sitters
0,0,1,1,72,1,1,1,1,1,1,1,1,1,2,1,1,89.4,6376.55,0,3,7,0,6436.8,11.175,0,0.008391862110321639,0,Champions
1,0,1,1,48,1,0,0,0,0,0,0,0,0,2,0,1,20.0,935.9,0,2,1,0,960.0,10.0,0,0.01587206995188774,2,Fence Sitters
0,0,0,0,1,1,0,0,0,0,0,0,0,0,0,0,1,20.05,20.05,0,0,1,1,20.05,10.025,1,0.6301773548820512,1,At Risk
0,0,1,1,18,1,0,1,1,0,1,1,1,1,0,0,0,83.25,1611.15,0,1,6,0,1498.5,11.892857142857142,0,0.1869021206416934,0,Champions
0,0,0,0,1,1,0,0,0,0,0,0,0,0,0,0,1,20.6,20.6,1,0,1,1,20.6,10.3,1,0.5465123665984496,1,At Risk
0,1,1,0,67,1,1,2,0,1,0,1,1,1,2,0,2,102.9,6989.7,0,3,5,0,6894.3,17.150000000000002,0,0.17902491159670333,0,Champions
0,0,1,1,69,0,0,1,1,0,1,1,0,0,2,0,1,39.1,2779.5,0,3,3,0,2697.9,9.775,0,0.014671196712972484,2,Fence Sitters
0,0,0,0,19,1,1,2,0,1,0,0,1,1,0,1,0,99.95,1931.75,1,1,4,0,1899.05,19.99,0,0.8543366212805661,1,At Risk
0,1,1,0,72,1,1,2,1,1,1,1,1,1,2,1,1,114.5,8331.95,0,3,7,0,8244.0,14.3125,0,0.023078782440860857,0,Champions
1,1,0,0,38,1,0,0,0,0,0,0,0,0,2,0,1,20.2,735.9,0,2,1,0,767.6,10.1,0,0.01845053871567544,2,Fence Sitters
0,1,1,0,40,1,0,1,0,0,0,0,0,1,1,0,0,55.8,2283.3,0,2,2,0,2232.0,18.6,0,0.15726347060570506,2,Fence Sitters
1,0,1,1,61,1,1,0,0,0,0,0,0,0,2,1,1,24.2,1445.2,0,3,1,0,1476.2,12.1,0,0.007491368975846448,2,Fence Sitters
1,0,0,0,10,1,1,2,0,1,0,0,0,0,0,1,3,81.0,818.05,1,0,2,1,810.0,27.0,1,0.684761635258661,1,At Risk
0,0,1,0,32,1,1,1,1,0,0,1,1,0,1,1,3,72.8,2333.05,0,2,4,0,2329.6,14.56,0,0.09126072948817379,0,Champions
1,0,0,0,21,1,1,2,0,1,0,0,1,1,0,1,3,99.85,1992.55,0,1,4,0,2096.85,19.97,0,0.6921318191981186,1,At Risk
1,1,0,0,59,1,1,2,0,0,1,0,1,1,1,1,0,99.5,5890.0,0,3,4,0,5870.5,19.9,0,0.4325908065614221,0,Champions
1,1,1,0,13,1,0,2,0,0,0,0,0,0,0,1,0,70.15,916.75,1,1,1,0,911.95,35.075,0,0.5089968190515527,1,At Risk
1,0,0,0,47,1,0,0,0,0,0,0,0,0,2,0,3,20.25,1029.8,0,2,1,0,951.75,10.125,0,0.01820282525487354,2,Fence Sitters
0,0,1,1,69,1,1,0,0,0,0,0,0,0,2,1,2,26.0,1796.55,0,3,1,0,1794.0,13.0,0,0.012081234620162808,2,Fence Sitters
0,0,0,0,2,1,0,0,0,0,0,0,0,0,0,1,3,19.9,33.7,0,0,1,1,39.8,9.95,1,0.16963873156731746,2,Fence Sitters
1,0,1,1,22,1,0,0,0,0,0,0,0,0,0,0,2,19.05,454.05,0,1,1,0,419.1,9.525,0,0.053667637257706444,2,Fence Sitters
0,1,1,0,15,1,1,2,1,0,1,0,1,0,0,1,0,96.5,1392.25,0,1,4,0,1447.5,19.3,0,0.6968485893513299,1,At Risk
1,0,0,0,53,1,0,0,0,0,0,0,0,0,2,0,3,19.85,1049.6,0,3,1,0,1052.0500000000002,9.925,0,0.01555801511049404,2,Fence Sitters
1,1,1,0,28,1,1,0,0,0,0,0,0,0,0,0,1,25.7,734.6,0,2,1,0,719.6,12.85,0,0.18300384379269136,2,Fence Sitters
0,0,0,0,22,1,0,0,0,0,0,0,0,0,1,0,1,20.3,475.1,0,1,1,0,446.6,10.15,0,0.04365709485949775,2,Fence Sitters
1,0,0,0,1,1,0,2,0,0,0,0,0,0,0,1,1,70.15,70.15,1,0,1,1,70.15,35.075,1,0.9027365225831626,1,At Risk
0,1,1,0,16,1,0,2,0,0,1,1,0,1,0,1,0,91.55,1540.05,0,1,4,0,1464.8,18.31,0,0.4038729339880976,1,At Risk
1,0,1,1,48,0,0,1,1,1,0,1,0,0,2,0,1,39.4,1978.65,0,2,3,0,1891.2,9.85,0,0.01626628960556132,2,Fence Sitters
0,1,1,0,30,1,1,2,1,1,1,1,1,0,0,1,2,105.7,3181.8,0,2,6,0,3171.0,15.1,0,0.2621615788056742,0,Champions
1,0,0,0,3,1,0,2,0,0,0,0,0,0,0,1,0,70.25,229.7,0,0,1,1,210.75,35.125,1,0.8088075514175,1,At Risk
0,1,0,0,57,1,1,2,1,0,0,1,0,1,2,0,0,93.75,5625.55,0,3,4,0,5343.75,18.75,0,0.1089835905405922,0,Champions
1,1,1,0,68,1,1,2,1,1,0,0,0,1,1,1,3,96.55,6581.9,1,3,4,0,6565.4,19.31,0,0.10647663391930089,0,Champions
1,0,1,0,23,1,0,1,0,0,0,1,1,0,1,0,2,60.0,1347.15,0,1,3,0,1380.0,15.0,0,0.07967203001050509,2,Fence Sitters
1,0,1,0,65,1,0,1,0,0,0,1,1,0,2,1,3,59.8,3808.2,0,3,3,0,3887.0,14.95,0,0.02708965025014479,0,Champions
0,0,1,0,44,1,0,2,0,0,0,0,1,1,1,1,2,90.65,3974.15,0,2,3,0,3988.6,22.6625,0,0.26041970084880295,0,Champions
1,0,1,1,71,1,1,2,1,1,1,0,1,1,2,1,2,109.0,7661.8,0,3,6,0,7739.0,15.571428571428571,0,0.03972417731719253,0,Champions
1,0,1,0,37,1,1,1,1,0,1,1,0,0,1,0,3,68.1,2479.25,0,2,4,0,2519.7,13.62,0,0.053097985875932154,0,Champions
1,0,0,0,12,1,0,0,0,0,0,0,0,0,0,0,1,20.4,266.6,0,0,1,1,244.8,10.2,1,0.24777254727591236,2,Fence Sitters
0,0,1,1,69,1,1,1,0,1,1,1,1,1,2,1,2,81.95,5601.4,0,3,6,0,5654.55,11.707142857142856,0,0.02987363351352248,0,Champions
1,0,0,0,35,1,0,1,1,1,1,0,0,0,0,0,0,60.55,1982.6,0,2,4,0,2119.25,12.11,0,0.1990422489048581,0,Champions
0,0,0,0,5,1,0,1,0,1,0,1,0,1,0,1,2,65.6,339.9,0,0,4,1,328.0,13.12,1,0.1629720530308514,1,At Risk
0,0,1,1,58,1,1,2,0,0,0,0,1,0,2,0,2,82.5,4828.05,0,3,2,0,4785.0,27.5,0,0.08551847965932216,0,Champions
0,0,1,0,72,1,1,1,1,1,1,1,0,1,2,1,2,82.3,5980.55,0,3,6,0,5925.599999999999,11.757142857142856,0,0.007655429245707926,0,Champions
0,0,1,0,72,1,1,1,1,1,1,1,0,0,2,0,1,68.15,4808.7,0,3,5,0,4906.8,11.358333333333334,0,0.007336650118985798,0,Champions
1,0,0,0,1,1,0,0,0,0,0,0,0,0,0,0,3,20.3,20.3,0,0,1,1,20.3,10.15,1,0.40898770550859426,2,Fence Sitters
1,0,0,0,39,1,0,2,1,0,1,1,1,0,1,1,0,95.55,3692.85,1,2,5,0,3726.45,15.925,0,0.30397705959606824,0,Champions
0,0,1,1,53,1,0,0,0,0,0,0,0,0,1,0,3,20.2,1068.15,0,3,1,0,1070.6,10.1,0,0.023875017339091368,2,Fence Sitters
1,0,0,0,27,1,0,2,0,0,1,1,0,1,0,1,0,89.2,2383.6,0,2,4,0,2408.4,17.84,0,0.4450605784360622,0,Champions
1,1,0,0,1,1,0,2,0,0,0,0,0,0,0,1,0,69.65,69.65,1,0,1,1,69.65,34.825,1,0.9457013118673095,1,At Risk
1,1,0,0,1,1,0,2,0,0,0,0,1,1,0,1,0,89.3,89.3,1,0,3,1,89.3,22.325,1,0.9267133388055815,1,At Risk
1,0,1,0,18,1,0,2,1,0,0,0,0,0,0,0,0,74.8,1438.05,0,1,2,0,1346.4,24.933333333333334,0,0.4490320172960461,1,At Risk
0,0,1,1,46,1,0,0,0,0,0,0,0,0,2,1,1,20.2,917.45,0,2,1,0,929.2,10.1,0,0.011618950895926138,2,Fence Sitters
1,0,1,0,72,1,1,1,1,0,1,1,1,1,2,1,3,84.4,6096.45,0,3,6,0,6076.8,12.05714285714286,0,0.008948168183787086,0,Champions
1,0,0,0,36,1,0,2,0,0,1,1,0,1,0,1,0,87.55,3078.1,1,2,4,0,3151.8,17.509999999999998,0,0.4528558980608488,0,Champions
1,0,1,0,4,0,0,1,0,0,0,0,0,0,0,1,0,25.15,99.95,0,0,0,1,100.6,25.15,1,0.562684957628374,1,At Risk
1,0,0,0,25,1,0,0,0,0,0,0,0,0,2,0,3,19.8,475.2,0,2,1,0,495.0,9.9,0,0.015666472090515412,2,Fence Sitters
1,0,1,1,40,0,0,1,0,1,0,0,1,1,0,1,0,50.85,2036.55,0,2,3,0,2034.0,12.7125,0,0.21643749694011655,2,Fence Sitters
0,0,1,0,63,1,1,2,0,1,1,0,1,1,0,1,0,102.4,6444.05,0,3,5,0,6451.200000000001,17.066666666666666,0,0.7259469450003544,0,Champions
1,1,0,0,15,1,0,2,1,0,1,1,0,1,0,1,1,96.3,1426.75,1,1,5,0,1444.5,16.05,0,0.5285678590950206,1,At Risk
0,0,0,0,14,1,1,1,0,1,0,0,0,0,0,1,3,55.5,767.55,0,1,2,0,777.0,18.5,0,0.33728699715883137,1,At Risk
0,1,1,0,72,1,1,2,0,1,1,1,1,1,2,1,2,109.75,7932.5,0,3,6,0,7902.0,15.678571428571429,0,0.08972041504844143,0,Champions
0,0,0,0,39,1,1,2,1,1,0,0,1,1,0,1,0,106.4,4040.65,0,2,5,0,4149.6,17.733333333333334,0,0.48716981245787583,0,Champions
1,0,1,1,47,0,0,1,1,1,1,0,1,1,2,1,3,60.0,2768.65,0,2,5,0,2820.0,10.0,0,0.02552707897666407,0,Champions
0,0,1,0,19,1,1,2,1,1,0,1,0,0,0,1,3,88.8,1672.35,0,1,4,0,1687.2,17.759999999999998,0,0.2005072871750674,0,Champions
1,0,0,0,5,1,1,2,0,0,0,0,1,0,0,1,0,85.2,474.8,1,0,2,1,426.0,28.4,1,0.9125616097658501,1,At Risk
1,0,0,0,13,0,0,1,0,0,0,0,0,1,0,1,0,35.1,446.1,1,1,1,0,456.3,17.55,0,0.825188191493783,1,At Risk
1,0,0,0,17,1,1,2,0,0,1,0,0,0,0,0,2,80.05,1345.65,0,1,2,0,1360.85,26.683333333333334,0,0.3953880667888983,1,At Risk
0,1,1,0,34,1,1,2,0,0,0,0,0,0,0,1,0,75.55,2425.4,0,2,1,0,2568.7,37.775,0,0.672298458940119,1,At Risk
1,0,0,0,42,1,0,1,0,1,0,0,0,0,0,1,0,49.55,2077.95,0,2,2,0,2081.1,16.516666666666666,0,0.21253007655509598,2,Fence Sitters
0,0,1,0,5,1,1,2,0,1,0,0,0,0,0,1,0,81.3,416.3,1,0,2,1,406.5,27.1,1,0.8362569340970217,1,At Risk
1,0,1,1,71,1,1,0,0,0,0,0,0,0,2,0,3,23.9,1663.5,0,3,1,0,1696.9,11.95,0,0.004851606057802436,2,Fence Sitters
0,1,1,0,19,1,0,1,1,0,1,0,1,0,0,0,2,66.4,1286.05,0,1,4,0,1261.6,13.28,0,0.1830909006783305,0,Champions
1,0,0,1,2,1,0,0,0,0,0,0,0,0,0,1,0,19.6,35.85,1,0,1,1,39.2,9.8,1,0.2489760945117061,2,Fence Sitters
0,0,0,0,57,1,0,0,0,0,0,0,0,0,2,0,3,18.8,1094.35,0,3,1,0,1071.6,9.4,0,0.010038827054490452,2,Fence Sitters
0,0,1,0,72,1,1,2,0,1,1,1,1,1,2,1,0,108.4,7719.5,0,3,6,0,7804.8,15.485714285714286,0,0.25044432905940456,0,Champions
1,0,0,0,6,1,0,2,0,1,0,0,0,1,0,1,1,85.95,514.6,0,0,3,1,515.7,21.4875,1,0.8492396827681601,1,At Risk
1,0,1,1,17,1,1,2,0,0,0,0,0,1,0,1,0,85.45,1451.6,1,1,2,0,1452.65,28.48333333333333,0,0.6079111625504708,1,At Risk
0,0,1,0,61,1,1,1,0,1,1,0,1,1,2,0,2,80.9,4932.5,0,3,5,0,4934.900000000001,13.483333333333334,0,0.06172366037973556,0,Champions
0,0,1,1,1,1,0,2,0,0,0,0,0,0,0,1,0,71.0,71.0,1,0,1,1,71.0,35.5,1,0.8727072021940319,1,At Risk
0,0,1,1,48,1,1,2,1,1,1,1,1,1,2,0,3,111.8,5443.65,0,2,7,0,5366.4,13.975,0,0.10258649380428213,0,Champions
0,0,0,0,16,1,0,0,0,0,0,0,0,0,0,1,3,20.6,330.25,0,1,1,0,329.6,10.3,0,0.11905832905747413,2,Fence Sitters
0,1,0,0,9,1,1,2,0,0,0,0,0,1,0,1,0,85.05,746.5,1,0,2,1,765.4499999999999,28.35,1,0.8843451836042666,1,At Risk
1,0,0,0,3,1,0,1,0,0,0,0,0,0,0,0,0,44.6,122.7,0,0,1,1,133.8,22.3,1,0.743287431600272,1,At Risk
0,0,0,1,1,1,0,1,0,0,0,0,0,0,0,1,0,44.4,44.4,1,0,1,1,44.4,22.2,1,0.7755490643182836,1,At Risk
0,0,0,0,65,1,1,2,0,1,1,0,1,1,2,0,3,105.1,6631.85,0,3,5,0,6831.5,17.516666666666666,0,0.24555125619377507,0,Champions
1,0,1,1,70,1,1,2,1,1,1,1,1,1,2,1,3,115.15,8250.0,0,3,7,0,8060.5,14.39375,0,0.06912820512940869,0,Champions
0,0,1,0,60,1,0,1,1,0,0,0,1,0,1,1,1,59.8,3561.15,0,3,3,0,3588.0,14.95,0,0.10770790815356396,0,Champions
1,0,1,0,69,1,1,0,0,0,0,0,0,0,1,1,0,26.3,1763.55,0,3,1,0,1814.7,13.15,0,0.04125416979902895,2,Fence Sitters
1,1,0,0,35,1,0,2,0,0,0,0,0,0,0,0,0,70.55,2419.0,0,2,1,0,2469.25,35.275,0,0.5742098333615473,1,At Risk
1,0,0,0,22,1,0,0,0,0,0,0,0,0,0,1,1,20.05,470.2,0,1,1,0,441.1,10.025,0,0.14200324235480363,2,Fence Sitters
0,0,1,1,66,1,1,1,0,1,1,0,1,1,2,0,2,79.85,5234.95,0,3,5,0,5270.099999999999,13.308333333333332,0,0.08477573526117961,0,Champions
0,1,1,0,1,1,0,2,0,0,0,0,0,0,0,1,0,70.3,70.3,1,0,1,1,70.3,35.15,1,0.8540197800039884,1,At Risk
1,0,1,0,1,1,0,2,0,0,0,0,1,0,0,1,2,79.35,79.35,1,0,2,1,79.35,26.45,1,0.9039128986100726,1,At Risk
0,0,1,1,34,1,1,2,0,0,1,0,0,1,0,1,3,90.05,3097.0,0,2,3,0,3061.7,22.5125,0,0.23383657293297286,0,Champions
1,0,1,1,72,1,1,0,0,0,0,0,0,0,2,0,2,24.45,1709.1,0,3,1,0,1760.4,12.225,0,0.005676872370990484,2,Fence Sitters
0,0,1,1,31,0,0,1,1,0,1,1,1,1,1,0,0,59.95,1848.8,0,2,5,0,1858.45,9.991666666666667,0,0.09149907243472608,0,Champions
0,0,0,1,30,1,1,0,0,0,0,0,0,0,1,0,2,25.35,723.3,0,2,1,0,760.5,12.675,0,0.08036102080637442,2,Fence Sitters
1,0,0,0,9,1,0,2,0,0,0,0,1,1,0,1,2,90.8,809.75,1,0,3,1,817.1999999999999,22.7,1,0.8378594489621513,1,At Risk
0,0,1,1,20,1,0,2,0,0,0,0,0,0,0,1,0,70.45,1470.95,1,1,1,0,1409.0,35.225,0,0.4718242444559497,1,At Risk
0,1,1,0,19,0,0,1,0,1,1,0,0,0,0,1,3,34.3,577.15,0,1,2,0,651.6999999999999,11.433333333333332,0,0.18865570687114125,2,Fence Sitters
1,0,1,0,65,1,1,2,1,0,1,0,1,1,0,1,0,105.05,6914.95,0,3,5,0,6828.25,17.508333333333333,0,0.48390685040865444,0,Champions
1,0,1,1,30,1,0,0,0,0,0,0,0,0,2,0,1,19.3,602.9,0,2,1,0,579.0,9.65,0,0.01340980445671979,2,Fence Sitters
0,0,0,0,6,1,0,0,0,0,0,0,0,0,1,0,1,19.15,124.4,0,0,1,1,114.9,9.575,0,0.032507033024948506,2,Fence Sitters
1,0,0,0,2,0,0,1,0,1,0,0,1,1,0,0,0,51.4,96.8,0,0,3,1,102.8,12.85,1,0.7668337563597821,1,At Risk
0,0,1,1,53,1,1,1,1,0,0,1,0,1,0,0,0,71.85,3827.9,0,3,4,0,3808.05,14.37,0,0.07037256038410489,0,Champions
0,1,1,0,7,1,1,2,0,0,0,0,0,0,0,1,0,75.4,533.05,0,0,1,1,527.8000000000001,37.7,1,0.7398970520732914,1,At Risk
1,0,1,1,61,1,0,1,1,0,0,0,0,0,1,1,2,49.7,2961.4,0,3,2,0,3031.7000000000003,16.566666666666666,0,0.029044481532318426,2,Fence Sitters
0,1,0,0,70,0,0,1,0,0,0,0,1,1,1,1,0,45.25,3264.45,1,3,2,0,3167.5,15.083333333333334,0,0.46228578535753606,2,Fence Sitters
1,0,0,0,13,1,1,1,1,0,1,0,1,1,0,1,0,78.75,995.35,0,1,5,0,1023.75,13.125,0,0.26120510630940097,0,Champions
0,1,1,0,35,1,1,2,0,0,1,0,0,0,1,1,2,81.6,2815.25,0,2,2,0,2856.0,27.2,0,0.12125239829065255,2,Fence Sitters
1,0,1,0,2,1,0,2,0,0,0,0,0,0,0,1,3,70.4,154.8,0,0,1,1,140.8,35.2,1,0.4948600890906682,1,At Risk
1,0,0,0,3,1,1,2,0,0,0,0,0,0,0,1,0,75.8,246.3,1,0,1,1,227.4,37.9,1,0.8899346414615313,1,At Risk
1,0,0,0,3,1,1,2,0,0,0,0,0,0,0,0,0,76.1,257.6,0,0,1,1,228.3,38.05,1,0.8919922100546661,1,At Risk
1,0,0,0,62,1,1,2,0,0,0,0,1,1,1,1,2,94.0,5757.2,0,3,3,0,5828.0,23.5,0,0.45968638041618887,0,Champions
0,0,1,1,72,1,1,2,1,1,1,1,0,1,2,0,3,103.95,7517.7,0,3,6,0,7484.400000000001,14.85,0,0.02915331496408991,0,Champions
0,0,1,0,63,1,0,0,0,0,0,0,0,0,2,1,2,19.95,1234.8,0,3,1,0,1256.85,9.975,0,0.009232249130557153,2,Fence Sitters
0,1,0,0,20,1,0,2,0,0,0,0,0,0,0,0,3,71.3,1389.2,1,1,1,0,1426.0,35.65,0,0.42202413149111623,1,At Risk
1,1,0,0,35,1,1,2,1,1,1,1,1,1,1,1,2,110.8,3836.3,0,2,7,0,3878.0,13.85,0,0.16849482664976076,0,Champions
0,1,1,0,21,1,0,2,0,0,0,0,0,0,0,1,0,69.1,1474.75,1,1,1,0,1451.1,34.55,0,0.6767844032550351,1,At Risk
0,0,1,0,62,1,1,2,1,1,0,0,0,1,1,0,0,96.1,6001.45,0,3,4,0,5958.2,19.22,0,0.19530692498648727,0,Champions
1,0,0,0,15,1,1,1,0,0,0,0,0,0,0,1,1,48.8,720.1,0,1,1,0,732.0,24.4,0,0.45710604969078383,1,At Risk
1,0,0,0,55,1,0,1,1,0,0,0,0,0,0,1,3,50.55,2832.75,0,3,2,0,2780.25,16.849999999999998,0,0.12417463470414002,2,Fence Sitters
1,0,0,0,11,1,0,1,0,0,0,0,0,0,0,1,1,44.65,472.25,0,0,1,1,491.15,22.325,1,0.5401871175042359,1,At Risk
1,0,1,1,17,1,1,2,0,0,1,0,1,0,0,0,0,88.25,1460.65,1,1,3,0,1500.25,22.0625,0,0.534965160177399,1,At Risk
1,0,0,0,61,1,0,0,0,0,0,0,0,0,1,0,2,19.45,1336.35,0,3,1,0,1186.45,9.725,0,0.027982501319397963,2,Fence Sitters
1,0,1,0,71,1,1,1,1,1,1,1,1,1,2,0,3,89.3,6388.65,0,3,7,0,6340.3,11.1625,0,0.010041068704023449,0,Champions
1,0,0,0,2,1,0,2,0,0,0,0,0,0,0,0,2,70.0,153.05,1,0,1,1,140.0,35.0,1,0.736942380756148,1,At Risk
0,0,0,0,35,1,0,0,0,0,0,0,0,0,2,0,1,19.25,677.9,0,2,1,0,673.75,9.625,0,0.01833230985034285,2,Fence Sitters
1,0,0,0,17,1,0,2,0,0,0,0,0,0,0,0,2,70.5,1165.6,0,1,1,0,1198.5,35.25,0,0.4942079400462605,1,At Risk
1,0,0,0,21,1,1,2,0,0,0,0,1,1,0,1,0,97.35,2119.5,1,1,3,0,2044.35,24.3375,0,0.895063510190325,1,At Risk
1,0,1,0,47,1,0,0,0,0,0,0,0,0,2,0,2,19.65,921.55,0,2,1,0,923.55,9.825,0,0.015775992832006334,2,Fence Sitters
1,0,1,0,3,1,0,0,0,0,0,0,0,0,0,0,1,20.85,72.0,0,0,1,1,62.55,10.425,1,0.3335248684342361,2,Fence Sitters
0,0,0,0,3,1,0,0,0,0,0,0,0,0,0,1,1,19.65,68.35,0,0,1,1,58.95,9.825,1,0.3221499806096353,2,Fence Sitters
0,1,1,0,44,1,0,0,0,0,0,0,0,0,2,1,3,19.35,847.25,0,2,1,0,851.4000000000001,9.675,0,0.009209606214229693,2,Fence Sitters
1,0,0,0,1,1,0,1,0,0,0,0,0,0,0,1,1,44.0,44.0,0,0,1,1,44.0,22.0,1,0.6745776031921923,1,At Risk
1,0,1,1,44,1,1,2,0,1,1,0,0,1,1,0,0,94.4,4295.35,0,2,4,0,4153.6,18.880000000000003,0,0.11966366317883455,0,Champions
0,0,1,1,5,1,1,0,0,0,0,0,0,0,0,1,2,25.9,135.0,1,0,1,1,129.5,12.95,1,0.2690639897498244,2,Fence Sitters
0,0,0,0,24,1,1,1,1,0,0,0,0,0,0,1,2,55.65,1400.55,1,1,2,0,1335.6,18.55,0,0.2902348257671066,2,Fence Sitters
1,0,0,1,1,1,0,2,0,0,0,0,0,0,0,1,0,69.65,69.65,1,0,1,1,69.65,34.825,1,0.9314824879012842,1,At Risk
1,0,0,0,18,1,0,2,1,0,0,0,0,0,0,1,0,75.4,1380.4,0,1,2,0,1357.2,25.133333333333336,0,0.3498913686628615,1,At Risk
1,0,0,0,10,1,1,2,0,0,1,0,1,1,0,1,0,100.6,1060.2,1,0,4,1,1006.0,20.12,1,0.8694201338068643,1,At Risk
1,0,1,0,65,1,0,1,1,1,1,0,0,1,2,0,2,71.0,4386.2,0,3,5,0,4615.0,11.833333333333334,0,0.028030070856402117,0,Champions
1,1,0,0,1,1,0,2,0,1,0,0,0,1,0,1,0,86.0,86.0,1,0,3,1,86.0,21.5,1,0.903155027956367,1,At Risk
1,0,0,0,53,1,1,2,1,0,1,0,1,1,1,1,3,106.95,5785.5,1,3,5,0,5668.35,17.825,0,0.40758310705516054,0,Champions
0,0,0,0,3,1,0,0,0,0,0,0,0,0,1,0,1,21.2,52.05,0,0,1,1,63.6,10.6,0,0.07835399543303549,2,Fence Sitters
0,0,1,0,33,1,0,1,1,1,0,1,0,0,2,1,1,61.05,2018.4,0,2,4,0,2014.65,12.21,0,0.019677143641210506,0,Champions
0,0,0,0,3,0,0,1,0,1,0,0,0,0,0,1,0,29.6,79.45,1,0,1,1,88.80000000000001,14.8,1,0.7546864076791894,1,At Risk
1,0,0,0,34,1,0,1,1,0,1,1,1,1,1,1,2,79.95,2727.3,0,2,6,0,2718.3,11.421428571428573,0,0.06639837356023784,0,Champions
1,0,1,1,14,1,0,0,0,0,0,0,0,0,2,1,1,19.7,263.65,0,1,1,0,275.8,9.85,0,0.017264750069461505,2,Fence Sitters
1,0,0,0,13,1,0,0,0,0,0,0,0,0,0,1,1,20.3,275.4,0,1,1,0,263.90000000000003,10.15,0,0.22040787439749626,2,Fence Sitters
0,1,1,0,46,0,0,1,0,1,1,1,1,1,1,1,2,59.9,2816.65,1,2,5,0,2755.4,9.983333333333333,0,0.08163428091905546,0,Champions
0,0,1,1,23,1,1,0,0,0,0,0,0,0,1,0,1,24.35,538.5,0,1,1,0,560.0500000000001,12.175,0,0.05565162577962349,2,Fence Sitters
1,0,1,1,47,1,0,0,0,0,0,0,0,0,2,0,1,19.75,948.9,0,2,1,0,928.25,9.875,0,0.01587206995188774,2,Fence Sitters
0,0,0,1,17,1,0,1,1,0,0,0,0,0,0,1,1,50.3,846.8,0,1,2,0,855.0999999999999,16.766666666666666,0,0.1623495104561228,2,Fence Sitters
1,0,1,1,49,1,1,2,0,0,0,0,1,1,0,1,0,95.6,4783.5,1,3,3,0,4684.4,23.9,0,0.6069158001263013,0,Champions
0,1,1,0,59,0,0,1,0,1,0,0,1,1,0,1,0,50.25,2997.45,0,3,3,0,2964.75,12.5625,0,0.5585099428731916,0,Champions
1,0,0,0,69,1,1,1,1,0,1,1,1,1,2,1,3,85.35,5897.4,0,3,6,0,5889.15,12.19285714285714,0,0.02562065397908723,0,Champions
0,0,0,0,11,0,0,1,0,0,1,0,1,0,1,1,0,41.6,470.6,1,0,2,1,457.6,13.866666666666667,0,0.4968196040991586,1,At Risk
0,0,0,0,10,1,0,1,1,0,0,0,0,0,0,1,1,51.65,524.5,0,0,2,1,516.5,17.216666666666665,1,0.4025115718125911,1,At Risk
0,0,1,1,12,1,1,0,0,0,0,0,0,0,2,1,2,24.0,269.65,0,0,1,1,288.0,12.0,0,0.0288247904350759,2,Fence Sitters
0,0,0,0,45,1,1,2,0,1,0,0,1,1,0,1,3,100.85,4740.0,1,2,4,0,4538.25,20.17,0,0.6363684638784459,0,Champions
1,0,1,1,39,1,0,1,0,0,1,0,1,0,0,1,1,59.85,2341.5,0,2,3,0,2334.15,14.9625,0,0.09555308458623966,2,Fence Sitters
0,1,1,0,71,1,1,0,0,0,0,0,0,0,2,0,3,25.45,1789.65,0,3,1,0,1806.95,12.725,0,0.008008962711454985,2,Fence Sitters
0,0,1,1,71,1,1,0,0,0,0,0,0,0,2,0,3,23.9,1626.4,0,3,1,0,1696.9,11.95,0,0.005835962956602071,2,Fence Sitters
1,0,1,1,33,1,1,0,0,0,0,0,0,0,1,0,3,24.15,800.3,0,2,1,0,796.9499999999999,12.075,0,0.03715027117766258,2,Fence Sitters
0,1,0,0,67,1,1,2,0,0,0,0,0,0,0,1,1,75.7,5060.85,0,3,1,0,5071.900000000001,37.85,0,0.5441631233613515,1,At Risk
0,0,1,1,37,0,0,1,1,1,1,0,0,0,0,0,2,40.2,1448.8,1,2,3,0,1487.4,10.05,0,0.23979810762474826,2,Fence Sitters
0,0,1,1,49,1,1,2,0,0,0,0,1,0,0,0,0,84.5,4254.85,1,3,2,0,4140.5,28.166666666666668,0,0.6601050660951749,1,At Risk
1,0,1,0,9,1,0,1,0,1,0,0,0,0,0,0,1,50.85,466.6,0,0,2,1,457.65,16.95,1,0.2076789408253136,2,Fence Sitters
0,0,1,0,52,1,1,2,1,0,1,1,0,0,2,1,3,91.6,4627.8,0,3,4,0,4763.2,18.32,0,0.05872788429660505,0,Champions
1,0,0,0,70,1,1,2,0,1,0,0,1,1,1,0,0,98.9,6838.6,0,3,4,0,6923.0,19.78,0,0.2996422830421441,0,Champions
0,0,0,0,1,1,0,2,0,1,0,0,0,1,0,1,0,85.0,85.0,0,0,3,1,85.0,21.25,1,0.8989673611386769,1,At Risk
1,1,0,0,14,1,1,2,0,1,0,0,0,0,0,1,0,78.95,1101.85,1,1,2,0,1105.3,26.316666666666663,0,0.6566683303347873,1,At Risk
0,0,0,0,1,1,0,1,0,0,0,0,0,0,0,1,1,44.3,44.3,0,0,1,1,44.3,22.15,1,0.8061701370436961,1,At Risk
0,0,0,0,1,1,0,0,0,0,0,0,0,0,0,0,1,20.2,20.2,1,0,1,1,20.2,10.1,1,0.6370578049385306,1,At Risk
1,0,0,0,52,1,1,2,0,1,0,0,0,0,1,1,1,80.2,4297.6,0,3,2,0,4170.400000000001,26.73333333333333,0,0.11178725972961008,0,Champions
0,0,0,0,6,1,0,1,0,0,1,0,1,0,0,0,1,60.9,414.1,0,0,3,1,365.4,15.225,1,0.5533688435961941,1,At Risk
0,0,1,0,7,0,0,1,1,1,0,0,0,0,0,0,1,34.2,256.6,0,0,2,1,239.40000000000003,11.4,1,0.39500963124102517,2,Fence Sitters
1,1,0,0,47,1,1,2,0,1,1,0,0,0,0,1,2,85.2,3969.35,1,2,3,0,4004.4,21.3,0,0.5082637490532563,0,Champions
1,0,0,0,26,1,0,2,1,0,1,1,0,0,1,1,3,87.15,2274.1,0,2,4,0,2265.9,17.43,0,0.08735952071901458,0,Champions
0,0,1,1,25,1,0,1,1,0,0,1,0,0,0,0,0,54.3,1296.8,0,2,3,0,1357.5,13.575,0,0.09604223212825401,2,Fence Sitters
0,0,0,0,69,1,0,0,0,0,0,0,0,0,2,1,1,19.1,1268.85,0,3,1,0,1317.9,9.55,0,0.008004463980926205,2,Fence Sitters
1,0,0,0,72,1,1,2,1,1,1,1,1,1,2,1,3,112.75,8192.6,0,3,7,0,8118.0,14.09375,0,0.02154668880781099,0,Champions
0,0,0,0,4,1,0,0,0,0,0,0,0,0,0,1,1,19.95,59.25,0,0,1,1,79.8,9.975,1,0.2828726390773546,2,Fence Sitters
0,0,1,1,59,1,0,0,0,0,0,0,0,0,2,0,1,19.5,1147.85,0,3,1,0,1150.5,9.75,0,0.015971818334981274,2,Fence Sitters
0,0,0,0,67,1,0,1,1,0,1,0,0,1,2,0,2,65.55,4361.55,0,3,4,0,4391.849999999999,13.11,0,0.019682797603606056,0,Champions
1,1,0,0,26,1,0,2,0,0,0,0,0,1,0,1,0,78.8,2006.1,0,2,2,0,2048.8,26.266666666666666,0,0.6697956643345103,1,At Risk
1,0,0,0,27,1,0,1,0,1,1,1,1,1,1,0,1,78.2,2078.95,0,2,6,0,2111.4,11.171428571428573,0,0.10300756735706677,0,Champions
0,0,1,1,72,1,1,2,1,0,1,0,1,1,2,0,2,105.25,7609.75,0,3,5,0,7578.0,17.541666666666668,0,0.0627982769748478,0,Champions
1,0,0,0,6,1,0,2,0,0,1,1,0,1,0,1,0,89.25,487.05,0,0,4,1,535.5,17.85,1,0.7207222845700983,1,At Risk
0,0,1,1,62,1,0,0,0,0,0,0,0,0,2,0,3,20.65,1218.45,0,3,1,0,1280.3,10.325,0,0.006619924061353756,2,Fence Sitters
0,0,0,0,20,1,1,1,0,1,0,1,1,0,1,1,0,68.7,1416.2,0,1,4,0,1374.0,13.74,0,0.15238201847675764,0,Champions
0,0,0,0,6,1,0,1,1,0,1,1,1,1,0,0,3,78.65,483.3,0,0,6,1,471.9,11.235714285714286,1,0.1645695848078227,0,Champions
0,0,0,0,51,1,1,0,0,0,0,0,0,0,2,0,1,24.75,1234.6,0,3,1,0,1262.25,12.375,0,0.026783976801063432,2,Fence Sitters
1,0,1,1,61,1,0,0,0,0,0,0,0,0,2,0,3,19.75,1311.6,0,3,1,0,1204.75,9.875,0,0.0099272409403538,2,Fence Sitters
0,1,1,0,62,1,1,2,1,1,1,0,0,0,0,1,0,89.1,5618.3,0,3,4,0,5524.2,17.82,0,0.3449139029082543,0,Champions
1,0,0,0,72,1,1,2,1,0,0,1,0,0,2,1,2,84.7,6185.15,0,3,3,0,6098.400000000001,21.175,0,0.016173938815259567,0,Champions
0,1,1,0,13,1,0,2,0,1,1,0,1,1,0,1,0,98.0,1237.85,1,1,5,0,1274.0,16.333333333333332,0,0.8017170346722978,1,At Risk
0,0,1,0,5,1,0,2,0,0,1,0,1,1,0,1,0,94.45,498.1,1,0,4,1,472.25,18.89,1,0.8708209138995371,1,At Risk
0,1,0,0,3,1,1,2,0,1,1,0,1,1,0,1,0,105.0,294.45,1,0,5,1,315.0,17.5,1,0.8617917503306775,1,At Risk
1,1,1,0,26,1,1,2,0,1,1,0,0,1,0,1,0,93.85,2381.55,1,2,4,0,2440.1,18.77,0,0.5337055350944425,1,At Risk
0,1,0,0,13,1,0,1,0,1,0,0,1,0,0,1,0,59.9,788.35,0,1,3,0,778.6999999999999,14.975,0,0.3675045010808339,1,At Risk
1,0,1,1,38,1,0,0,0,0,0,0,0,0,2,1,1,19.95,756.4,0,2,1,0,758.1,9.975,0,0.013382308920290673,2,Fence Sitters
1,1,1,0,8,1,1,2,0,0,0,0,0,1,0,1,0,84.0,613.4,1,0,2,1,672.0,28.0,1,0.7979794794254886,1,At Risk
0,1,1,1,34,1,1,2,0,1,1,1,1,1,0,1,0,108.9,3625.2,0,2,6,0,3702.6,15.55714285714286,0,0.3746079609518396,0,Champions
0,0,0,0,18,0,0,1,1,0,1,0,0,0,0,0,1,33.6,550.35,0,1,2,0,604.8000000000001,11.2,0,0.34125511474406023,2,Fence Sitters
0,0,1,1,56,1,0,2,0,1,1,1,0,0,1,1,1,85.85,4793.8,0,3,4,0,4807.599999999999,17.169999999999998,0,0.11992553633092566,0,Champions
1,0,0,0,36,0,0,1,0,1,0,1,0,0,0,1,2,34.85,1267.2,0,2,2,0,1254.6,11.616666666666667,0,0.24177457038799835,2,Fence Sitters
1,0,1,0,9,0,0,1,0,0,1,0,1,1,0,1,0,48.75,442.2,1,0,3,1,438.75,12.1875,1,0.6506139198769995,1,At Risk
0,0,0,0,1,1,0,2,0,0,1,0,1,0,0,1,0,84.85,84.85,1,0,3,1,84.85,21.2125,1,0.928673337952673,1,At Risk
0,0,0,0,12,1,0,1,1,0,0,1,0,0,0,0,1,56.65,654.85,1,0,3,1,679.8,14.1625,1,0.2623846924655103,1,At Risk
1,1,1,1,57,1,0,2,0,1,1,1,1,0,0,1,3,95.3,5567.45,0,3,5,0,5432.099999999999,15.883333333333333,0,0.12297952541713056,0,Champions
1,0,0,0,42,1,0,1,1,1,1,1,0,1,1,0,3,73.9,3160.55,1,2,6,0,3103.8,10.55714285714286,0,0.14370344659678913,0,Champions
1,0,1,1,33,1,1,0,0,0,0,0,0,0,2,1,1,24.5,740.3,1,2,1,0,808.5,12.25,0,0.01841458397501251,2,Fence Sitters
0,0,1,0,70,1,0,2,1,1,0,1,0,0,2,0,2,84.6,5706.2,0,3,4,0,5922.0,16.919999999999998,0,0.03352034564778879,0,Champions
1,0,0,0,68,0,0,1,0,1,0,1,0,1,0,0,0,44.95,3085.35,0,3,3,0,3056.6000000000004,11.2375,0,0.21636387598873574,2,Fence Sitters
0,0,0,1,1,0,0,1,0,0,0,0,0,0,0,1,0,24.7,24.7,0,0,0,1,24.7,24.7,1,0.780041522497837,1,At Risk
1,0,0,0,37,1,1,2,0,0,0,1,1,1,0,0,3,100.3,3541.4,0,2,4,0,3711.1,20.06,0,0.432464894779559,0,Champions
1,0,0,1,4,1,1,0,0,0,0,0,0,0,0,1,1,25.45,84.2,0,0,1,1,101.8,12.725,1,0.17728731987692914,2,Fence Sitters
0,0,0,0,1,1,0,1,1,0,0,0,0,0,0,1,1,50.7,50.7,0,0,2,1,50.7,16.900000000000002,1,0.5462387495374339,1,At Risk
0,0,0,0,20,0,0,1,1,1,1,1,1,0,0,1,3,55.0,1165.55,0,1,5,0,1100.0,9.166666666666666,0,0.15479288212935852,0,Champions
0,0,1,1,72,1,0,1,1,1,0,1,1,0,2,0,2,68.4,4855.35,0,3,5,0,4924.8,11.4,0,0.008294529857709334,0,Champions
1,0,0,0,31,1,1,2,0,0,1,0,0,1,0,1,0,89.9,2806.9,1,2,3,0,2786.9,22.475,0,0.6853435755185425,1,At Risk
0,1,1,0,18,1,0,2,0,0,0,0,0,1,0,0,0,78.55,1422.65,1,1,2,0,1413.9,26.183333333333334,0,0.7394699468218918,1,At Risk
0,0,1,0,11,1,0,1,0,0,0,0,1,0,0,1,2,55.05,608.15,0,0,2,1,605.55,18.35,1,0.5086735544020711,1,At Risk
1,0,1,1,33,1,0,0,0,0,0,0,0,0,2,0,3,19.8,641.35,0,2,1,0,653.4,9.9,0,0.012682692141436627,2,Fence Sitters
1,1,0,0,62,1,1,2,0,0,0,0,1,0,1,0,0,84.45,4959.15,0,3,2,0,5235.900000000001,28.15,0,0.20652315584932454,0,Champions
1,0,0,0,1,0,0,1,0,0,1,1,0,0,0,0,1,35.9,35.9,0,0,2,1,35.9,11.966666666666669,1,0.39434274328416924,1,At Risk
0,0,1,0,16,1,0,2,1,1,0,0,0,0,0,0,2,80.75,1321.3,0,1,3,0,1292.0,20.1875,0,0.3886145599670839,1,At Risk
0,0,1,1,22,1,1,1,0,0,1,1,1,1,1,1,1,78.65,1663.75,0,1,5,0,1730.3000000000002,13.108333333333334,0,0.10447476083330602,0,Champions
1,0,1,1,49,1,0,1,1,0,1,1,0,0,0,0,2,61.75,3024.15,0,3,4,0,3025.75,12.35,0,0.04595441917147925,0,Champions
0,0,1,1,36,1,0,1,1,0,1,0,0,1,1,1,3,63.7,2188.5,0,2,4,0,2293.2000000000003,12.74,0,0.04493715599271116,0,Champions
0,0,1,0,42,1,1,2,0,1,1,1,0,1,0,1,0,99.45,4138.05,1,2,5,0,4176.900000000001,16.575,0,0.4022867080345683,0,Champions
0,1,0,0,4,0,0,1,0,0,0,0,0,0,0,1,2,25.2,102.5,1,0,0,1,100.8,25.2,1,0.6739371480079452,1,At Risk
1,0,0,0,12,1,1,1,0,0,0,1,1,1,1,0,1,74.05,872.65,1,0,4,1,888.5999999999999,14.81,0,0.24867733892832855,1,At Risk
1,0,0,0,31,1,0,2,1,0,1,1,0,0,0,0,0,87.6,2724.25,0,2,4,0,2715.6,17.52,0,0.2727460795672806,0,Champions
0,0,1,0,5,1,1,2,1,0,0,0,0,1,0,1,0,89.15,413.25,0,0,3,1,445.75,22.2875,1,0.44477650522574474,1,At Risk
0,0,1,1,66,1,0,0,0,0,0,0,0,0,2,0,3,20.0,1374.2,0,3,1,0,1320.0,10.0,0,0.005589072795216586,2,Fence Sitters
1,1,0,0,15,1,1,1,0,0,0,1,0,0,0,0,3,55.0,757.1,1,1,2,0,825.0,18.33333333333333,0,0.2873071548288636,2,Fence Sitters
0,0,0,0,64,1,1,2,0,1,1,0,1,1,2,1,2,104.4,6692.65,0,3,5,0,6681.6,17.400000000000002,0,0.2174089679592466,0,Champions
0,0,1,1,10,1,0,0,0,0,0,0,0,0,0,1,3,20.05,218.5,0,0,1,1,200.5,10.025,1,0.07920348078303448,2,Fence Sitters
0,0,1,1,7,1,0,2,0,1,0,1,1,0,0,1,0,89.75,608.8,1,0,4,1,628.25,17.95,1,0.3536884354282608,1,At Risk
0,0,0,0,29,0,0,1,0,1,0,1,0,0,0,0,0,34.3,1004.75,0,2,2,0,994.7,11.433333333333332,0,0.22031890822476516,2,Fence Sitters
0,0,0,0,57,1,0,0,0,0,0,0,0,0,2,0,2,20.65,1125.6,0,3,1,0,1177.05,10.325,0,0.018434251909931268,2,Fence Sitters
1,0,0,0,46,1,1,2,1,1,0,0,0,0,0,0,1,84.25,3847.6,0,2,3,0,3875.5,21.0625,0,0.29239722521347977,0,Champions
0,0,0,0,53,1,0,0,0,0,0,0,0,0,2,0,2,19.65,978.0,0,3,1,0,1041.4499999999998,9.825,0,0.019034007258826743,2,Fence Sitters
1,0,0,0,17,1,0,1,1,1,0,1,1,1,1,0,3,79.85,1387.35,0,1,6,0,1357.4499999999998,11.407142857142857,0,0.14610366407843464,0,Champions
1,0,1,1,38,1,0,0,0,0,0,0,0,0,2,1,1,20.2,746.05,0,2,1,0,767.6,10.1,0,0.01195195000088945,2,Fence Sitters
0,0,0,0,15,1,0,0,0,0,0,0,0,0,1,0,1,19.8,304.6,0,1,1,0,297.0,9.9,0,0.06335472887143555,2,Fence Sitters
1,0,0,0,22,0,0,1,0,1,0,0,1,1,0,1,0,50.35,1098.85,0,1,3,0,1107.7,12.5875,0,0.48550300532220675,1,At Risk
0,0,1,0,14,1,1,2,0,0,0,0,0,1,0,1,0,85.15,1139.2,1,1,2,0,1192.1,28.383333333333336,0,0.8513273856136958,1,At Risk
1,0,1,0,57,1,1,1,0,1,1,1,1,0,1,0,2,74.6,4368.95,0,3,5,0,4252.2,12.433333333333332,0,0.08661769312247951,0,Champions
0,1,0,0,11,1,0,2,0,0,0,0,0,1,0,1,3,79.15,827.7,0,0,2,1,870.6500000000001,26.383333333333336,1,0.6590659447789554,1,At Risk
1,0,1,1,1,1,0,0,0,0,0,0,0,0,2,0,1,20.35,20.35,0,0,1,1,20.35,10.175,0,0.04081434125245106,2,Fence Sitters
0,0,1,1,12,1,0,0,0,0,0,0,0,0,2,0,2,21.05,262.05,0,0,1,1,252.6,10.525,0,0.01810457663660265,2,Fence Sitters
0,1,1,0,3,1,1,2,0,0,0,0,1,1,0,1,0,94.6,279.55,1,0,3,1,283.79999999999995,23.65,1,0.8644616177655386,1,At Risk
0,0,0,1,36,1,0,2,0,1,0,0,1,1,0,1,0,94.7,3512.5,0,2,4,0,3409.2000000000003,18.94,0,0.4426830285111653,0,Champions
0,0,0,0,16,1,0,2,1,0,0,0,1,1,0,1,0,94.25,1483.25,1,1,4,0,1508.0,18.85,0,0.8081193132252913,1,At Risk
0,0,1,1,65,1,1,1,1,1,1,0,0,1,1,0,3,72.45,4653.85,1,3,5,0,4709.25,12.075,0,0.1634262016906335,0,Champions
0,0,0,0,2,1,0,2,0,1,0,0,0,0,0,0,0,74.95,151.75,0,0,2,1,149.9,24.98333333333333,1,0.7336818675064178,1,At Risk
1,0,0,0,42,1,1,2,1,0,1,0,1,1,0,1,0,105.2,4400.75,1,2,5,0,4418.400000000001,17.533333333333335,0,0.5721389139359104,0,Champions
0,0,1,1,72,1,0,2,1,1,1,1,1,1,2,0,2,111.95,8033.1,0,3,7,0,8060.400000000001,13.99375,0,0.012601275321491995,0,Champions
0,0,0,0,62,1,0,0,0,0,0,0,0,0,2,0,2,19.85,1253.65,0,3,1,0,1230.7,9.925,0,0.013164636807948639,2,Fence Sitters
1,0,0,0,6,1,1,2,0,1,0,0,1,0,0,1,0,89.75,552.65,0,0,3,1,538.5,22.4375,1,0.7882861403711091,1,At Risk
0,0,1,0,48,1,0,0,0,0,0,0,0,0,2,1,1,20.05,1036.0,0,2,1,0,962.4,10.025,0,0.013863749555373249,2,Fence Sitters
0,0,0,0,35,1,1,2,1,0,1,1,1,1,2,1,0,108.95,4025.5,0,2,6,0,3813.25,15.564285714285717,0,0.20336108862028568,0,Champions
0,0,0,1,52,1,0,0,0,0,0,0,0,0,1,0,3,19.65,928.4,0,3,1,0,1021.8,9.825,0,0.024041029330786123,2,Fence Sitters
1,0,0,0,1,0,0,1,0,0,0,0,0,0,0,1,1,24.9,24.9,0,0,0,1,24.9,24.9,1,0.8098388439516632,1,At Risk
0,0,1,0,6,1,1,2,0,0,0,0,1,0,0,1,0,82.85,460.25,1,0,2,1,497.1,27.616666666666664,1,0.8711418221976703,1,At Risk
1,0,1,0,71,1,1,1,1,1,1,1,1,1,2,0,3,93.2,6506.15,0,3,7,0,6617.2,11.65,0,0.03693486638308662,0,Champions
1,0,1,1,67,1,0,2,1,1,1,0,0,0,1,0,2,84.8,5598.3,0,3,4,0,5681.599999999999,16.96,0,0.10413396615282075,0,Champions
0,1,0,0,60,1,1,1,1,1,0,0,0,1,1,1,0,71.75,4374.55,0,3,4,0,4305.0,14.35,0,0.09308826874271699,0,Champions
0,0,1,1,23,0,0,1,0,0,0,1,0,0,0,1,2,30.35,678.75,0,1,1,0,698.0500000000001,15.175,0,0.15315076173863287,2,Fence Sitters
0,0,0,1,39,0,0,1,0,0,1,1,1,1,1,0,2,54.85,2191.7,0,2,4,0,2139.15,10.97,0,0.05908753588344866,0,Champions
0,0,1,1,15,1,0,0,0,0,0,0,0,0,1,1,1,19.5,239.75,0,1,1,0,292.5,9.75,0,0.039448832439932205,2,Fence Sitters
0,1,1,0,53,1,1,2,0,1,1,0,1,1,0,1,0,103.85,5485.5,1,3,5,0,5504.049999999999,17.308333333333334,0,0.7279990146843838,0,Champions
0,0,1,1,24,1,1,0,0,0,0,0,0,0,2,0,1,24.2,609.05,0,1,1,0,580.8,12.1,0,0.023140800815450766,2,Fence Sitters
1,0,1,1,37,1,0,0,0,0,0,0,0,0,0,0,0,19.35,683.75,0,2,1,0,715.95,9.675,0,0.08995639568928018,2,Fence Sitters
1,0,1,1,5,1,0,2,0,1,0,0,0,1,0,1,0,83.6,404.2,1,0,3,1,418.0,20.9,1,0.5987632112475447,1,At Risk
1,1,1,0,50,1,1,2,0,0,0,1,1,1,1,1,0,100.65,5189.75,0,3,4,0,5032.5,20.130000000000003,0,0.19629175034502064,0,Champions
1,0,0,0,54,1,0,2,0,0,1,0,1,1,1,1,3,94.1,5060.9,0,3,4,0,5081.4,18.82,0,0.3139009574960636,0,Champions
1,0,0,0,3,1,0,2,1,0,0,0,0,0,0,1,0,74.55,233.65,0,0,2,1,223.65,24.85,1,0.591001666548241,1,At Risk
0,0,0,0,68,1,1,2,0,1,1,1,1,1,1,0,0,108.45,7176.55,1,3,6,0,7374.6,15.492857142857144,0,0.5859994390922424,0,Champions
0,0,0,0,5,1,0,1,0,0,1,1,0,0,0,0,0,56.15,291.45,0,0,3,1,280.75,14.0375,1,0.5117848662656524,1,At Risk
0,0,0,0,33,1,0,0,0,0,0,0,0,0,2,0,1,20.35,689.75,0,2,1,0,671.5500000000001,10.175,0,0.019572141750416834,2,Fence Sitters
1,0,0,0,41,1,1,1,0,1,1,0,1,1,1,1,0,80.55,3263.9,0,2,5,0,3302.55,13.425,0,0.13748416018527418,0,Champions
1,0,1,1,34,0,0,1,1,0,1,1,1,1,1,0,1,61.25,1993.2,0,2,5,0,2082.5,10.208333333333334,0,0.07237732145770874,0,Champions
1,0,1,1,13,1,0,0,0,0,0,0,0,0,0,1,1,20.45,254.5,0,1,1,0,265.85,10.225,0,0.09559638415619193,2,Fence Sitters
1,0,0,0,20,1,0,0,0,0,0,0,0,0,0,1,3,18.9,347.65,0,1,1,0,378.0,9.45,0,0.07840592605256466,2,Fence Sitters
1,1,0,0,51,1,0,0,0,0,0,0,0,0,2,0,3,19.6,967.9,0,3,1,0,999.6,9.8,0,0.014072620284920834,2,Fence Sitters
1,0,1,0,3,1,1,2,0,1,0,0,0,1,0,1,3,91.5,242.95,1,0,3,1,274.5,22.875,1,0.8165432412045491,1,At Risk
1,0,0,1,41,1,0,1,0,0,0,0,0,0,0,0,2,45.2,1841.9,0,2,1,0,1853.2,22.6,0,0.1583210149396041,2,Fence Sitters
1,0,0,0,13,1,0,0,0,0,0,0,0,0,0,0,3,19.45,232.1,0,1,1,0,252.85,9.725,0,0.1410333159436978,2,Fence Sitters
0,0,1,1,35,1,1,0,0,0,0,0,0,0,2,0,2,25.45,809.25,0,2,1,0,890.75,12.725,0,0.024926615273844804,2,Fence Sitters
0,0,1,0,12,1,0,2,1,0,0,1,0,0,0,0,2,80.85,866.45,1,0,3,1,970.2,20.2125,1,0.3997108925349095,1,At Risk
0,0,0,0,4,1,0,2,1,1,0,1,0,1,0,1,1,94.9,360.55,0,0,5,1,379.6,15.816666666666668,1,0.44277173965856176,1,At Risk
1,0,0,0,43,0,0,1,0,0,1,0,1,1,0,1,2,49.05,2076.2,1,2,3,0,2109.15,12.2625,0,0.41681007242883017,2,Fence Sitters
1,1,1,1,12,0,0,1,0,0,0,1,0,0,0,1,1,29.3,355.9,0,0,1,1,351.6,14.65,1,0.20596385493995165,2,Fence Sitters
0,1,1,0,68,1,1,2,0,1,1,0,1,1,0,1,0,105.3,7299.65,1,3,5,0,7160.4,17.55,0,0.8134027503312498,0,Champions
0,1,0,0,25,1,1,2,0,1,0,0,1,0,0,1,0,88.95,2291.2,1,2,3,0,2223.75,22.2375,0,0.6890882303104192,1,At Risk
1,0,0,0,7,1,0,0,0,0,0,0,0,0,1,0,1,20.25,129.15,0,0,1,1,141.75,10.125,0,0.06372303813098866,2,Fence Sitters
0,1,1,0,66,1,1,2,0,1,1,1,1,1,1,1,0,110.85,7491.75,1,3,6,0,7316.099999999999,15.835714285714284,0,0.5080350526565137,0,Champions
1,0,1,0,53,1,0,2,1,1,1,1,1,1,1,0,0,110.5,5835.5,0,3,7,0,5856.5,13.8125,0,0.24664652954525398,0,Champions
0,1,0,0,63,1,1,2,1,1,1,0,1,1,0,1,2,109.4,7031.45,0,3,6,0,6892.200000000001,15.62857142857143,0,0.36345290950446035,0,Champions
1,0,1,1,70,1,1,2,1,1,1,1,1,1,2,1,2,114.2,7723.9,1,3,7,0,7994.0,14.275,0,0.11311337151404743,0,Champions
0,1,1,0,27,0,0,1,0,0,0,0,0,1,0,0,2,36.5,1032.0,1,2,1,0,985.5,18.25,0,0.6456001714769511,1,At Risk
1,0,0,0,1,1,0,2,0,0,0,0,0,0,0,0,1,70.75,70.75,1,0,1,1,70.75,35.375,1,0.9031657481727584,1,At Risk
1,0,0,0,5,1,0,0,0,0,0,0,0,0,0,0,1,19.95,109.6,0,0,1,1,99.75,9.975,1,0.2930014565079727,2,Fence Sitters
1,1,1,0,37,1,0,0,0,0,0,0,0,0,1,0,1,19.6,727.8,0,2,1,0,725.2,9.8,0,0.029176729837451183,2,Fence Sitters
0,0,0,0,3,0,0,1,0,0,1,0,1,0,0,1,1,40.15,130.75,1,0,2,1,120.45,13.383333333333333,1,0.8569694937929659,1,At Risk
1,0,0,1,12,1,1,2,0,0,0,0,0,0,0,1,0,76.6,893.0,0,0,1,1,919.2,38.3,1,0.71625831206082,1,At Risk
1,0,1,1,38,1,0,0,0,0,0,0,0,0,1,0,3,19.6,763.1,0,2,1,0,744.8000000000001,9.8,0,0.024341742407573357,2,Fence Sitters
1,0,0,0,9,1,0,2,0,0,1,0,0,1,0,1,3,85.3,781.4,0,0,3,1,767.6999999999999,21.325,1,0.6942119780412842,1,At Risk
0,0,1,0,13,1,1,1,1,0,0,0,0,1,0,1,0,65.85,902.25,0,1,3,0,856.05,16.4625,0,0.43516286513990576,1,At Risk
0,1,1,0,29,1,1,2,0,0,0,0,1,1,0,1,0,94.45,2653.65,1,2,3,0,2739.05,23.6125,0,0.7178111504990233,1,At Risk
1,0,1,1,47,1,0,0,0,0,0,0,0,0,2,0,3,20.05,1016.7,0,2,1,0,942.35,10.025,0,0.012292081907998773,2,Fence Sitters
0,0,1,0,61,1,1,2,1,0,1,1,1,0,0,0,2,99.4,5943.65,0,3,5,0,6063.400000000001,16.566666666666666,0,0.23291464615376456,0,Champions
0,0,0,0,16,1,0,0,0,0,0,0,0,0,0,0,1,20.0,275.7,0,1,1,0,320.0,10.0,0,0.24477317641321672,2,Fence Sitters
1,0,1,1,41,1,0,1,1,1,0,1,1,1,2,0,0,78.45,3126.45,0,2,6,0,3216.4500000000003,11.207142857142856,0,0.03353495001582016,0,Champions
1,0,0,1,43,1,1,0,0,0,0,0,0,0,2,1,0,25.1,1070.15,0,2,1,0,1079.3,12.55,0,0.03762106083787196,2,Fence Sitters
1,0,1,1,36,1,1,2,0,1,1,0,1,0,0,1,2,97.35,3457.9,1,2,4,0,3504.6,19.47,0,0.3129283527142247,0,Champions
1,0,0,0,6,1,0,1,0,0,0,0,0,1,0,1,0,55.0,340.4,0,0,2,1,330.0,18.33333333333333,1,0.6928198267188517,1,At Risk
1,0,0,0,58,1,1,1,1,1,1,1,0,0,1,1,3,71.1,4299.2,0,3,5,0,4123.799999999999,11.85,0,0.04800178426868808,0,Champions
0,0,0,0,19,1,0,1,0,0,0,1,1,0,0,1,3,61.55,1093.2,0,1,3,0,1169.45,15.3875,0,0.2568521473539249,1,At Risk
0,0,1,0,11,1,0,1,0,0,0,0,0,0,0,1,2,45.9,521.9,0,0,1,1,504.9,22.95,1,0.4869276330121195,1,At Risk
1,0,0,0,39,0,0,1,1,1,0,1,0,0,1,1,2,40.3,1630.4,0,2,3,0,1571.6999999999998,10.075,0,0.08917772438334287,2,Fence Sitters
1,1,0,0,8,1,0,2,0,1,0,0,1,0,0,1,0,87.1,713.6,0,0,3,1,696.8,21.775,1,0.7166842346226971,1,At Risk
1,0,0,1,26,1,1,1,0,0,0,0,0,0,0,1,1,49.5,1265.65,0,2,1,0,1287.0,24.75,0,0.1722163056743274,2,Fence Sitters
1,1,0,0,53,1,0,2,0,1,0,0,0,0,0,1,3,73.8,4003.85,0,3,2,0,3911.4,24.6,0,0.3085611817659229,0,Champions
1,0,1,1,70,1,0,0,0,0,0,0,0,0,2,1,1,19.2,1401.4,0,3,1,0,1344.0,9.6,0,0.006532016558117871,2,Fence Sitters
0,0,0,0,1,0,0,1,0,0,0,0,1,1,0,1,1,45.3,45.3,1,0,2,1,45.3,15.1,1,0.8842227013525877,1,At Risk
0,0,0,0,59,1,1,0,0,0,0,0,0,0,2,0,1,25.0,1510.5,0,3,1,0,1475.0,12.5,0,0.018722991008039203,2,Fence Sitters
0,0,0,0,2,1,0,2,0,0,1,0,1,1,0,0,0,94.95,178.1,1,0,4,1,189.9,18.99,1,0.9190247682156207,1,At Risk
0,0,0,0,7,0,0,1,1,0,1,0,0,0,1,0,1,35.3,264.8,0,0,2,1,247.1,11.766666666666666,0,0.09786948669326463,2,Fence Sitters
1,0,0,1,12,1,0,1,0,0,0,0,0,0,0,1,0,44.55,480.6,1,0,1,1,534.5999999999999,22.275,1,0.4243085546192401,1,At Risk
0,0,1,1,59,1,0,1,0,1,1,1,1,1,1,0,3,76.75,4541.9,0,3,6,0,4528.25,10.964285714285714,0,0.08986925619852236,0,Champions
0,0,1,1,61,1,1,1,0,0,1,1,1,1,2,1,2,81.0,4976.15,0,3,5,0,4941.0,13.5,0,0.032217588168552115,0,Champions
0,0,1,1,72,1,1,2,1,0,1,0,1,1,2,1,2,105.55,7542.25,0,3,5,0,7599.599999999999,17.591666666666665,0,0.10770794193918638,0,Champions
1,0,1,1,13,1,0,0,0,0,0,0,0,0,0,0,1,18.8,251.25,0,1,1,0,244.4,9.4,0,0.08243342588257392,2,Fence Sitters
1,0,1,1,64,1,1,0,0,0,0,0,0,0,1,0,1,24.9,1595.5,0,3,1,0,1593.6,12.45,0,0.02180938417239829,2,Fence Sitters
0,0,1,0,1,0,0,1,0,0,0,0,0,0,0,1,0,23.45,23.45,1,0,0,1,23.45,23.45,1,0.8999531982375721,1,At Risk
1,0,0,0,10,1,0,1,0,1,0,1,0,1,1,0,1,64.9,685.55,0,0,4,1,649.0,12.98,0,0.08203616413337232,0,Champions
1,0,1,1,65,1,0,1,1,1,1,0,0,0,1,0,2,61.35,3874.1,0,3,4,0,3987.75,12.27,0,0.04553439964763339,0,Champions
1,0,1,0,62,1,1,2,1,1,1,1,1,1,2,0,1,113.95,6891.4,0,3,7,0,7064.900000000001,14.24375,0,0.09421955702473508,0,Champions
1,0,1,0,55,1,1,1,1,1,1,1,1,1,1,1,0,90.15,4916.95,0,3,7,0,4958.25,11.26875,0,0.06691343273170595,0,Champions
1,0,1,0,25,1,1,1,0,1,0,0,0,0,0,0,0,54.1,1373.0,0,2,2,0,1352.5,18.03333333333333,0,0.13700942750404185,2,Fence Sitters
0,0,0,0,1,0,0,1,1,0,0,0,0,0,0,0,1,29.7,29.7,1,0,1,1,29.7,14.85,1,0.7396923901516206,1,At Risk
0,0,0,0,1,1,0,1,1,0,0,0,0,0,0,1,3,49.8,49.8,0,0,2,1,49.8,16.599999999999998,1,0.521293480301616,1,At Risk
1,0,1,0,59,1,1,2,0,1,0,0,1,1,0,0,0,101.1,6039.9,1,3,4,0,5964.9,20.22,0,0.5975137529584233,0,Champions
0,1,1,1,64,1,1,0,0,0,0,0,0,0,2,1,2,24.4,1548.65,0,3,1,0,1561.6,12.2,0,0.009277420019369575,2,Fence Sitters
0,0,1,0,36,1,1,2,0,0,0,0,1,1,0,1,2,95.0,3440.25,0,2,3,0,3420.0,23.75,0,0.6451871283970635,1,At Risk
1,0,0,0,3,1,1,1,0,0,0,0,0,0,0,1,1,50.65,151.3,1,0,1,1,151.95,25.325,1,0.7204675376866939,1,At Risk
0,0,1,0,61,1,1,1,1,0,1,0,0,1,2,1,1,69.9,4226.7,0,3,4,0,4263.900000000001,13.98,0,0.022122729973966377,0,Champions
0,0,0,1,26,0,0,1,0,1,0,0,1,0,1,1,2,39.95,1023.75,0,2,2,0,1038.7,13.316666666666668,0,0.11777379433425111,2,Fence Sitters
1,0,0,0,1,1,0,1,0,0,0,0,0,1,0,1,0,55.4,55.4,1,0,2,1,55.4,18.466666666666665,1,0.8406839558988257,1,At Risk
1,1,1,0,1,1,1,2,0,1,0,0,1,0,0,1,0,90.6,90.6,1,0,3,1,90.6,22.65,1,0.8498628297835596,1,At Risk
0,0,1,1,68,1,0,2,1,1,1,0,1,1,2,1,3,103.25,7074.4,0,3,6,0,7021.0,14.75,0,0.08336594030389184,0,Champions
0,1,1,0,2,1,1,2,0,0,0,0,1,0,0,1,1,86.85,156.35,1,0,2,1,173.7,28.95,1,0.9002678649110306,1,At Risk
1,0,1,0,72,1,1,2,1,1,1,1,0,0,2,1,2,94.25,6849.75,0,3,5,0,6786.0,15.708333333333334,0,0.02257205068834388,0,Champions
1,0,1,0,71,0,0,1,0,0,1,1,0,1,2,1,0,47.05,3263.6,0,3,3,0,3340.55,11.7625,0,0.04548984497702982,0,Champions
0,0,0,0,57,1,0,0,0,0,0,0,0,0,2,0,3,20.55,1252.85,0,3,1,0,1171.35,10.275,0,0.010319930127121386,2,Fence Sitters
0,0,0,0,4,1,0,0,0,0,0,0,0,0,0,1,1,19.65,67.55,0,0,1,1,78.6,9.825,1,0.2828726390773546,2,Fence Sitters
1,1,0,0,1,1,0,2,0,0,0,0,0,0,0,1,0,70.2,70.2,0,0,1,1,70.2,35.1,1,0.9022262645648065,1,At Risk
0,0,1,1,72,1,1,1,1,1,1,1,0,1,2,0,3,81.0,5750.0,0,3,6,0,5832.0,11.571428571428571,0,0.009098685163621242,0,Champions
0,0,1,1,21,1,1,1,1,0,0,0,1,1,1,1,2,75.9,1549.75,0,1,4,0,1593.9,15.18,0,0.10131347908631798,0,Champions
1,0,1,1,71,1,1,0,0,0,0,0,0,0,2,0,2,24.7,1810.55,0,3,1,0,1753.7,12.35,0,0.005921837995964435,2,Fence Sitters
1,1,1,0,29,1,1,2,0,0,1,0,1,1,0,1,2,99.05,2952.85,1,2,4,0,2872.45,19.81,0,0.5982532205940754,1,At Risk
1,1,0,0,69,1,1,2,1,0,1,1,1,1,2,0,3,110.25,7467.55,0,3,6,0,7607.25,15.75,0,0.20608833387392175,0,Champions
1,0,1,0,64,1,1,1,1,0,1,1,1,1,2,1,3,85.0,5484.4,0,3,6,0,5440.0,12.142857142857142,0,0.019291211005487127,0,Champions
0,0,0,0,16,1,0,0,0,0,0,0,0,0,0,0,3,19.75,294.9,0,1,1,0,316.0,9.875,0,0.13941411282403457,2,Fence Sitters
1,0,0,0,4,1,1,0,0,0,0,0,0,0,1,0,0,23.9,97.5,0,0,1,1,95.6,11.95,0,0.08735592809452765,2,Fence Sitters
1,0,0,0,52,1,1,2,1,1,0,1,1,1,1,1,3,111.25,5916.45,1,3,6,0,5785.0,15.892857142857142,0,0.3771627506474587,0,Champions
0,0,0,0,2,1,0,1,1,0,1,0,0,0,0,1,1,55.1,113.35,1,0,3,1,110.2,13.775,1,0.5578681761259436,1,At Risk
0,0,0,0,1,1,0,0,0,0,0,0,0,0,0,0,1,19.95,19.95,0,0,1,1,19.95,9.975,1,0.6301773548820512,1,At Risk
0,0,0,0,18,0,0,1,0,0,0,0,0,0,0,0,1,25.15,476.8,0,1,0,0,452.7,25.15,0,0.5918812068031755,2,Fence Sitters
1,0,0,0,2,1,1,1,0,1,0,0,0,0,0,0,1,54.15,101.65,0,0,2,1,108.3,18.05,1,0.45718252021008643,1,At Risk
1,0,1,0,19,1,0,1,0,1,0,0,0,1,0,1,1,59.8,1130.85,0,1,3,0,1136.2,14.95,0,0.1825586829156139,2,Fence Sitters
1,0,0,0,40,1,1,2,0,0,0,0,0,1,0,0,2,83.85,3532.25,0,2,2,0,3354.0,27.95,0,0.7249178083995872,1,At Risk
1,1,1,1,66,1,1,2,0,1,1,0,1,1,1,1,0,104.9,6891.45,0,3,5,0,6923.400000000001,17.483333333333334,0,0.1956440757429124,0,Champions
0,0,0,0,21,1,1,2,0,0,0,0,0,0,0,0,1,75.3,1570.7,0,1,1,0,1581.3,37.65,0,0.7642915284111651,1,At Risk
0,0,0,0,8,1,0,1,0,1,0,1,1,0,0,1,0,66.65,520.95,0,0,4,1,533.2,13.330000000000002,1,0.16397554073358878,1,At Risk
1,0,1,1,72,1,0,2,1,1,1,1,1,1,2,1,3,109.5,7854.9,0,3,7,0,7884.0,13.6875,0,0.01494292879492429,0,Champions
1,0,0,0,48,1,1,1,0,1,1,1,1,0,1,1,2,73.85,3581.4,0,2,5,0,3544.8,12.308333333333332,0,0.09225520915226013,0,Champions
0,0,0,0,69,1,0,0,0,0,0,0,0,0,2,1,2,19.3,1447.9,0,3,1,0,1331.7,9.65,0,0.009324447639463832,2,Fence Sitters
0,0,0,0,72,1,1,2,1,1,1,1,1,1,2,1,0,118.2,8547.15,0,3,7,0,8510.4,14.775,0,0.04825876652387765,0,Champions
1,0,0,0,14,1,0,1,0,1,0,0,0,0,1,0,3,51.45,727.85,0,1,2,0,720.3000000000001,17.150000000000002,0,0.03465244178081851,2,Fence Sitters
0,0,0,0,6,1,0,1,0,1,0,0,1,0,0,0,0,59.45,357.6,0,0,3,1,356.70000000000005,14.8625,1,0.5103086323082847,1,At Risk
1,0,1,1,8,1,0,0,0,0,0,0,0,0,2,0,2,19.5,159.35,0,0,1,1,156.0,9.75,0,0.02399580986823316,2,Fence Sitters
1,0,0,0,17,1,0,0,0,0,0,0,0,0,1,0,1,19.55,280.85,0,1,1,0,332.35,9.775,0,0.05101300803228791,2,Fence Sitters
0,0,0,0,65,1,1,2,1,0,0,1,0,1,1,0,0,93.55,6069.25,0,3,4,0,6080.75,18.71,0,0.351844036880203,0,Champions
1,0,1,1,57,1,0,1,1,0,1,1,0,0,1,1,1,59.3,3274.35,0,3,4,0,3380.1,11.86,0,0.02806814828831222,0,Champions
0,0,1,0,13,1,1,2,0,0,1,0,1,1,0,1,3,102.25,1359.0,1,1,4,0,1329.25,20.45,0,0.6221436310857106,1,At Risk
0,1,0,0,19,1,0,2,0,0,1,0,1,1,0,1,3,95.9,1777.9,1,1,4,0,1822.1,19.18,0,0.5842720978151305,1,At Risk
1,0,1,0,56,1,1,2,1,1,1,0,1,1,1,0,2,109.8,6109.65,0,3,6,0,6148.8,15.685714285714283,0,0.22515307560026243,0,Champions
1,0,1,0,14,1,0,2,0,0,0,0,0,1,0,1,0,78.1,1122.4,0,1,2,0,1093.4,26.03333333333333,0,0.7519999666899355,1,At Risk
0,0,1,0,52,0,0,1,1,0,0,0,0,1,0,1,0,39.9,2020.9,0,3,2,0,2074.8,13.3,0,0.3244653866014179,2,Fence Sitters
1,0,0,0,58,1,0,1,1,1,1,1,0,0,2,1,3,64.9,3795.45,0,3,5,0,3764.2,10.816666666666668,0,0.01678697292329845,0,Champions
1,1,0,0,47,1,1,2,0,1,0,1,1,0,0,1,0,95.05,4504.55,1,2,4,0,4467.349999999999,19.01,0,0.3998202564167383,0,Champions
1,0,0,0,67,0,0,1,0,0,1,1,1,1,0,1,3,53.4,3579.15,0,3,4,0,3577.8,10.68,0,0.10062583980155002,0,Champions
0,0,0,0,2,0,0,1,0,0,0,0,0,0,0,1,3,24.9,49.7,0,0,0,1,49.8,24.9,1,0.5861469327319911,1,At Risk
0,1,0,0,6,1,0,1,0,0,0,0,0,0,0,0,3,44.7,276.5,0,0,1,1,268.20000000000005,22.35,1,0.45562034359490133,1,At Risk
0,0,1,1,71,1,1,2,1,1,1,1,1,1,2,1,2,114.0,8175.9,0,3,7,0,8094.0,14.25,0,0.019394577387483968,0,Champions
1,0,1,1,46,1,0,0,0,0,0,0,0,0,2,0,2,20.25,890.35,0,2,1,0,931.5,10.125,0,0.01432739140728873,2,Fence Sitters
1,0,0,0,5,1,0,1,1,0,0,1,0,0,0,0,3,53.85,259.8,1,0,3,1,269.25,13.4625,1,0.3080880485713895,1,At Risk
0,1,1,0,67,1,1,2,1,1,0,0,0,0,0,0,2,83.85,5588.8,0,3,3,0,5617.95,20.9625,0,0.2240850302923162,0,Champions
0,0,0,1,3,1,0,0,0,0,0,0,0,0,0,0,2,20.2,50.6,0,0,1,1,60.6,10.1,1,0.2219045003027299,2,Fence Sitters
1,0,0,0,3,1,0,0,0,0,0,0,0,0,0,0,1,19.95,58.0,0,0,1,1,59.85,9.975,1,0.33303207134107615,2,Fence Sitters
0,1,1,0,52,1,1,2,1,0,1,0,1,1,0,1,0,104.2,5568.35,1,3,5,0,5418.400000000001,17.366666666666667,0,0.6101657497143186,0,Champions
1,0,1,0,42,1,1,1,0,0,0,0,0,0,0,1,0,50.25,2203.65,1,2,1,0,2110.5,25.125,0,0.2602191885126245,2,Fence Sitters
0,0,1,1,50,1,0,0,0,0,0,0,0,0,1,1,1,20.35,938.95,0,3,1,0,1017.5,10.175,0,0.02228547279271325,2,Fence Sitters
0,1,1,0,23,1,0,2,1,1,0,0,0,1,0,1,0,90.0,2024.1,0,1,4,0,2070.0,18.0,0,0.4666226788784659,1,At Risk
1,0,1,1,67,0,0,1,1,1,1,1,1,0,2,0,3,54.2,3623.95,0,3,5,0,3631.4,9.033333333333331,0,0.014227666536976259,0,Champions
1,0,0,0,25,1,0,2,0,1,1,0,1,1,0,1,0,99.5,2369.05,1,2,5,0,2487.5,16.583333333333332,0,0.7223142068476909,1,At Risk
1,1,1,0,39,1,0,2,1,1,0,0,1,1,1,0,1,99.1,3877.95,0,2,5,0,3864.9,16.516666666666666,0,0.1751389759252955,0,Champions
1,0,0,0,69,1,1,1,1,1,0,1,0,0,2,1,1,66.9,4577.9,0,3,4,0,4616.1,13.38,0,0.027334627046256374,0,Champions
1,0,0,0,1,0,0,1,0,0,0,0,0,0,1,0,1,25.85,25.85,0,0,0,1,25.85,25.85,0,0.25364693645214453,2,Fence Sitters
0,0,0,0,32,1,0,2,0,0,0,0,1,1,0,0,0,91.05,2871.5,0,2,3,0,2913.6,22.7625,0,0.867477537309264,1,At Risk
1,0,0,0,9,1,0,2,0,0,0,0,0,0,0,0,0,71.0,672.55,1,0,1,1,639.0,35.5,1,0.6960136544285165,1,At Risk
1,0,0,0,16,1,0,2,0,1,1,0,0,1,0,1,3,93.2,1573.7,1,1,4,0,1491.2,18.64,0,0.539582435110275,1,At Risk
0,0,1,1,60,1,0,0,0,0,0,0,0,0,2,1,2,20.95,1270.55,0,3,1,0,1257.0,10.475,0,0.006650077054883327,2,Fence Sitters
1,0,1,1,72,1,1,2,0,1,1,1,1,1,2,1,2,109.2,7711.45,0,3,6,0,7862.400000000001,15.6,0,0.04699975879911108,0,Champions
0,0,1,0,5,1,0,0,0,0,0,0,0,0,0,0,1,19.35,126.05,1,0,1,1,96.75,9.675,1,0.29436566644731704,2,Fence Sitters
1,1,0,0,26,1,0,2,1,0,0,0,1,0,0,1,3,85.8,2193.65,0,2,3,0,2230.8,21.45,0,0.3967394342126743,1,At Risk
0,0,0,0,3,1,0,0,0,0,0,0,0,0,0,0,1,19.85,64.55,1,0,1,1,59.55,9.925,1,0.3511011209996381,2,Fence Sitters
0,0,0,0,2,1,0,0,0,0,0,0,0,0,0,1,0,19.65,31.2,0,0,1,1,39.3,9.825,1,0.36538679478134534,2,Fence Sitters
1,0,0,1,2,1,0,0,0,0,0,0,0,0,1,0,2,20.5,38.25,0,0,1,1,41.0,10.25,0,0.05127335062031367,2,Fence Sitters
1,0,0,0,36,1,1,1,1,0,1,1,1,1,1,1,3,89.65,3348.1,0,2,6,0,3227.4,12.80714285714286,0,0.08133520737465691,0,Champions
0,0,0,0,7,1,0,2,1,0,0,0,0,0,0,0,1,74.35,533.6,0,0,2,1,520.4499999999999,24.78333333333333,1,0.6184354510250173,1,At Risk
1,1,1,0,60,0,0,1,0,1,0,0,1,1,2,1,3,49.45,2907.55,0,3,3,0,2967.0,12.3625,0,0.033761139142258284,2,Fence Sitters
1,0,1,0,19,1,1,2,0,1,0,0,0,1,0,1,0,89.1,1620.8,0,1,3,0,1692.9,22.275,0,0.6411942465413236,1,At Risk
0,1,1,0,45,1,1,1,1,0,1,1,0,1,2,0,3,75.15,3480.35,0,2,5,0,3381.7500000000005,12.525,0,0.017544483337411237,0,Champions
0,1,0,0,4,1,0,2,0,0,0,0,0,0,0,1,0,70.65,293.85,0,0,1,1,282.6,35.325,1,0.8098816793969958,1,At Risk
1,0,1,1,31,1,1,2,0,0,1,1,1,1,0,1,0,104.2,3243.45,1,2,5,0,3230.2000000000003,17.366666666666667,0,0.5781650549443476,0,Champions
0,0,1,1,47,1,0,2,1,0,1,0,0,1,0,0,0,90.05,4137.2,0,2,4,0,4232.349999999999,18.009999999999998,0,0.31454182981407874,0,Champions
0,0,0,0,1,1,0,2,0,0,0,0,0,1,0,1,0,79.25,79.25,1,0,2,1,79.25,26.416666666666668,1,0.9430462254503088,1,At Risk
1,0,0,0,1,1,0,1,0,0,0,0,0,0,0,1,2,44.9,44.9,1,0,1,1,44.9,22.45,1,0.6957459758767373,1,At Risk
1,0,0,0,1,1,0,0,0,0,0,0,0,0,0,0,3,19.4,19.4,0,0,1,1,19.4,9.7,1,0.3369072907093531,2,Fence Sitters
1,1,1,1,59,1,1,2,0,0,1,0,0,1,0,1,3,88.75,5348.65,0,3,3,0,5236.25,22.1875,0,0.28441605555509836,0,Champions
0,0,1,0,10,1,0,2,0,0,0,0,0,0,0,1,0,70.1,659.65,1,0,1,1,701.0,35.05,1,0.6534675224608693,1,At Risk
0,1,0,0,35,1,1,2,1,0,0,0,0,1,0,0,3,91.0,3180.5,0,2,3,0,3185.0,22.75,0,0.3365626675055984,0,Champions
0,0,0,0,4,0,0,1,0,0,1,0,0,0,0,1,0,29.65,118.5,1,0,1,1,118.6,14.825,1,0.8406072240090268,1,At Risk
0,0,1,1,32,1,0,2,1,1,0,0,0,1,1,1,0,90.8,3023.85,0,2,4,0,2905.6,18.16,0,0.11193890072779827,0,Champions
0,0,0,0,43,1,1,2,0,1,0,0,0,0,0,1,0,77.85,3365.85,1,2,2,0,3347.55,25.95,0,0.695966969773534,1,At Risk
0,0,0,0,4,1,0,1,0,0,0,0,0,1,0,0,0,54.3,195.3,1,0,2,1,217.2,18.1,1,0.8141455351631006,1,At Risk
1,1,1,0,54,1,0,0,0,0,0,0,0,0,2,1,1,18.95,1031.1,0,3,1,0,1023.3,9.475,0,0.009879269200112839,2,Fence Sitters
1,1,0,0,11,1,1,2,0,0,0,0,1,1,0,1,2,95.15,997.65,1,0,3,1,1046.65,23.7875,1,0.8398277012061228,1,At Risk
1,1,0,0,66,1,1,2,1,0,0,0,1,1,2,1,2,102.4,6471.85,0,3,4,0,6758.400000000001,20.48,0,0.16414383788811474,0,Champions
0,0,1,1,61,1,1,2,0,0,1,0,1,1,1,1,0,99.9,6241.35,0,3,4,0,6093.900000000001,19.98,0,0.43524785039542735,0,Champions
0,0,1,1,72,1,1,1,1,1,1,1,1,1,2,0,3,88.7,6501.35,0,3,7,0,6386.400000000001,11.0875,0,0.00948706649831501,0,Champions
0,0,1,1,44,0,0,1,0,0,1,1,1,1,1,1,0,54.3,2317.1,0,2,4,0,2389.2,10.86,0,0.10444514942450385,0,Champions
0,0,0,0,41,1,1,1,0,0,1,0,0,0,0,1,2,55.7,2237.55,0,2,2,0,2283.7000000000003,18.566666666666663,0,0.41755929350960197,2,Fence Sitters
0,0,1,0,50,1,1,2,1,0,1,0,1,1,1,1,0,103.95,5231.3,0,3,5,0,5197.5,17.325,0,0.501408264749093,0,Champions
0,0,1,0,47,1,1,2,1,0,1,1,1,1,1,1,3,110.85,5275.8,1,2,6,0,5209.95,15.835714285714284,0,0.44701515933588093,0,Champions
0,0,1,1,8,1,0,0,0,0,0,0,0,0,2,0,1,20.15,165.5,0,0,1,1,161.2,10.075,0,0.022395395631295015,2,Fence Sitters
0,0,0,0,18,1,0,0,0,0,0,0,0,0,0,0,1,20.05,358.5,0,1,1,0,360.9,10.025,0,0.24091658598323634,2,Fence Sitters
0,0,1,1,72,1,1,1,1,1,1,1,1,1,2,1,3,91.95,6614.9,0,3,7,0,6620.400000000001,11.49375,0,0.011177085026928959,0,Champions
0,0,0,0,1,1,0,2,0,0,0,0,0,1,0,0,0,80.5,80.5,1,0,2,1,80.5,26.83333333333333,1,0.9435541424366286,1,At Risk
1,1,0,0,42,1,1,1,0,0,1,0,0,0,0,0,0,55.65,2421.75,0,2,2,0,2337.3,18.55,0,0.4430363467855989,2,Fence Sitters
1,1,0,0,18,1,0,2,0,1,0,0,0,0,0,1,0,74.7,1294.6,0,1,2,0,1344.6,24.9,0,0.5857699799363428,1,At Risk
1,0,0,1,13,1,1,2,0,1,1,0,1,1,1,1,3,104.15,1299.1,0,1,5,0,1353.95,17.358333333333334,0,0.2121574376252248,0,Champions
1,0,1,1,68,1,1,2,0,1,0,1,0,0,1,1,2,83.65,5733.4,0,3,3,0,5688.200000000001,20.9125,0,0.10846572685260168,0,Champions
0,0,0,0,4,1,1,2,0,0,0,0,0,0,0,1,2,72.2,305.55,1,0,1,1,288.8,36.1,1,0.7462881178179137,1,At Risk
0,0,0,0,69,1,1,2,1,1,1,0,1,1,2,1,3,110.05,7430.75,0,3,6,0,7593.45,15.721428571428572,0,0.18582856992685431,0,Champions
0,0,0,0,17,1,0,1,0,0,0,1,0,0,0,0,1,51.5,900.5,1,1,2,0,875.5,17.166666666666668,0,0.4258920684597328,1,At Risk
0,0,1,1,25,1,1,0,0,0,0,0,0,0,2,0,3,25.5,630.6,0,2,1,0,637.5,12.75,0,0.022508688393046542,2,Fence Sitters
0,1,0,0,43,1,0,2,0,0,0,0,1,1,0,1,1,89.55,3856.75,1,2,3,0,3850.65,22.3875,0,0.7739779654033938,1,At Risk
1,0,1,1,59,1,0,0,0,0,0,0,0,0,2,0,3,19.5,1222.65,0,3,1,0,1150.5,9.75,0,0.009793025928797869,2,Fence Sitters
1,1,0,0,5,1,0,2,1,1,0,0,0,0,0,0,0,80.7,374.8,0,0,3,1,403.5,20.175,1,0.3635364754750086,1,At Risk
0,0,1,1,21,1,1,1,1,1,0,1,1,0,1,0,1,77.5,1625.0,1,1,5,0,1627.5,12.916666666666666,0,0.14762262048798608,0,Champions
1,0,1,1,69,1,1,2,1,1,1,1,1,0,1,1,3,105.1,7234.8,0,3,6,0,7251.9,15.014285714285714,0,0.07907429024363384,0,Champions
0,0,0,0,13,0,0,1,0,0,0,0,0,0,0,1,2,25.15,331.85,0,1,0,0,326.95,25.15,0,0.5488868220221513,2,Fence Sitters
0,0,1,0,42,1,1,2,0,1,1,0,1,0,0,1,2,95.25,3959.35,1,2,4,0,4000.5,19.05,0,0.49213198814457776,0,Champions
0,0,1,0,52,1,1,2,0,1,0,1,0,1,0,1,3,95.65,5088.4,0,3,4,0,4973.8,19.130000000000003,0,0.16359511411778327,0,Champions
0,1,0,0,46,1,0,2,1,0,0,0,0,1,0,0,0,85.0,3969.4,1,2,3,0,3910.0,21.25,0,0.5743291081775029,1,At Risk
0,0,1,0,61,1,1,1,1,1,1,1,0,1,2,1,2,80.8,4860.85,0,3,6,0,4928.8,11.542857142857144,0,0.0172275274416655,0,Champions
0,0,0,0,29,0,0,1,0,0,0,0,0,0,1,1,1,24.85,788.05,0,2,0,0,720.6500000000001,24.85,0,0.19748570640135682,2,Fence Sitters
1,0,0,1,25,1,0,1,0,1,0,1,0,0,1,1,3,54.75,1266.35,0,2,3,0,1368.75,13.6875,0,0.07376013751844228,2,Fence Sitters
1,0,1,1,5,1,0,2,0,0,0,1,1,0,0,1,0,85.75,470.95,1,0,3,1,428.75,21.4375,1,0.5949187533723138,1,At Risk
0,0,0,0,15,0,0,1,0,0,1,0,1,1,1,0,0,50.75,688.2,0,1,3,0,761.25,12.6875,0,0.2938888607770411,2,Fence Sitters
1,0,1,1,19,1,0,0,0,0,0,0,0,0,2,0,1,20.15,387.7,0,1,1,0,382.85,10.075,0,0.01883168959994451,2,Fence Sitters
0,0,0,0,44,1,0,0,0,0,0,0,0,0,2,0,1,20.05,845.25,0,2,1,0,882.2,10.025,0,0.01862416300731951,2,Fence Sitters
1,1,0,0,6,1,1,2,0,1,0,0,1,1,0,1,0,98.25,560.6,1,0,4,1,589.5,19.65,1,0.8600977574269268,1,At Risk
0,0,1,1,58,1,1,1,1,1,1,1,0,0,2,0,3,71.6,4230.25,0,3,5,0,4152.799999999999,11.933333333333332,0,0.014034250975976126,0,Champions
0,0,1,1,62,1,0,2,1,1,0,0,0,0,1,1,3,81.45,4983.05,0,3,3,0,5049.900000000001,20.3625,0,0.040996378521784504,0,Champions
1,0,1,1,70,0,0,1,0,1,1,1,1,1,1,1,2,58.4,4113.15,0,3,5,0,4088.0,9.733333333333333,0,0.06049771641505876,0,Champions
1,1,0,0,1,0,0,1,0,0,0,0,0,0,0,1,1,25.7,25.7,1,0,0,1,25.7,25.7,1,0.8629966582532339,1,At Risk
0,0,1,1,10,0,0,1,1,1,1,1,0,1,2,0,3,53.7,521.0,0,0,5,1,537.0,8.950000000000001,0,0.016042124834318224,0,Champions
0,0,0,0,26,1,0,0,0,0,0,0,0,0,1,1,2,19.6,471.85,0,2,1,0,509.6,9.8,0,0.034301389108935834,2,Fence Sitters
0,0,0,0,66,1,1,2,0,1,0,0,0,1,0,0,3,89.4,5976.9,0,3,3,0,5900.400000000001,22.35,0,0.578535098066425,0,Champions
1,0,1,1,7,1,0,2,0,0,0,0,0,0,0,1,0,69.0,506.9,1,0,1,1,483.0,34.5,1,0.5572194716634787,1,At Risk
0,0,1,1,51,1,1,2,0,1,0,1,0,0,1,0,2,84.2,4299.75,0,3,3,0,4294.2,21.05,0,0.08190800769609928,0,Champions
0,0,1,1,72,1,1,2,1,1,1,1,1,0,2,1,3,106.1,7548.6,0,3,6,0,7639.2,15.157142857142857,0,0.028582040311774165,0,Champions
0,0,0,0,65,1,1,0,0,0,0,0,0,0,2,0,1,25.75,1654.75,0,3,1,0,1673.75,12.875,0,0.022586643078269592,2,Fence Sitters
0,0,0,0,2,1,0,1,0,0,0,0,0,0,0,0,2,46.05,80.35,1,0,1,1,92.1,23.025,1,0.7481389986850949,1,At Risk
0,0,0,1,70,1,1,1,1,1,0,1,0,0,1,0,2,64.95,4551.5,0,3,4,0,4546.5,12.99,0,0.07412278201602925,0,Champions
0,0,1,0,72,1,1,1,0,1,1,1,1,1,2,1,3,85.45,6227.5,0,3,6,0,6152.400000000001,12.207142857142856,0,0.014948958830947483,0,Champions
1,0,1,1,1,1,0,0,0,0,0,0,0,0,0,0,1,20.05,20.05,0,0,1,1,20.05,10.025,1,0.5479395573366397,1,At Risk
1,1,1,0,1,1,0,2,0,1,0,0,0,0,0,1,1,76.4,76.4,1,0,2,1,76.4,25.46666666666667,1,0.8747529359053213,1,At Risk
1,0,0,0,5,1,1,2,0,0,1,0,1,1,0,1,0,100.5,514.0,1,0,4,1,502.5,20.1,1,0.8842471493404688,1,At Risk
0,0,0,0,3,1,0,0,0,0,0,0,0,0,0,0,1,20.7,57.5,0,0,1,1,62.1,10.35,1,0.33945819941704963,2,Fence Sitters
0,0,0,0,58,1,1,0,0,0,0,0,0,0,2,1,3,25.3,1474.35,0,3,1,0,1467.4,12.65,0,0.014867006137881717,2,Fence Sitters
0,1,1,1,22,0,0,1,1,0,0,0,0,1,0,0,1,40.05,880.2,1,1,2,0,881.0999999999999,13.35,0,0.2013655707975951,2,Fence Sitters
0,1,1,0,33,1,1,2,0,1,0,0,1,1,0,1,2,100.6,3270.25,0,2,4,0,3319.8,20.12,0,0.5357800264634859,0,Champions
0,0,0,0,1,1,0,2,0,0,0,0,0,0,0,0,0,69.95,69.95,1,0,1,1,69.95,34.975,1,0.9307415201309225,1,At Risk
0,1,1,0,54,1,1,2,0,0,0,0,0,0,0,0,2,74.0,3919.15,0,3,1,0,3996.0,37.0,0,0.3449864272476674,2,Fence Sitters
0,0,1,0,72,1,1,2,0,1,0,0,1,1,2,1,0,99.4,7285.7,0,3,4,0,7156.8,19.880000000000003,0,0.13007054879285798,0,Champions
0,0,0,1,1,1,1,2,0,0,0,0,1,1,0,1,0,93.3,93.3,1,0,3,1,93.3,23.325,1,0.9182014929411014,1,At Risk
0,0,0,0,3,1,0,1,0,0,1,0,0,0,0,1,0,49.15,169.05,1,0,2,1,147.45,16.383333333333333,1,0.8281362300247984,1,At Risk
1,0,1,1,72,1,1,2,1,1,1,1,0,1,2,0,3,107.45,7658.3,0,3,6,0,7736.400000000001,15.35,0,0.01930465973419532,0,Champions
1,0,1,1,72,1,1,1,1,1,1,0,1,1,2,1,3,83.6,5959.3,0,3,6,0,6019.2,11.94285714285714,0,0.009702473093184316,0,Champions
0,1,1,0,54,1,1,2,0,0,1,0,1,1,0,1,3,99.05,5295.7,0,3,4,0,5348.7,19.81,0,0.6004502694360274,0,Champions
1,0,1,0,59,1,1,1,0,1,0,1,1,1,1,1,0,80.1,4693.2,0,3,5,0,4725.9,13.35,0,0.20297815181475495,0,Champions
0,0,0,0,54,1,0,1,1,1,0,0,1,0,2,1,2,65.3,3512.9,0,3,4,0,3526.2,13.06,0,0.02454164259514265,0,Champions
0,0,0,0,60,1,1,2,0,0,1,0,1,0,2,1,0,89.55,5231.2,0,3,3,0,5373.0,22.3875,0,0.1219324860149901,0,Champions
1,0,1,0,60,0,0,1,0,1,1,1,1,1,2,0,3,60.8,3603.45,0,3,5,0,3648.0,10.133333333333333,0,0.014403932440974057,0,Champions
0,0,0,0,3,1,1,2,0,0,0,0,0,0,0,0,0,74.5,217.45,0,0,1,1,223.5,37.25,1,0.9191256782251932,1,At Risk
1,0,1,0,69,1,1,2,1,0,0,0,1,1,2,0,2,99.15,6875.35,0,3,4,0,6841.35,19.83,0,0.10439310284120985,0,Champions
1,0,1,1,1,1,0,0,0,0,0,0,0,0,0,0,0,19.25,19.25,0,0,1,1,19.25,9.625,1,0.4646114406852557,2,Fence Sitters
0,0,1,1,50,0,0,1,1,0,0,0,1,0,0,1,3,39.45,2021.35,0,3,2,0,1972.5,13.15,0,0.0847427306952903,2,Fence Sitters
1,0,0,0,56,0,0,1,0,0,0,0,1,1,0,1,3,44.85,2564.95,0,3,2,0,2511.6,14.95,0,0.3382503575108806,2,Fence Sitters
1,0,1,0,60,1,0,2,1,0,0,1,1,1,2,1,0,97.2,5611.75,0,3,5,0,5832.0,16.2,0,0.1021446916858027,0,Champions
0,1,1,0,69,1,1,2,1,0,1,1,1,1,1,1,1,110.55,7610.1,0,3,6,0,7627.95,15.792857142857144,0,0.4114245050424988,0,Champions
1,0,0,0,1,0,0,1,0,0,0,0,0,1,0,0,1,35.05,35.05,1,0,1,1,35.05,17.525,1,0.9025504527553851,1,At Risk
1,1,0,0,1,1,0,2,0,1,0,0,0,0,0,1,0,73.0,73.0,1,0,2,1,73.0,24.33333333333333,1,0.8315625928318958,1,At Risk
1,0,1,0,3,1,0,0,0,0,0,0,0,0,0,1,1,19.9,45.75,0,0,1,1,59.7,9.95,1,0.2944792253801368,2,Fence Sitters
0,0,1,1,60,1,0,1,0,1,0,1,1,1,2,0,2,76.95,4543.95,0,3,5,0,4617.0,12.825,0,0.04093944777709413,0,Champions
1,0,0,0,13,0,0,1,0,0,1,1,0,0,2,0,1,35.4,450.4,0,1,2,0,460.2,11.8,0,0.019480275051924446,2,Fence Sitters
0,0,1,1,62,1,0,0,0,0,0,0,0,0,2,0,2,20.45,1297.35,0,3,1,0,1267.9,10.225,0,0.007564105439970805,2,Fence Sitters
1,0,0,0,45,1,1,2,1,1,0,0,0,1,1,0,2,96.75,4442.75,0,2,4,0,4353.75,19.35,0,0.18904328003471732,0,Champions
1,0,0,0,25,0,0,1,0,0,1,1,1,1,1,0,0,54.2,1423.15,0,2,4,0,1355.0,10.84,0,0.08481626433019605,2,Fence Sitters
0,0,0,0,44,1,0,2,0,0,1,1,1,1,2,0,2,100.1,4378.35,0,2,5,0,4404.4,16.683333333333334,0,0.17780828676288327,0,Champions
1,0,0,0,2,1,0,1,0,0,0,0,0,0,0,1,1,45.25,74.2,0,0,1,1,90.5,22.625,1,0.6947394894051906,1,At Risk
0,1,0,0,33,1,1,2,0,1,1,0,0,0,0,1,3,83.85,2716.3,1,2,3,0,2767.05,20.9625,0,0.500481994711844,1,At Risk
1,0,0,0,1,1,0,2,0,0,0,0,0,0,0,1,0,70.1,70.1,1,0,1,1,70.1,35.05,1,0.9258006955645237,1,At Risk
1,0,0,0,22,1,0,0,0,0,0,0,0,0,1,0,2,20.85,450.65,0,1,1,0,458.7000000000001,10.425,0,0.03739790665561272,2,Fence Sitters
1,0,0,0,35,0,0,1,0,0,1,1,0,0,0,1,1,33.45,1175.85,0,2,2,0,1170.75,11.15,0,0.16383138809903777,2,Fence Sitters
1,0,1,1,29,1,0,0,0,0,0,0,0,0,2,0,1,20.2,558.8,0,2,1,0,585.8,10.1,0,0.01306725777284488,2,Fence Sitters
0,1,1,0,27,1,1,2,1,0,1,0,0,0,1,1,0,85.9,2220.1,0,2,3,0,2319.3,21.475,0,0.08485887227474644,0,Champions
0,0,0,1,54,1,0,1,0,1,1,1,0,0,1,1,0,61.0,3283.05,0,3,4,0,3294.0,12.2,0,0.05999114133382001,0,Champions
1,1,0,0,2,1,0,2,0,0,0,0,0,0,0,1,0,70.65,142.35,1,0,1,1,141.3,35.325,1,0.7539714872283558,1,At Risk
0,0,0,0,57,1,1,2,0,0,0,0,1,0,1,1,0,86.9,4939.25,0,3,2,0,4953.3,28.96666666666667,0,0.5696679571584873,1,At Risk
0,0,0,0,62,1,1,1,1,1,1,1,0,0,2,0,2,69.4,4237.5,0,3,5,0,4302.8,11.566666666666668,0,0.016238353729890843,0,Champions
1,0,1,1,15,1,0,0,0,0,0,0,0,0,1,0,3,20.35,335.95,0,1,1,0,305.25,10.175,0,0.036106152934033076,2,Fence Sitters
0,0,0,0,2,1,0,0,0,0,0,0,0,0,0,0,1,20.35,33.2,1,0,1,1,40.7,10.175,1,0.3354056673552818,2,Fence Sitters
1,0,1,0,70,1,1,2,0,0,1,1,1,1,2,1,2,104.3,7188.5,0,3,5,0,7301.0,17.383333333333333,0,0.2036279926726631,0,Champions
1,0,1,1,21,1,0,1,0,0,0,0,0,0,0,1,0,44.95,926.25,0,1,1,0,943.95,22.475,0,0.18821695665660115,2,Fence Sitters
1,0,0,1,23,1,0,1,0,0,0,1,0,0,1,1,0,49.45,1119.35,0,1,2,0,1137.35,16.483333333333334,0,0.12441612253209143,2,Fence Sitters
0,0,0,0,6,1,0,0,0,0,0,0,0,0,1,0,1,20.6,116.6,0,0,1,1,123.6,10.3,0,0.06600494297846064,2,Fence Sitters
0,0,1,1,4,1,0,0,0,0,0,0,0,0,2,0,3,19.55,68.8,0,0,1,1,78.2,9.775,0,0.01896487027897985,2,Fence Sitters
1,0,0,0,3,1,0,2,1,0,1,0,1,1,0,1,3,99.0,287.4,1,0,5,1,297.0,16.5,1,0.7162015205269104,1,At Risk
1,0,0,0,23,1,1,2,0,0,0,0,1,1,0,1,0,93.5,2341.55,0,1,3,0,2150.5,23.375,0,0.825670998279165,1,At Risk
0,0,0,0,26,0,0,1,1,0,0,1,1,1,1,0,3,54.55,1362.85,0,2,4,0,1418.3,10.91,0,0.12042072342705301,2,Fence Sitters
1,0,0,1,8,1,0,0,0,0,0,0,0,0,0,0,1,20.05,163.6,0,0,1,1,160.4,10.025,1,0.13139333827892333,2,Fence Sitters
0,0,0,0,26,1,1,2,0,0,0,0,0,1,0,1,0,83.95,2254.2,1,2,2,0,2182.7000000000003,27.98333333333333,0,0.8643773060332611,1,At Risk
0,0,0,0,2,1,1,2,0,1,0,0,0,0,0,1,0,79.45,145.15,0,0,2,1,158.9,26.48333333333333,1,0.8457466502733687,1,At Risk
0,0,0,0,67,1,1,2,1,1,1,1,1,1,2,0,3,116.2,7752.3,1,3,7,0,7785.400000000001,14.525,0,0.44696329535239365,0,Champions
1,0,1,0,71,1,1,2,0,0,0,0,1,1,2,1,2,93.7,6585.35,1,3,3,0,6652.7,23.425,0,0.1493581530017092,0,Champions
1,0,0,0,59,1,1,1,1,1,1,1,0,1,1,0,3,79.85,4786.1,0,3,6,0,4711.15,11.407142857142857,0,0.09947817515037552,0,Champions
0,0,1,1,39,1,1,2,0,0,1,0,1,1,1,0,0,100.0,3835.55,0,2,4,0,3900.0,20.0,0,0.4817261034492043,0,Champions
0,0,0,1,21,1,0,0,0,0,0,0,0,0,2,0,1,19.6,397.0,0,1,1,0,411.6,9.8,0,0.015918854967388724,2,Fence Sitters
0,0,0,0,1,1,0,0,0,0,0,0,0,0,0,0,1,19.7,19.7,1,0,1,1,19.7,9.85,1,0.6301773548820512,1,At Risk
1,0,1,1,48,1,0,0,0,0,0,0,0,0,2,0,2,20.2,1027.25,0,2,1,0,969.6,10.1,0,0.01432739140728873,2,Fence Sitters
1,1,1,0,31,0,0,1,1,1,1,0,0,1,1,1,3,50.4,1580.1,0,2,4,0,1562.4,10.08,0,0.08682763052834519,2,Fence Sitters
1,0,1,1,64,1,1,2,1,1,1,1,1,1,1,0,0,113.35,7222.75,0,3,7,0,7254.4,14.16875,0,0.07581713094032337,0,Champions
0,0,1,1,46,1,1,2,0,1,0,0,0,0,0,1,2,80.0,3769.7,0,2,2,0,3680.0,26.666666666666668,0,0.32674659351611246,0,Champions
1,0,0,0,52,1,1,1,0,0,1,1,1,1,2,1,2,80.95,4233.95,0,3,5,0,4209.400000000001,13.491666666666667,0,0.034708210460494375,0,Champions
1,0,1,1,67,1,1,0,0,0,0,0,0,0,2,1,1,24.9,1680.25,0,3,1,0,1668.3,12.45,0,0.0063170655900302635,2,Fence Sitters
1,1,0,0,67,1,1,1,0,1,0,0,0,0,0,0,0,54.9,3725.5,0,3,2,0,3678.3,18.3,0,0.1355840715927448,2,Fence Sitters
1,0,0,0,5,1,1,2,0,0,0,0,0,0,0,0,0,75.55,413.65,1,0,1,1,377.75,37.775,1,0.8142063017498028,1,At Risk
1,0,1,0,71,1,1,2,0,1,1,1,1,1,2,0,0,109.25,7707.7,0,3,6,0,7756.75,15.607142857142858,0,0.18980841850224747,0,Champions
1,0,0,0,9,1,0,2,0,0,0,0,1,0,0,1,2,77.65,714.15,1,0,2,1,698.85,25.883333333333336,1,0.8281745088101204,1,At Risk
1,1,0,0,26,1,1,2,1,1,0,0,0,1,0,1,0,95.0,2497.2,1,2,4,0,2470.0,19.0,0,0.6095293582545168,1,At Risk
0,0,0,0,71,1,1,2,1,1,1,1,1,1,1,1,2,116.3,8309.55,0,3,7,0,8257.3,14.5375,0,0.2218586389100553,0,Champions
1,0,0,0,32,1,0,0,0,0,0,0,0,0,0,0,2,19.9,601.55,0,2,1,0,636.8,9.95,0,0.13251271888048882,2,Fence Sitters
1,0,0,0,2,1,0,2,0,0,0,0,0,0,0,0,0,70.35,139.25,0,0,1,1,140.7,35.175,1,0.828450475075769,1,At Risk
1,0,1,0,71,1,1,0,0,0,0,0,0,0,2,0,3,25.6,1888.25,0,3,1,0,1817.6,12.8,0,0.00742856040824695,2,Fence Sitters
1,0,0,0,60,0,0,1,1,0,1,0,0,1,1,1,0,44.45,2773.9,0,3,3,0,2667.0,11.1125,0,0.062459399061228396,2,Fence Sitters
1,1,0,0,55,1,1,2,0,0,1,0,1,1,1,1,0,100.15,5409.75,0,3,4,0,5508.25,20.03,0,0.4325908065614221,0,Champions
0,0,0,0,54,1,0,2,1,1,0,1,1,1,1,1,3,105.4,5643.4,1,3,6,0,5691.6,15.05714285714286,0,0.39857156371316677,0,Champions
0,0,0,0,2,1,0,2,0,0,1,0,1,1,0,1,0,95.85,197.7,1,0,4,1,191.7,19.17,1,0.9370882139558443,1,At Risk
1,0,0,0,6,1,1,2,0,0,0,0,0,0,0,1,1,73.85,401.3,0,0,1,1,443.1,36.925,1,0.766222122343006,1,At Risk
1,0,1,1,48,1,0,1,1,1,1,0,0,1,2,1,3,70.1,3238.4,0,2,5,0,3364.8,11.683333333333332,0,0.01648815059447304,0,Champions
0,0,1,1,63,1,1,0,0,0,0,0,0,0,2,0,1,25.25,1573.05,0,3,1,0,1590.75,12.625,0,0.011346600003949905,2,Fence Sitters
0,0,0,0,1,1,1,2,0,1,0,0,0,0,0,1,0,79.15,79.15,1,0,2,1,79.15,26.383333333333336,1,0.8689420450679877,1,At Risk
0,0,0,1,12,1,0,0,0,0,0,0,0,0,0,0,3,21.05,235.8,0,0,1,1,252.6,10.525,1,0.08273015053628993,2,Fence Sitters
0,1,1,0,54,0,0,1,0,0,0,0,0,0,0,1,2,24.95,1364.75,0,3,0,0,1347.3,24.95,0,0.2342026712963068,2,Fence Sitters
1,0,1,1,30,1,0,1,0,0,1,1,1,0,1,1,0,64.5,1985.15,0,2,4,0,1935.0,12.9,0,0.05592012151974838,0,Champions
1,0,1,0,30,1,0,0,0,0,0,0,0,0,0,0,2,19.65,655.85,1,2,1,0,589.5,9.825,0,0.1283725178385461,2,Fence Sitters
1,0,0,0,4,1,0,2,0,0,0,0,1,0,0,1,0,79.0,303.15,1,0,2,1,316.0,26.33333333333333,1,0.8936833082645671,1,At Risk
1,0,0,0,40,1,1,2,0,0,1,1,1,1,1,1,3,105.95,4335.2,0,2,5,0,4238.0,17.658333333333335,0,0.5370003671947703,0,Champions
1,0,1,1,9,1,0,2,0,0,0,1,0,0,0,1,0,75.85,647.5,0,0,2,1,682.65,25.28333333333333,1,0.5029069167585327,1,At Risk
1,0,1,1,17,1,0,2,1,0,0,1,1,0,0,0,0,91.85,1574.45,1,1,4,0,1561.4499999999998,18.37,0,0.6140490175818065,1,At Risk
1,0,0,0,62,0,0,1,0,1,1,0,0,1,2,1,3,43.6,2748.7,0,3,3,0,2703.2000000000003,10.9,0,0.06648248746506004,2,Fence Sitters
0,0,0,0,28,1,0,2,0,1,0,1,1,0,1,1,2,91.25,2483.65,0,2,4,0,2555.0,18.25,0,0.20489915205683457,0,Champions
1,0,0,0,70,1,1,1,1,1,1,1,1,1,2,0,3,89.75,6367.2,0,3,7,0,6282.5,11.21875,0,0.02951265828589016,0,Champions
1,0,0,0,46,1,0,2,0,1,1,1,1,1,2,1,2,104.4,4904.2,0,2,6,0,4802.400000000001,14.914285714285716,0,0.12308562757702185,0,Champions
1,0,1,0,23,1,1,2,0,0,1,0,0,1,0,0,1,90.15,2044.95,0,1,3,0,2073.4500000000003,22.5375,0,0.5629477590376758,1,At Risk
0,0,1,1,47,0,0,1,1,0,1,1,0,0,1,0,0,40.3,1794.8,0,2,3,0,1894.1,10.075,0,0.050246797588142066,2,Fence Sitters
0,0,1,1,68,1,0,2,1,1,1,0,1,1,2,1,2,105.25,7173.15,0,3,6,0,7157.0,15.035714285714286,0,0.07240402337784747,0,Champions
1,1,0,0,60,1,1,2,0,0,1,1,1,1,1,1,0,106.0,6441.4,1,3,5,0,6360.0,17.666666666666668,0,0.4976670324973363,0,Champions
1,0,0,1,67,1,1,2,0,1,0,1,1,1,2,1,0,104.0,7039.05,0,3,5,0,6968.0,17.333333333333332,0,0.13450347245843133,0,Champions
1,0,0,0,14,1,0,1,0,0,0,1,1,1,0,1,0,69.65,921.4,0,1,4,0,975.1,13.93,0,0.346161098493977,1,At Risk
0,0,1,1,57,1,1,2,0,0,0,0,0,0,0,1,0,74.3,4018.35,0,3,1,0,4235.099999999999,37.15,0,0.3515787878331562,2,Fence Sitters
1,0,1,1,55,1,1,2,1,0,0,0,1,1,1,0,1,100.9,5448.6,0,3,4,0,5549.5,20.18,0,0.07661148904051161,0,Champions
0,0,0,0,1,1,0,0,0,0,0,0,0,0,0,1,1,20.25,20.25,0,0,1,1,20.25,10.125,1,0.5906662525171998,1,At Risk
0,0,0,1,1,1,0,1,0,0,0,1,0,0,0,1,1,49.9,49.9,1,0,2,1,49.9,16.633333333333333,1,0.5546428607463136,1,At Risk
0,0,0,0,23,1,1,2,0,0,1,1,1,0,0,1,3,96.9,2085.45,0,1,4,0,2228.7000000000003,19.380000000000003,0,0.30117696686312184,0,Champions
1,0,0,0,13,1,1,2,1,0,0,0,1,1,0,1,0,100.35,1358.85,1,1,4,0,1304.55,20.07,0,0.7032144846170603,1,At Risk
0,0,1,0,47,1,1,2,0,1,1,0,1,1,0,1,0,104.1,5135.15,0,2,5,0,4892.7,17.349999999999998,0,0.7502160167432997,0,Champions
0,0,0,0,38,1,0,0,0,0,0,0,0,0,1,0,1,20.1,730.1,0,2,1,0,763.8000000000001,10.05,0,0.04549816109563839,2,Fence Sitters
1,1,1,0,38,1,1,2,0,0,0,0,0,0,0,1,2,74.95,2869.85,1,2,1,0,2848.1,37.475,0,0.4092706708681824,1,At Risk
1,1,0,0,2,1,1,1,0,1,0,0,0,0,0,1,3,56.55,118.25,0,0,2,1,113.1,18.85,1,0.4644563863265917,1,At Risk
0,1,1,1,1,1,0,1,0,0,0,1,0,0,0,1,3,49.25,49.25,1,0,2,1,49.25,16.416666666666668,1,0.47492557654478595,1,At Risk
0,0,1,0,15,1,0,2,0,0,0,0,0,0,0,1,2,68.6,1108.6,0,1,1,0,1029.0,34.3,0,0.6301487021072513,1,At Risk
1,0,0,0,26,1,0,2,0,0,0,0,0,0,0,1,3,69.05,1815.65,0,2,1,0,1795.3,34.525,0,0.41809459027449736,1,At Risk
1,0,1,1,35,1,0,0,0,0,0,0,0,0,2,0,3,19.7,730.4,0,2,1,0,689.5,9.85,0,0.011617720317335878,2,Fence Sitters
0,0,0,1,3,1,0,0,0,0,0,0,0,0,0,1,1,20.05,75.45,0,0,1,1,60.150000000000006,10.025,1,0.19863618402890662,2,Fence Sitters
0,0,1,1,50,1,1,2,0,1,0,1,1,1,0,0,0,103.7,5071.05,1,3,5,0,5185.0,17.283333333333335,0,0.44858868394505946,0,Champions
0,0,1,0,42,1,1,2,1,0,1,0,0,1,0,1,0,94.4,4014.6,0,2,4,0,3964.8,18.880000000000003,0,0.4813322266270622,0,Champions
0,0,1,0,10,1,0,1,1,0,0,1,0,0,0,1,3,54.95,568.85,0,0,3,1,549.5,13.7375,1,0.19210523206687816,2,Fence Sitters
1,0,1,0,61,1,0,2,1,1,0,1,0,1,1,0,2,93.7,5860.7,0,3,5,0,5715.7,15.616666666666667,0,0.13802894076139302,0,Champions
1,0,0,0,68,1,1,2,1,1,0,1,1,1,2,0,3,110.25,7279.35,0,3,6,0,7497.0,15.75,0,0.23664574257895318,0,Champions
0,0,0,0,10,1,0,2,1,0,1,0,1,1,1,1,0,98.9,1064.95,0,0,5,1,989.0,16.483333333333334,0,0.5115864706833678,1,At Risk
0,0,1,0,65,1,1,2,1,1,1,0,0,0,1,0,0,89.75,5769.6,1,3,4,0,5833.75,17.95,0,0.18624932214531328,0,Champions
1,0,1,1,72,1,0,1,1,0,1,1,1,1,2,1,2,80.45,5886.85,0,3,6,0,5792.400000000001,11.492857142857144,0,0.00565324295621399,0,Champions
0,0,1,1,55,1,0,2,0,1,0,1,0,0,0,0,0,79.4,4238.45,0,3,3,0,4367.0,19.85,0,0.12777560960371215,0,Champions
1,0,0,0,1,1,0,0,0,0,0,0,0,0,0,1,1,20.3,20.3,1,0,1,1,20.3,10.15,1,0.653554462817994,1,At Risk
1,0,0,0,7,1,0,1,0,0,1,1,0,1,0,0,2,62.8,418.3,0,0,4,1,439.6,12.56,1,0.17189060811280413,1,At Risk
1,0,0,0,2,1,1,2,0,0,0,0,0,0,0,1,1,74.9,136.05,0,0,1,1,149.8,37.45,1,0.870160664752133,1,At Risk
1,0,0,0,9,1,0,2,1,0,0,0,0,0,0,1,0,74.85,708.2,0,0,2,1,673.65,24.95,1,0.5546028942165534,1,At Risk
0,0,0,1,27,1,1,0,0,0,0,0,0,0,2,1,3,25.85,788.55,0,2,1,0,697.95,12.925,0,0.028020543465905982,2,Fence Sitters
0,1,1,0,7,1,1,2,0,0,1,0,1,1,0,1,0,101.95,700.85,1,0,4,1,713.65,20.39,1,0.875824683542291,1,At Risk
1,0,1,0,64,1,0,1,0,1,1,1,0,1,2,1,1,68.3,4378.8,0,3,5,0,4371.2,11.383333333333333,0,0.016734613097431808,0,Champions
0,0,0,0,70,0,0,1,1,0,1,1,0,1,2,0,2,48.4,3442.8,0,3,4,0,3388.0,9.68,0,0.03318535080460828,0,Champions
0,1,0,0,2,1,1,2,0,0,0,0,1,1,0,1,0,94.0,181.7,1,0,3,1,188.0,23.5,1,0.9262558446487519,1,At Risk
0,1,0,0,67,1,0,2,1,1,0,1,1,1,2,1,0,105.05,7171.7,0,3,6,0,7038.349999999999,15.007142857142856,0,0.12908622196401356,0,Champions
1,0,0,0,45,1,1,2,0,1,0,0,1,0,0,1,3,89.3,4016.85,1,2,3,0,4018.5,22.325,0,0.42878960771239977,0,Champions
1,0,0,0,24,1,1,0,0,0,0,0,0,0,2,0,3,25.15,553.0,0,1,1,0,603.5999999999999,12.575,0,0.03057583815610053,2,Fence Sitters
0,0,1,1,4,1,0,0,0,0,0,0,0,0,2,0,3,19.5,96.85,0,0,1,1,78.0,9.75,0,0.01896487027897985,2,Fence Sitters
0,0,1,1,44,1,0,2,0,0,1,0,1,1,0,1,2,92.95,4122.9,0,2,4,0,4089.8,18.59,0,0.5087208355099424,0,Champions
1,0,1,1,72,1,0,0,0,0,0,0,0,0,2,1,1,20.7,1482.3,0,3,1,0,1490.4,10.35,0,0.0039368797684023495,2,Fence Sitters
1,0,0,0,1,1,0,2,0,1,0,0,0,0,0,1,3,74.3,74.3,1,0,2,1,74.3,24.766666666666666,1,0.744811925868571,1,At Risk
0,0,0,0,66,1,0,0,0,0,0,0,0,0,2,0,2,19.35,1240.8,0,3,1,0,1277.1,9.675,0,0.013649061870733815,2,Fence Sitters
0,0,0,0,1,0,0,1,0,1,0,1,0,1,0,1,1,44.65,44.65,1,0,3,1,44.65,11.1625,1,0.7156772025293647,1,At Risk
0,0,1,1,13,1,0,2,1,0,0,0,0,1,0,0,0,84.05,1095.3,1,1,3,0,1092.65,21.0125,0,0.39307543750754975,1,At Risk
0,0,0,0,10,1,1,2,0,1,0,0,0,0,0,1,2,80.7,788.8,1,0,2,1,807.0,26.9,1,0.7634100212427963,1,At Risk
0,1,1,0,65,1,1,2,0,1,1,0,1,1,0,1,0,104.35,6578.55,0,3,5,0,6782.75,17.391666666666666,0,0.6410704239688626,0,Champions
0,0,0,1,1,1,0,0,0,0,0,0,0,0,0,0,1,19.55,19.55,0,0,1,1,19.55,9.775,1,0.4982177357561743,2,Fence Sitters
0,0,1,1,38,1,0,1,1,1,1,1,1,0,1,0,0,74.05,2802.3,0,2,6,0,2813.9,10.578571428571427,0,0.09258556939781959,0,Champions
0,0,0,1,23,0,0,1,1,0,1,1,0,0,2,0,1,40.1,857.75,0,1,3,0,922.3,10.025,0,0.023350481971514597,2,Fence Sitters
1,0,1,0,10,1,0,0,0,0,0,0,0,0,1,0,1,20.1,184.4,0,0,1,1,201.0,10.05,0,0.06339659628464112,2,Fence Sitters
0,0,0,1,4,1,1,2,0,1,0,0,1,1,0,1,0,101.7,364.55,1,0,4,1,406.8,20.34,1,0.8453886998247132,1,At Risk
0,0,1,1,72,1,1,1,1,0,1,1,1,1,2,1,3,83.55,6093.3,0,3,6,0,6015.599999999999,11.935714285714283,0,0.008878503703121418,0,Champions
1,0,1,0,35,1,0,1,0,1,0,1,0,0,0,0,0,56.85,1861.1,0,2,3,0,1989.75,14.2125,0,0.17272267978452768,2,Fence Sitters
1,0,0,0,1,1,0,0,0,0,0,0,0,0,0,0,1,20.4,20.4,1,0,1,1,20.4,10.2,1,0.6254111286256193,1,At Risk
1,0,1,1,58,1,0,0,0,0,0,0,0,0,2,0,3,19.55,1079.65,0,3,1,0,1133.9,9.775,0,0.01415151761222511,2,Fence Sitters
0,0,1,1,70,1,0,2,0,1,1,1,1,1,1,1,0,106.15,7475.1,0,3,6,0,7430.5,15.164285714285716,0,0.23646225727589681,0,Champions
0,0,1,1,38,1,1,1,0,1,1,0,1,1,1,0,3,78.95,2862.55,0,2,5,0,3000.1,13.158333333333331,0,0.15900281428537794,0,Champions
1,0,1,1,60,0,0,1,0,1,0,0,1,1,0,1,0,49.75,3069.45,0,3,3,0,2985.0,12.4375,0,0.16222220766320758,2,Fence Sitters
0,0,0,0,26,1,1,2,1,1,0,0,1,0,0,1,3,92.4,2349.8,0,2,4,0,2402.4,18.48,0,0.5916364504188273,1,At Risk
1,0,0,0,8,1,0,1,1,1,0,1,0,0,1,0,2,58.2,469.25,0,0,4,1,465.6,11.64,0,0.06246287780038627,2,Fence Sitters
0,0,1,1,41,1,1,2,0,0,1,1,1,1,1,1,0,102.6,4213.35,1,2,5,0,4206.599999999999,17.099999999999998,0,0.36100828489319087,0,Champions
1,1,1,0,36,1,1,2,0,1,0,0,1,0,0,1,3,91.95,3301.05,0,2,3,0,3310.2000000000003,22.9875,0,0.34123271218769635,0,Champions
0,1,0,0,54,1,0,1,0,0,1,1,0,1,1,0,2,65.25,3529.95,0,3,4,0,3523.5,13.05,0,0.04217443604488571,0,Champions
0,0,1,1,71,1,1,2,0,1,1,0,1,1,2,1,2,106.0,7723.7,1,3,5,0,7526.0,17.666666666666668,0,0.3561092702223982,0,Champions
1,0,0,0,55,1,1,2,0,0,0,0,0,0,0,1,0,73.1,4144.9,0,3,1,0,4020.5,36.55,0,0.4398352167514416,2,Fence Sitters
1,0,0,0,72,1,1,1,1,1,0,0,0,0,2,0,2,59.75,4265.0,0,3,3,0,4302.0,14.9375,0,0.008940651499467895,0,Champions
1,0,0,1,3,1,0,1,1,0,0,1,0,0,0,1,1,55.1,154.65,1,0,3,1,165.3,13.775,1,0.32248238139110547,1,At Risk
1,0,1,1,54,1,1,1,0,1,1,0,0,0,2,1,2,59.8,3246.45,0,3,3,0,3229.2,14.95,0,0.026502793966374588,0,Champions
0,0,1,1,72,1,1,2,1,1,1,1,1,1,2,1,2,116.6,8337.45,0,3,7,0,8395.199999999999,14.575,0,0.012497440410678368,0,Champions
0,0,0,0,52,1,1,2,1,0,1,1,1,1,2,1,0,109.3,5731.4,0,3,6,0,5683.599999999999,15.614285714285714,0,0.2159499299341896,0,Champions
1,1,0,0,60,1,1,2,1,0,0,0,1,1,1,1,2,101.4,6176.6,0,3,4,0,6084.0,20.28,0,0.23698978400682574,0,Champions
1,0,0,0,39,0,0,1,0,0,1,0,1,1,0,1,3,50.65,1905.4,0,2,3,0,1975.35,12.6625,0,0.2821859897493884,2,Fence Sitters
1,0,0,0,15,1,0,1,0,0,0,0,1,0,1,0,1,56.15,931.9,0,1,2,0,842.25,18.716666666666665,0,0.15726306679678653,2,Fence Sitters
0,0,0,0,69,1,1,2,0,0,1,1,1,1,2,1,2,106.5,7348.8,1,3,5,0,7348.5,17.75,0,0.7238369719085709,0,Champions
0,0,1,1,43,1,0,0,0,0,0,0,0,0,1,1,1,19.2,776.25,0,2,1,0,825.6,9.6,0,0.016277777605523444,2,Fence Sitters
1,1,0,0,63,1,1,1,1,1,1,1,1,0,1,0,2,83.0,5243.05,0,3,6,0,5229.0,11.857142857142858,0,0.11002684831720619,0,Champions
0,1,1,0,2,1,0,2,0,0,0,0,0,0,0,0,0,70.1,141.65,0,0,1,1,140.2,35.05,1,0.7524011079116023,1,At Risk
1,0,1,1,72,1,0,2,1,1,1,1,1,1,2,1,2,108.3,7679.65,0,3,7,0,7797.599999999999,13.5375,0,0.013343900453325539,0,Champions
1,0,1,1,32,1,1,2,0,0,1,0,0,1,0,1,2,91.05,2954.5,1,2,3,0,2913.6,22.7625,0,0.39305697036509935,1,At Risk
0,0,1,1,40,1,1,0,0,0,0,0,0,0,2,0,3,25.25,1006.9,0,2,1,0,1010.0,12.625,0,0.02102379181031525,2,Fence Sitters
1,0,1,0,58,0,0,1,1,1,0,0,1,0,1,1,0,45.35,2540.1,0,3,3,0,2630.3,11.3375,0,0.07216930128551574,2,Fence Sitters
0,0,0,0,67,0,0,1,1,0,0,1,1,0,2,0,0,43.9,3097.2,0,3,3,0,2941.3,10.975,0,0.044956468666268706,2,Fence Sitters
1,1,1,0,51,1,1,2,1,0,0,0,0,0,0,1,0,77.5,3807.35,1,3,2,0,3952.5,25.83333333333333,0,0.2964556082457865,0,Champions
0,0,1,0,31,1,1,1,0,0,1,1,1,1,1,1,1,79.3,2484.0,0,2,5,0,2458.3,13.216666666666669,0,0.11574726876217543,0,Champions
0,1,1,0,69,1,1,2,1,1,0,0,0,0,0,1,3,84.9,5785.65,0,3,3,0,5858.1,21.225,0,0.1831947555198418,0,Champions
0,0,1,0,32,1,1,2,0,0,0,1,0,0,1,1,0,79.25,2619.15,0,2,2,0,2536.0,26.416666666666668,0,0.21796158260018494,2,Fence Sitters
1,0,0,0,21,1,0,1,1,1,0,1,1,0,2,0,3,71.05,1524.85,0,1,5,0,1492.05,11.841666666666669,0,0.03242808860999298,0,Champions
0,0,0,0,52,1,0,1,1,0,1,0,0,0,1,0,0,53.75,2790.65,0,3,3,0,2795.0,13.4375,0,0.09085406484684629,2,Fence Sitters
1,0,1,1,72,1,1,0,0,0,0,0,0,0,2,0,3,24.25,1784.5,0,3,1,0,1746.0,12.125,0,0.004650705045353341,2,Fence Sitters
1,0,1,0,72,0,0,1,0,1,1,0,1,1,2,1,0,54.2,3937.45,1,3,4,0,3902.4,10.84,0,0.08979273477321091,0,Champions
0,0,1,1,52,0,0,1,1,0,1,0,0,1,1,0,2,44.25,2276.1,0,3,3,0,2301.0,11.0625,0,0.049046046450443505,2,Fence Sitters
1,0,0,0,41,1,0,1,0,0,0,1,0,0,1,0,2,50.05,2029.05,0,2,2,0,2052.05,16.683333333333334,0,0.07374564885404342,2,Fence Sitters
0,0,0,0,41,1,0,0,0,0,0,0,0,0,2,0,1,20.15,802.35,0,2,1,0,826.15,10.075,0,0.019572141750416834,2,Fence Sitters
1,0,0,0,6,1,0,2,0,0,0,0,0,0,0,1,1,69.25,418.4,1,0,1,1,415.5,34.625,1,0.7154452268616771,1,At Risk
0,0,1,1,67,1,1,1,1,1,1,1,0,0,1,1,3,69.35,4653.25,0,3,5,0,4646.45,11.558333333333332,0,0.06881068315784689,0,Champions
1,0,1,1,16,1,0,0,0,0,0,0,0,0,0,0,1,19.35,275.9,0,1,1,0,309.6,9.675,0,0.10280699519440498,2,Fence Sitters
0,0,0,0,17,1,0,0,0,0,0,0,0,0,2,0,1,19.15,343.45,0,1,1,0,325.54999999999995,9.575,0,0.016109655795030382,2,Fence Sitters
0,0,1,0,35,1,0,1,1,1,1,0,0,0,0,0,1,61.0,2130.45,0,2,4,0,2135.0,12.2,0,0.24989597646919073,0,Champions
1,0,1,1,58,1,0,0,0,0,0,0,0,0,2,0,3,20.5,1191.4,0,3,1,0,1189.0,10.25,0,0.010463582048549512,2,Fence Sitters
0,0,0,0,1,1,0,1,0,0,1,0,0,0,0,1,0,50.5,50.5,1,0,2,1,50.5,16.833333333333332,1,0.8859132784250464,1,At Risk
0,0,1,1,52,0,0,1,0,1,1,1,1,0,2,0,1,50.2,2554.0,0,3,4,0,2610.4,10.04,0,0.01415175338620378,0,Champions
1,0,0,0,70,1,0,1,1,0,1,1,1,1,2,0,2,79.6,5589.45,0,3,6,0,5572.0,11.37142857142857,0,0.023422245602095566,0,Champions
1,0,1,1,19,1,1,0,0,0,0,0,0,0,2,1,2,24.9,467.7,0,1,1,0,473.1,12.45,0,0.01783270708083776,2,Fence Sitters
0,1,0,0,1,1,1,2,0,0,0,0,0,0,0,1,0,74.4,74.4,1,0,1,1,74.4,37.2,1,0.9283339176825384,1,At Risk
1,0,1,1,35,1,0,2,1,0,1,1,1,1,0,1,0,106.9,3756.45,0,2,6,0,3741.5,15.271428571428572,0,0.27480082559993513,0,Champions
1,0,0,0,32,1,1,2,0,0,1,0,1,1,0,1,0,101.35,3334.9,0,2,4,0,3243.2,20.27,0,0.6872947437579855,1,At Risk
1,0,1,1,17,1,0,1,1,0,0,1,0,0,0,1,3,55.35,920.5,0,1,3,0,940.95,13.8375,0,0.11372511395287536,2,Fence Sitters
1,0,1,1,67,1,0,1,0,1,0,0,0,0,1,0,3,50.55,3431.75,0,3,2,0,3386.85,16.849999999999998,0,0.012796151856109423,2,Fence Sitters
1,0,0,0,9,1,0,0,0,0,0,0,0,0,0,0,2,19.5,150.35,0,0,1,1,175.5,9.75,1,0.2083982851389452,2,Fence Sitters
0,0,0,1,31,1,1,1,0,1,0,1,1,1,1,1,1,79.45,2587.7,1,2,5,0,2462.9500000000003,13.241666666666667,0,0.20761900231714903,0,Champions
0,0,0,0,4,1,1,2,1,0,0,0,1,0,0,0,0,90.65,367.95,0,0,3,1,362.6,22.6625,1,0.5460036240279672,1,At Risk
0,1,1,1,58,1,1,2,1,1,0,1,0,0,1,1,2,89.85,5125.75,0,3,4,0,5211.299999999999,17.97,0,0.040736751508778646,0,Champions
0,0,0,0,60,1,0,1,1,0,1,1,1,1,1,0,1,79.0,4801.1,0,3,6,0,4740.0,11.285714285714286,0,0.07655973005733052,0,Champions
0,0,0,0,58,1,1,2,0,0,1,1,1,1,1,1,0,104.65,6219.6,1,3,5,0,6069.700000000001,17.441666666666666,0,0.6432552572154168,0,Champions
0,0,0,0,1,1,0,0,0,0,0,0,0,0,0,0,1,19.55,19.55,0,0,1,1,19.55,9.775,1,0.5691324605535697,1,At Risk
1,0,1,1,27,1,0,0,0,0,0,0,0,0,2,0,1,19.9,550.1,0,2,1,0,537.3,9.95,0,0.014629115771991408,2,Fence Sitters
0,1,1,1,66,1,1,2,1,1,1,1,1,1,1,1,0,116.25,7862.25,0,3,7,0,7672.5,14.53125,0,0.20916009683959702,0,Champions
0,0,0,0,15,1,1,2,1,0,0,0,1,0,0,1,2,87.75,1242.2,0,1,3,0,1316.25,21.9375,0,0.42668698795283083,1,At Risk
0,1,1,0,47,1,1,2,0,0,1,0,1,1,0,1,0,100.05,4871.05,1,2,4,0,4702.349999999999,20.01,0,0.8282314123270131,1,At Risk
1,0,0,0,41,1,1,2,1,0,0,0,0,0,0,1,3,81.3,3190.65,0,2,2,0,3333.3,27.1,0,0.29668454669440436,0,Champions
0,0,1,0,59,0,0,1,0,0,0,0,1,1,0,1,0,44.3,2666.75,0,3,2,0,2613.7,14.766666666666666,0,0.6278628046763056,2,Fence Sitters
1,0,0,1,50,1,0,2,0,0,0,0,0,0,2,0,3,70.35,3533.6,0,3,1,0,3517.4999999999995,35.175,0,0.01945296848864437,2,Fence Sitters
0,0,1,1,17,0,0,1,1,0,1,0,1,0,1,0,3,44.45,792.15,0,1,3,0,755.6500000000001,11.1125,0,0.058551006065842535,2,Fence Sitters
0,0,1,1,6,1,0,1,1,0,0,0,0,0,0,1,0,49.15,295.65,0,0,2,1,294.9,16.383333333333333,1,0.3307615729609362,1,At Risk
0,1,1,0,51,0,0,1,0,1,0,0,0,0,0,1,3,29.45,1459.35,0,3,1,0,1501.95,14.725,0,0.2677063974445686,2,Fence Sitters
0,0,0,0,44,1,0,2,0,1,0,1,1,1,0,0,0,100.55,4398.15,1,2,5,0,4424.2,16.758333333333333,0,0.5797910229551531,0,Champions
0,0,1,0,49,1,0,2,0,1,0,0,1,0,0,1,3,85.3,4297.95,0,3,3,0,4179.7,21.325,0,0.39786902891622006,0,Champions
0,0,0,0,2,1,0,2,0,1,0,0,1,1,0,0,0,95.65,167.3,1,0,4,1,191.3,19.130000000000003,1,0.877082887261191,1,At Risk
0,0,1,0,59,1,1,1,1,0,0,1,0,1,1,1,1,69.1,4096.9,0,3,4,0,4076.9,13.82,0,0.045439385632802295,0,Champions
0,1,0,0,50,1,1,1,1,1,0,0,1,0,0,1,2,70.35,3454.6,0,3,4,0,3517.4999999999995,14.07,0,0.18261102392864584,0,Champions
1,0,1,1,59,1,0,0,0,0,0,0,0,0,2,0,1,20.6,1286.0,0,3,1,0,1215.4,10.3,0,0.008533562796898292,2,Fence Sitters
0,0,0,0,18,1,1,2,0,0,0,0,0,0,0,0,1,74.15,1387.0,0,1,1,0,1334.7,37.075,0,0.7593698649485782,1,At Risk
0,0,0,0,10,1,1,2,0,0,0,0,0,0,0,0,0,75.05,786.3,0,0,1,1,750.5,37.525,1,0.8216984364106495,1,At Risk
0,0,1,0,14,1,0,1,0,0,0,0,0,0,1,0,0,44.6,641.25,0,1,1,0,624.4,22.3,0,0.25314069261368644,2,Fence Sitters
0,0,0,0,35,1,0,0,0,0,0,0,0,0,2,0,2,21.45,705.45,0,2,1,0,750.75,10.725,0,0.042937770608914065,2,Fence Sitters
0,0,1,1,8,1,0,1,0,0,0,0,0,0,1,1,1,43.45,345.5,0,0,1,1,347.6,21.725,0,0.11547826020501542,2,Fence Sitters
0,0,1,1,18,1,0,0,0,0,0,0,0,0,1,0,2,20.05,345.9,0,1,1,0,360.9,10.025,0,0.04534383279491304,2,Fence Sitters
1,0,1,1,60,1,1,2,1,1,0,0,1,0,1,0,2,94.15,5811.8,0,3,4,0,5649.0,18.83,0,0.07520297883546778,0,Champions
1,0,0,0,1,1,0,2,0,0,1,0,1,1,0,0,0,94.4,94.4,1,0,4,1,94.4,18.880000000000003,1,0.9415880878012883,1,At Risk
1,0,0,0,6,1,0,0,0,0,0,0,0,0,2,0,1,19.55,124.45,0,0,1,1,117.3,9.775,0,0.03154615221904445,2,Fence Sitters
1,0,0,1,19,1,1,1,1,1,0,1,1,0,0,1,1,75.9,1375.6,0,1,5,0,1442.1,12.65,0,0.13056102365487388,0,Champions
0,0,1,1,53,1,1,1,1,1,0,1,0,0,1,0,2,64.15,3491.55,0,3,4,0,3399.9500000000003,12.830000000000002,0,0.035907399103620584,0,Champions
0,1,1,0,72,1,1,2,1,1,1,0,1,1,2,1,2,109.55,7920.7,0,3,6,0,7887.599999999999,15.65,0,0.0256322352665399,0,Champions
1,0,1,0,60,1,1,2,0,1,1,1,1,1,2,1,3,110.8,6640.7,0,3,6,0,6648.0,15.828571428571427,0,0.12997746970809113,0,Champions
1,0,0,0,1,1,0,1,0,0,0,0,1,0,0,1,3,55.0,55.0,1,0,2,1,55.0,18.33333333333333,1,0.6326330097606113,1,At Risk
1,0,0,1,13,1,0,1,0,0,1,1,0,0,0,0,1,53.45,718.1,0,1,3,0,694.85,13.3625,0,0.14313680767511805,2,Fence Sitters
1,0,1,1,5,1,0,2,0,0,0,0,0,0,0,0,3,69.95,320.4,0,0,1,1,349.75,34.975,1,0.35719936100187444,1,At Risk
0,0,0,0,1,1,1,2,0,0,1,0,1,1,0,1,0,101.45,101.45,1,0,4,1,101.45,20.29,1,0.9313559761726417,1,At Risk
0,0,1,1,13,1,0,2,0,0,1,0,1,1,0,0,0,97.0,1334.45,0,1,4,0,1261.0,19.4,0,0.7613854815028764,1,At Risk
0,0,0,0,37,1,1,1,1,1,1,1,1,1,1,1,2,90.6,3358.65,0,2,7,0,3352.2,11.325,0,0.0665715458037277,0,Champions
0,0,1,0,64,1,0,2,1,0,0,0,0,0,0,1,1,73.55,4764.0,0,3,2,0,4707.2,24.516666666666666,0,0.4018079789508593,0,Champions
1,0,1,0,5,1,1,1,0,0,1,1,1,0,0,0,2,67.95,350.3,1,0,4,1,339.75,13.59,1,0.26523389113008533,1,At Risk
1,0,1,0,61,1,1,2,0,1,0,1,0,1,2,1,2,94.35,5703.0,0,3,4,0,5755.349999999999,18.87,0,0.0700592667202084,0,Champions
1,0,0,0,1,1,0,2,0,0,0,0,0,0,0,1,0,69.5,69.5,1,0,1,1,69.5,34.75,1,0.9381059115269491,1,At Risk
0,0,0,0,1,1,0,0,0,0,0,0,0,0,0,1,1,18.85,18.85,1,0,1,1,18.85,9.425,1,0.3340135888622278,2,Fence Sitters
0,0,0,0,26,1,0,0,0,0,0,0,0,0,1,0,1,19.4,525.55,0,2,1,0,504.4,9.7,0,0.04062043482967513,2,Fence Sitters
1,0,0,0,1,1,0,2,0,0,0,0,0,0,0,1,0,69.2,69.2,1,0,1,1,69.2,34.6,1,0.9374850791110494,1,At Risk
0,0,1,0,24,1,0,0,0,0,0,0,0,0,2,0,1,19.75,483.15,0,1,1,0,474.0,9.875,0,0.014247400172462298,2,Fence Sitters
0,0,1,0,17,0,0,1,0,0,1,1,1,1,1,0,0,54.6,934.8,0,1,4,0,928.2,10.92,0,0.11068956806168671,2,Fence Sitters
1,0,0,1,26,0,0,1,0,0,1,0,0,0,0,1,1,29.8,786.5,0,2,1,0,774.8000000000001,14.9,0,0.29181755043405017,2,Fence Sitters
0,0,0,0,1,1,0,2,0,0,0,0,0,0,0,1,0,69.65,69.65,1,0,1,1,69.65,34.825,1,0.9401751550555026,1,At Risk
0,1,1,0,40,1,1,2,1,0,0,0,1,1,0,0,0,101.85,4086.3,1,2,4,0,4074.0,20.37,0,0.557396608477128,0,Champions
0,0,0,0,52,1,1,2,0,1,1,0,1,1,0,1,0,103.05,5364.8,0,3,5,0,5358.599999999999,17.175,0,0.7891431471439381,0,Champions
1,0,0,0,1,1,0,2,0,1,1,0,0,0,0,1,0,82.3,82.3,1,0,3,1,82.3,20.575,1,0.922087664924086,1,At Risk
0,0,0,0,1,1,0,0,0,0,0,0,0,0,0,0,1,20.3,20.3,0,0,1,1,20.3,10.15,1,0.578166032134635,1,At Risk
1,0,0,0,21,0,0,1,1,0,0,1,0,0,2,0,1,35.1,770.4,0,1,2,0,737.1,11.7,0,0.04613024026227806,2,Fence Sitters
1,0,1,0,67,1,1,2,0,1,1,0,1,1,1,1,2,105.7,6816.95,0,3,5,0,7081.900000000001,17.616666666666667,0,0.22273602930018568,0,Champions
1,0,1,1,44,1,0,1,1,0,0,1,0,0,0,0,2,56.25,2419.55,0,2,3,0,2475.0,14.0625,0,0.07766584848268404,2,Fence Sitters
0,0,1,1,70,0,0,1,0,1,1,1,1,1,1,0,0,60.35,4138.7,0,3,5,0,4224.5,10.058333333333334,0,0.07931815854281346,0,Champions
0,0,0,0,3,1,0,2,0,0,0,0,1,0,0,0,0,79.25,267.6,1,0,2,1,237.75,26.416666666666668,1,0.9292681824202553,1,At Risk
0,0,1,1,56,1,0,1,1,1,1,0,0,0,2,1,2,59.8,3457.45,0,3,4,0,3348.8,11.96,0,0.01838108435802886,0,Champions
1,0,0,0,13,1,1,2,0,0,0,0,0,1,0,1,0,84.6,1115.2,1,1,2,0,1099.8,28.2,0,0.8506490848741761,1,At Risk
1,0,1,1,58,1,1,2,1,1,0,0,0,1,0,1,2,93.4,5435.6,1,3,4,0,5417.200000000001,18.68,0,0.1720097950590469,0,Champions
1,0,1,1,42,1,1,2,0,0,0,0,1,1,0,1,0,94.2,4186.3,1,2,3,0,3956.4,23.55,0,0.5673810402181433,1,At Risk
0,1,1,0,1,0,0,1,0,0,0,0,0,0,0,0,0,25.05,25.05,1,0,0,1,25.05,25.05,1,0.8549507558631063,1,At Risk
1,0,1,1,46,1,1,2,1,0,1,1,0,1,2,0,1,99.65,4630.2,0,2,5,0,4583.900000000001,16.608333333333334,0,0.09292926317322164,0,Champions
1,0,1,1,63,1,0,1,1,0,0,0,0,0,2,1,2,50.65,3221.25,0,3,2,0,3190.95,16.883333333333333,0,0.012697597783151196,2,Fence Sitters
0,0,0,0,11,1,0,1,0,1,1,1,0,0,0,1,0,60.9,688.5,0,0,4,1,669.9,12.18,1,0.19137433190282663,1,At Risk
0,0,1,1,15,1,1,1,0,0,1,1,0,0,0,1,2,59.65,867.1,0,1,3,0,894.75,14.9125,0,0.11610254218896376,2,Fence Sitters
0,0,1,0,72,0,0,1,1,1,1,1,1,1,2,1,0,64.7,4746.05,0,3,6,0,4658.400000000001,9.242857142857144,0,0.02385135996799992,0,Champions
1,0,0,0,29,0,0,1,0,0,0,0,0,0,0,1,3,25.1,712.85,1,2,0,0,727.9000000000001,25.1,0,0.25026772337165704,2,Fence Sitters
0,0,0,1,1,1,0,1,0,0,1,0,0,0,0,0,0,48.95,48.95,1,0,2,1,48.95,16.316666666666666,1,0.8196462418316536,1,At Risk
1,0,1,1,6,1,0,1,0,0,0,0,1,0,0,0,0,54.85,355.1,0,0,2,1,329.1,18.28333333333333,1,0.39252981480478566,1,At Risk
0,0,0,0,1,1,0,1,0,0,0,0,0,0,0,0,0,45.3,45.3,1,0,1,1,45.3,22.65,1,0.8706741238351274,1,At Risk
0,0,1,1,63,1,1,2,0,1,0,0,0,1,1,1,0,91.35,5764.7,0,3,3,0,5755.049999999999,22.8375,0,0.19955651164310428,0,Champions
0,0,0,0,2,1,0,2,0,0,1,0,0,1,0,1,0,85.85,167.3,1,0,3,1,171.7,21.4625,1,0.9196142506038915,1,At Risk
1,0,1,1,18,1,1,0,0,0,0,0,0,0,2,0,1,25.1,428.45,0,1,1,0,451.8,12.55,0,0.020166658529311085,2,Fence Sitters
1,0,1,0,43,0,0,1,1,0,0,1,0,0,0,0,2,34.0,1505.35,0,2,2,0,1462.0,11.333333333333334,0,0.12641931067615317,2,Fence Sitters
1,0,0,0,15,0,0,1,1,1,1,1,0,0,1,0,1,45.9,693.45,0,1,4,0,688.5,9.18,0,0.09245663765612412,2,Fence Sitters
0,0,0,1,10,1,1,2,0,0,0,0,1,1,0,0,0,95.2,930.4,1,0,3,1,952.0,23.8,1,0.8125285857498835,1,At Risk
0,0,1,1,55,1,0,0,0,0,0,0,0,0,2,0,1,20.5,1177.95,0,3,1,0,1127.5,10.25,0,0.012149328529236995,2,Fence Sitters
0,0,0,1,49,1,1,2,0,0,0,1,1,1,1,1,2,100.6,5069.65,1,3,4,0,4929.4,20.12,0,0.357122958473964,0,Champions
0,0,1,1,6,1,0,1,0,1,1,0,0,0,0,1,1,55.3,324.25,1,0,3,1,331.79999999999995,13.825,1,0.23233682046750706,1,At Risk
0,0,1,1,70,1,0,0,0,0,0,0,0,0,2,0,3,20.35,1458.1,0,3,1,0,1424.5,10.175,0,0.005302896453580766,2,Fence Sitters
0,1,0,0,2,1,1,2,0,0,0,0,0,0,0,1,1,74.85,156.4,1,0,1,1,149.7,37.425,1,0.8865825508003214,1,At Risk
0,1,1,0,63,0,0,1,1,0,0,1,0,0,1,0,2,36.1,2298.9,0,3,2,0,2274.3,12.033333333333331,0,0.0471844265897338,2,Fence Sitters
1,0,0,0,25,1,0,1,0,1,0,1,0,1,0,1,2,65.8,1679.65,0,2,4,0,1645.0,13.16,0,0.11784092025452314,0,Champions
1,1,0,0,18,1,0,0,0,0,0,0,0,0,1,0,2,20.35,369.6,0,1,1,0,366.3,10.175,0,0.045917960889562175,2,Fence Sitters
0,1,1,0,28,1,1,2,0,1,0,1,1,1,0,1,0,105.8,2998.0,0,2,5,0,2962.4,17.633333333333333,0,0.4596083694674519,0,Champions
1,1,0,0,53,1,0,2,1,1,0,1,0,1,1,1,1,96.75,5206.55,0,3,5,0,5127.75,16.125,0,0.16963311878771672,0,Champions
0,0,0,0,35,1,0,2,0,1,1,0,1,1,1,1,2,102.35,3626.1,1,2,5,0,3582.25,17.058333333333334,0,0.49695317047017573,0,Champions
0,0,0,0,1,0,0,1,0,0,0,0,0,0,0,0,1,24.4,24.4,0,0,0,1,24.4,24.4,1,0.8444170499989266,1,At Risk
0,0,1,0,70,1,1,2,1,1,1,1,1,1,1,0,3,115.65,7968.85,1,3,7,0,8095.5,14.45625,0,0.6389001723005905,0,Champions
0,0,0,0,2,1,0,2,0,0,1,1,0,0,0,1,0,79.85,152.45,1,0,3,1,159.7,19.9625,1,0.7120943078675502,1,At Risk
1,0,1,0,26,1,0,1,0,1,0,1,1,1,0,1,0,73.05,1959.5,0,2,5,0,1899.3,12.175,0,0.11322233843566934,0,Champions
1,0,0,0,34,1,0,1,1,1,0,0,0,1,1,0,0,64.35,2053.05,0,2,4,0,2187.9,12.87,0,0.07406508240999718,0,Champions
1,0,0,1,19,1,0,0,0,0,0,0,0,0,2,0,1,20.5,398.55,0,1,1,0,389.5,10.25,0,0.019525966868196885,2,Fence Sitters
0,0,0,0,15,1,1,2,0,0,0,0,0,0,0,1,1,76.0,1130.85,1,1,1,0,1140.0,38.0,0,0.8313052623477836,1,At Risk
1,0,1,1,62,1,0,1,1,0,1,0,0,0,1,0,3,54.75,3425.35,0,3,3,0,3394.5,13.6875,0,0.03077049289351854,0,Champions
1,1,0,0,42,1,1,2,0,1,1,0,1,1,0,1,2,104.75,4323.45,1,2,5,0,4399.5,17.458333333333332,0,0.5961335904715184,0,Champions
1,0,0,0,9,1,0,1,1,1,0,0,1,1,0,1,0,74.65,703.55,1,0,5,1,671.85,12.441666666666668,1,0.19315407126799644,0,Champions
0,0,0,0,24,1,0,1,1,0,0,0,0,0,0,1,0,51.15,1275.7,0,1,2,0,1227.6,17.05,0,0.4036794544718287,1,At Risk
0,1,1,0,68,0,0,1,1,1,1,0,0,0,2,1,0,41.95,2965.75,0,3,3,0,2852.6000000000004,10.4875,0,0.06434114749350742,2,Fence Sitters
0,0,1,1,31,1,0,1,0,0,1,1,0,0,0,0,1,54.35,1647.0,0,2,3,0,1684.85,13.5875,0,0.06781770499440422,2,Fence Sitters
1,0,0,0,1,1,0,1,0,0,0,0,0,1,0,1,0,56.25,56.25,1,0,2,1,56.25,18.75,1,0.8668902731835558,1,At Risk
0,0,1,0,21,1,1,2,0,0,1,1,1,1,0,1,0,106.1,2249.95,1,1,5,0,2228.1,17.683333333333334,0,0.7973541893309922,1,At Risk
1,0,1,0,63,1,0,2,0,1,0,0,1,1,1,1,0,96.0,6109.75,0,3,4,0,6048.0,19.2,0,0.23790214161931234,0,Champions
1,1,0,0,2,1,0,2,0,0,0,0,0,1,0,1,2,79.75,159.4,1,0,2,1,159.5,26.58333333333333,1,0.8183062972165763,1,At Risk
1,0,1,1,61,0,0,1,0,1,1,1,1,1,2,1,2,61.45,3751.15,0,3,5,0,3748.45,10.241666666666667,0,0.015065632537434313,0,Champions
1,0,0,0,1,1,0,2,0,0,0,0,0,0,0,0,0,68.65,68.65,1,0,1,1,68.65,34.325,1,0.9377715292805778,1,At Risk
0,0,0,0,18,1,0,0,0,0,0,0,0,0,1,0,1,19.65,411.25,0,1,1,0,353.7,9.825,0,0.052682316030093296,2,Fence Sitters
1,0,1,1,6,1,0,0,0,0,0,0,0,0,1,0,3,19.0,105.5,0,0,1,1,114.0,9.5,0,0.025631143710569803,2,Fence Sitters
1,0,0,0,33,1,1,2,0,1,0,0,1,1,0,1,0,100.0,3320.6,0,2,4,0,3300.0,20.0,0,0.713877550774046,1,At Risk
0,0,0,0,16,1,0,0,0,0,0,0,0,0,0,0,2,20.25,327.45,1,1,1,0,324.0,10.125,0,0.2085520451012259,2,Fence Sitters
1,0,1,0,56,1,0,2,0,0,1,1,1,1,0,1,0,98.7,5669.5,0,3,5,0,5527.2,16.45,0,0.35420449392910286,0,Champions
0,0,0,1,23,1,0,0,0,0,0,0,0,0,1,0,1,19.8,465.45,0,1,1,0,455.4,9.9,0,0.035222666423756106,2,Fence Sitters
0,0,0,0,9,1,0,2,0,0,1,0,0,0,0,1,0,73.8,704.3,0,0,2,1,664.1999999999999,24.6,1,0.7549090081309806,1,At Risk
1,1,1,0,14,1,1,2,0,1,0,0,1,1,0,1,0,100.2,1369.8,1,1,4,0,1402.8,20.04,0,0.7301047333914987,1,At Risk
0,0,1,1,15,1,1,2,0,0,0,0,0,0,0,1,2,74.9,1107.25,1,1,1,0,1123.5,37.45,0,0.5877429708659933,1,At Risk
0,0,0,0,5,1,0,0,0,0,0,0,0,0,0,0,3,20.05,95.55,0,0,1,1,100.25,10.025,1,0.18331776582877948,2,Fence Sitters
0,0,1,0,61,1,1,2,1,1,0,0,1,1,0,1,0,106.2,6375.2,0,3,5,0,6478.2,17.7,0,0.4699213421346163,0,Champions
0,0,1,1,70,1,1,2,1,1,1,1,1,1,2,1,3,116.55,8152.3,0,3,7,0,8158.5,14.56875,0,0.10585102945959105,0,Champions
0,0,0,0,15,1,1,2,1,0,0,0,1,1,0,1,0,99.7,1566.75,0,1,4,0,1495.5,19.94,0,0.8345759150915271,1,At Risk
0,0,1,1,8,1,0,0,0,0,0,0,0,0,2,0,1,19.7,130.25,0,0,1,1,157.6,9.85,0,0.022282096235336512,2,Fence Sitters
1,0,1,1,8,1,0,0,0,0,0,0,0,0,2,0,1,19.5,162.15,0,0,1,1,156.0,9.75,0,0.023750389011856214,2,Fence Sitters
1,0,0,0,4,0,0,1,1,0,0,0,0,0,0,1,1,29.15,110.05,0,0,1,1,116.6,14.575,1,0.5965248300548742,1,At Risk
1,0,0,0,34,1,0,1,1,1,0,0,0,0,1,0,1,55.0,1885.15,0,2,3,0,1870.0,13.75,0,0.08521293169602392,2,Fence Sitters
0,0,1,0,68,1,1,1,1,1,1,1,1,1,2,1,3,90.8,6302.85,0,3,7,0,6174.4,11.35,0,0.028315297089623624,0,Champions
1,0,1,1,45,0,0,1,0,1,1,1,0,1,1,0,2,51.0,2264.5,0,2,4,0,2295.0,10.2,0,0.11012652066636631,0,Champions
1,1,0,0,9,1,1,2,0,0,1,0,1,0,0,1,0,90.1,816.8,0,0,3,1,810.9,22.525,1,0.7609592334012572,1,At Risk
1,0,0,0,22,1,1,1,1,0,0,1,0,0,0,1,1,59.05,1253.5,0,1,3,0,1299.1,14.7625,0,0.12685885292801752,2,Fence Sitters
1,0,0,0,2,1,0,0,0,0,0,0,0,0,0,0,1,20.3,41.2,0,0,1,1,40.6,10.15,1,0.3177488336190959,2,Fence Sitters
0,0,1,0,70,1,1,1,0,1,1,1,1,0,2,0,2,72.95,5265.55,0,3,5,0,5106.5,12.158333333333331,0,0.03106926388458743,0,Champions
1,0,0,1,10,1,1,1,1,0,1,1,0,1,1,0,3,73.55,693.3,0,0,5,1,735.5,12.258333333333333,0,0.07508072050415711,0,Champions
0,0,0,0,72,1,1,1,1,0,1,1,1,1,2,0,3,84.3,5997.1,0,3,6,0,6069.599999999999,12.042857142857144,0,0.010360356506200425,0,Champions
1,0,1,1,49,1,0,1,0,1,1,0,1,1,1,0,3,78.0,3824.2,0,3,5,0,3822.0,13.0,0,0.0964343610092613,0,Champions
1,1,0,0,54,1,1,1,0,1,0,1,1,0,1,0,1,72.1,3886.05,0,3,4,0,3893.4,14.419999999999998,0,0.04503326330239843,0,Champions
1,0,0,0,71,1,1,2,1,1,1,0,1,1,2,1,3,106.75,7283.25,0,3,6,0,7579.25,15.25,0,0.06620788768077872,0,Champions
1,0,0,0,22,1,0,0,0,0,0,0,0,0,1,1,1,19.25,412.55,0,1,1,0,423.5,9.625,0,0.02810160024853985,2,Fence Sitters
1,0,1,1,50,1,0,0,0,0,0,0,0,0,2,0,3,20.55,1070.25,0,3,1,0,1027.5,10.275,0,0.009784761004140904,2,Fence Sitters
1,0,1,1,43,1,0,0,0,0,0,0,0,0,1,0,1,20.0,817.95,0,2,1,0,860.0,10.0,0,0.031477608362179325,2,Fence Sitters
1,0,1,1,45,1,1,0,0,0,0,0,0,0,2,1,3,24.65,1171.3,0,2,1,0,1109.25,12.325,0,0.022590472464444872,2,Fence Sitters
0,1,0,0,64,1,1,2,1,1,0,0,1,1,0,1,2,103.5,6548.65,0,3,5,0,6624.0,17.25,0,0.4533584247838982,0,Champions
1,0,1,1,23,1,1,0,0,0,0,0,0,0,2,0,1,23.85,625.65,0,1,1,0,548.5500000000001,11.925,0,0.019137169197619108,2,Fence Sitters
1,0,1,0,68,1,1,0,0,0,0,0,0,0,2,0,3,25.8,1911.5,0,3,1,0,1754.4,12.9,0,0.009685216753119959,2,Fence Sitters
1,0,0,0,1,1,0,2,0,0,0,0,0,0,0,1,0,70.85,70.85,1,0,1,1,70.85,35.425,1,0.9303785023154891,1,At Risk
0,0,0,0,2,1,0,2,0,0,0,0,0,0,0,1,3,69.8,134.7,1,0,1,1,139.6,34.9,1,0.6612369543776753,1,At Risk
0,0,0,0,26,1,0,1,0,0,0,1,1,0,1,0,3,59.45,1507.0,0,2,3,0,1545.7,14.8625,0,0.12138427815820262,2,Fence Sitters
0,0,1,0,55,0,0,1,0,0,1,1,1,1,0,1,2,54.55,2978.3,1,3,4,0,3000.25,10.91,0,0.15295480494439115,0,Champions
0,0,0,0,14,1,0,0,0,0,0,0,0,0,0,1,0,20.05,299.3,0,1,1,0,280.7,10.025,0,0.32324105134984105,2,Fence Sitters
0,0,1,0,71,1,0,1,1,0,1,1,1,1,2,1,0,82.55,5832.65,0,3,6,0,5861.05,11.792857142857144,0,0.022156343879763507,0,Champions
0,0,0,0,64,1,1,1,1,1,1,1,1,0,1,0,0,81.25,5567.55,0,3,6,0,5200.0,11.607142857142858,0,0.1331672873517261,0,Champions
1,0,0,0,7,1,0,1,0,0,0,1,1,1,0,1,3,70.75,450.8,1,0,4,1,495.25,14.15,1,0.21628538204956946,1,At Risk
1,0,0,0,57,1,0,1,1,1,1,1,1,0,2,1,3,74.3,4166.35,0,3,6,0,4235.099999999999,10.614285714285714,0,0.015387365565606518,0,Champions
1,0,1,0,13,1,1,2,0,1,1,0,1,0,0,0,0,94.1,1215.6,1,1,4,0,1223.3,18.82,0,0.7456134272291443,1,At Risk
1,0,1,1,3,0,0,1,1,0,0,0,0,0,0,0,3,29.7,91.7,1,0,1,1,89.1,14.85,1,0.3821398659744023,2,Fence Sitters
0,1,1,0,72,1,1,2,0,1,1,1,1,1,2,0,3,109.7,7898.45,0,3,6,0,7898.400000000001,15.671428571428573,0,0.1025533596446401,0,Champions
1,0,1,1,40,1,1,2,0,1,1,0,1,0,0,1,3,96.35,3915.4,0,2,4,0,3854.0,19.27,0,0.24845382483070616,0,Champions
0,0,1,0,14,1,1,1,0,0,0,1,1,0,0,1,3,66.6,979.5,0,1,3,0,932.4,16.65,0,0.2115362368231575,1,At Risk
0,0,1,1,2,1,0,1,0,0,0,0,0,0,0,1,0,44.5,90.05,0,0,1,1,89.0,22.25,1,0.5789349133757421,1,At Risk
0,1,0,0,66,1,1,2,0,1,1,1,1,1,1,0,3,110.9,7432.05,1,3,6,0,7319.400000000001,15.842857142857143,0,0.6260806485475575,0,Champions
1,0,1,0,38,1,1,2,0,0,1,1,1,1,0,1,0,105.0,4026.4,1,2,5,0,3990.0,17.5,0,0.6401410060042076,0,Champions
0,0,0,1,1,0,0,1,0,0,0,0,0,0,0,1,0,25.3,25.3,1,0,0,1,25.3,25.3,1,0.7587530365071816,1,At Risk
0,0,0,0,22,1,0,1,0,1,0,1,0,0,1,1,3,55.15,1193.05,1,1,3,0,1213.3,13.7875,0,0.1685438338018897,2,Fence Sitters
0,0,0,0,1,1,0,0,0,0,0,0,0,0,0,1,1,20.1,20.1,1,0,1,1,20.1,10.05,1,0.6488727293384484,1,At Risk
0,0,0,0,5,1,0,2,0,0,0,0,1,0,0,1,1,80.1,398.55,0,0,2,1,400.5,26.7,1,0.8930370625037061,1,At Risk
0,0,1,1,29,1,1,1,1,0,0,1,1,0,1,0,2,69.05,1958.45,0,2,4,0,2002.45,13.81,0,0.04140879098600585,0,Champions
0,0,1,1,1,1,0,2,0,0,0,0,0,0,0,1,1,69.9,69.9,1,0,1,1,69.9,34.95,1,0.8683945869093136,1,At Risk
1,0,0,0,3,1,0,0,0,0,0,0,0,0,0,0,1,20.4,63.15,0,0,1,1,61.2,10.2,1,0.3325927275882655,2,Fence Sitters
0,0,1,1,71,1,0,0,0,0,0,0,0,0,2,0,3,19.7,1301.1,0,3,1,0,1398.7,9.85,0,0.0057330178951227675,2,Fence Sitters
0,0,0,1,9,1,0,1,0,1,0,0,0,0,0,1,0,50.1,484.05,0,0,2,1,450.9,16.7,1,0.18976975810183355,2,Fence Sitters
0,0,0,0,43,1,1,2,0,1,0,0,1,1,0,1,0,101.4,4528.0,1,2,4,0,4360.2,20.28,0,0.8395715234342542,1,At Risk
1,0,0,0,48,1,1,1,1,1,1,0,1,1,1,1,3,83.45,3887.85,0,2,6,0,4005.6,11.921428571428573,0,0.07318745674689706,0,Champions
0,0,0,0,26,1,1,2,1,1,0,0,0,0,0,1,3,86.65,2208.75,0,2,3,0,2252.9,21.6625,0,0.2875290120759931,0,Champions
1,0,0,0,9,1,0,0,0,0,0,0,0,0,0,0,2,20.15,238.15,0,0,1,1,181.35,10.075,1,0.21749622540695634,2,Fence Sitters
0,0,0,0,1,1,0,2,0,0,0,0,0,1,0,1,0,80.8,80.8,1,0,2,1,80.8,26.933333333333334,1,0.941225631422916,1,At Risk
1,0,1,1,46,1,0,0,0,0,0,0,0,0,2,0,3,19.4,958.15,0,2,1,0,892.4,9.7,0,0.012229256272266568,2,Fence Sitters
0,0,0,0,2,1,1,1,0,0,0,0,0,1,0,0,2,62.05,118.3,1,0,2,1,124.1,20.683333333333334,1,0.7430455530841876,1,At Risk
0,1,0,0,1,1,1,2,0,0,0,0,0,0,0,1,0,76.45,76.45,1,0,1,1,76.45,38.225,1,0.9497996040436335,1,At Risk
0,0,1,1,64,0,0,1,1,0,1,1,1,1,2,1,2,60.05,3845.45,0,3,5,0,3843.2,10.008333333333333,0,0.014499546815184219,0,Champions
1,1,0,0,12,1,1,2,0,1,0,0,1,0,0,1,0,91.3,1094.5,1,0,3,1,1095.6,22.825,1,0.7575129583069342,1,At Risk
0,1,1,0,6,1,0,2,0,0,1,0,1,1,0,1,0,95.75,573.75,1,0,4,1,574.5,19.15,1,0.8681798270689468,1,At Risk
1,0,1,0,59,1,0,0,0,0,0,0,0,0,1,0,1,20.35,1267.0,0,3,1,0,1200.65,10.175,0,0.025164820136300125,2,Fence Sitters
1,0,0,0,7,1,0,2,0,1,0,0,1,1,1,1,1,94.05,633.45,0,0,4,1,658.35,18.81,0,0.4698302674467004,1,At Risk
1,1,1,0,72,1,1,1,1,1,1,0,1,1,2,1,3,84.1,6129.65,0,3,6,0,6055.2,12.014285714285714,0,0.010852139031060472,0,Champions
0,1,0,0,16,1,0,2,0,0,0,0,0,1,0,1,0,78.75,1218.25,0,1,2,0,1260.0,26.25,0,0.7909002419650707,1,At Risk
0,0,1,0,25,1,1,1,0,0,1,0,0,0,0,0,3,55.55,1405.3,0,2,2,0,1388.75,18.516666666666666,0,0.21453107980409997,2,Fence Sitters
1,0,1,0,34,1,1,1,1,1,0,1,0,0,0,0,0,62.65,2274.9,1,2,4,0,2130.1,12.53,0,0.11967046249148282,0,Champions
1,0,0,0,1,1,1,2,0,0,0,0,0,0,0,1,0,74.5,74.5,1,0,1,1,74.5,37.25,1,0.9453143774185341,1,At Risk
1,0,1,1,10,1,1,2,0,1,1,0,1,1,0,1,3,102.1,1068.85,1,0,5,1,1021.0,17.016666666666666,1,0.6569170751656976,1,At Risk
0,0,1,0,24,1,0,0,0,0,0,0,0,0,1,0,1,20.1,533.9,0,1,1,0,482.4,10.05,0,0.040490254756713966,2,Fence Sitters
1,0,1,1,10,1,1,1,1,1,0,0,1,0,1,0,0,70.3,676.15,0,0,4,1,703.0,14.06,0,0.05030399658556141,0,Champions
0,0,1,0,69,1,0,1,1,1,0,0,0,0,1,1,3,53.65,3804.4,0,3,3,0,3701.85,13.4125,0,0.05943985539855567,0,Champions
0,0,0,0,57,1,0,0,0,0,0,0,0,0,2,0,1,20.75,1118.8,0,3,1,0,1182.75,10.375,0,0.020996941208646074,2,Fence Sitters
0,0,1,1,50,1,0,2,0,1,1,1,1,1,1,1,2,103.4,5236.4,0,3,6,0,5170.0,14.771428571428572,0,0.23670692561040316,0,Champions
0,0,1,1,28,0,0,1,1,0,1,1,1,0,1,0,1,50.8,1386.8,0,2,4,0,1422.4,10.16,0,0.04985226593166992,2,Fence Sitters
1,0,0,0,16,1,0,1,1,0,0,0,0,0,0,1,0,50.15,762.25,1,1,2,0,802.4,16.716666666666665,0,0.32615184647696976,2,Fence Sitters
0,0,0,0,25,1,0,1,1,1,0,1,1,1,0,1,1,79.0,1902.0,0,2,6,0,1975.0,11.285714285714286,0,0.18967946862423515,0,Champions
1,1,1,0,3,1,0,2,0,1,0,0,0,0,0,1,2,74.6,239.05,0,0,2,1,223.8,24.866666666666664,1,0.6688615403580739,1,At Risk
0,0,1,0,61,1,1,2,0,0,0,0,1,1,1,1,2,96.5,5673.7,0,3,3,0,5886.5,24.125,0,0.6312342914485706,0,Champions
1,0,0,0,2,1,0,0,0,0,0,0,0,0,0,0,1,20.1,39.8,0,0,1,1,40.2,10.05,1,0.3177488336190959,2,Fence Sitters
0,0,1,1,51,1,0,0,0,0,0,0,0,0,1,0,1,19.4,997.75,0,3,1,0,989.4,9.7,0,0.02709460171107373,2,Fence Sitters
1,0,1,1,71,1,0,1,1,0,1,0,1,1,2,0,3,77.55,5574.35,0,3,5,0,5506.05,12.925,0,0.008390883601822658,0,Champions
1,0,1,1,20,1,0,0,0,0,0,0,0,0,0,0,1,20.05,406.05,0,1,1,0,401.0,10.025,0,0.08742076458944224,2,Fence Sitters
0,0,1,1,6,1,0,0,0,0,0,0,0,0,0,0,3,19.85,138.85,0,0,1,1,119.1,9.925,1,0.11074819707549521,2,Fence Sitters
1,0,0,0,6,1,0,0,0,0,0,0,0,0,0,0,1,20.2,123.65,0,0,1,1,121.2,10.1,1,0.2568084878467479,2,Fence Sitters
1,0,0,0,29,1,1,1,1,1,0,1,0,0,0,0,1,67.45,1801.1,0,2,4,0,1956.05,13.49,0,0.11017312060807186,0,Champions
0,0,0,0,36,1,0,0,0,0,0,0,0,0,2,1,3,18.55,689.0,0,2,1,0,667.8000000000001,9.275,0,0.008046063575848141,2,Fence Sitters
1,0,0,0,28,0,0,1,0,0,1,0,0,0,0,1,1,29.75,790.7,0,2,1,0,833.0,14.875,0,0.5184120283562935,2,Fence Sitters
1,0,1,0,7,1,1,2,0,0,0,0,1,0,0,1,0,86.5,582.5,1,0,2,1,605.5,28.83333333333333,1,0.8788588337423106,1,At Risk
1,0,0,0,63,1,1,0,0,0,0,0,0,0,2,0,1,24.2,1618.2,0,3,1,0,1524.6,12.1,0,0.013720397595620487,2,Fence Sitters
0,0,1,1,48,1,1,0,0,0,0,0,0,0,2,0,1,23.55,1173.35,0,2,1,0,1130.4,11.775,0,0.03187786665227831,2,Fence Sitters
1,0,1,0,49,1,0,0,0,0,0,0,0,0,1,0,2,20.45,900.9,0,3,1,0,1002.05,10.225,0,0.02598968962272019,2,Fence Sitters
0,1,0,0,27,1,1,2,0,1,0,0,0,0,0,1,0,81.45,2122.05,1,2,2,0,2199.15,27.15,0,0.6961576472462815,1,At Risk
0,0,1,0,72,1,1,1,1,1,1,1,1,1,2,0,3,92.3,6719.9,0,3,7,0,6645.599999999999,11.5375,0,0.025608447206471683,0,Champions
0,0,1,0,1,1,0,2,0,0,0,0,0,0,0,1,0,69.15,69.15,1,0,1,1,69.15,34.575,1,0.9115452514821738,1,At Risk
1,0,1,1,72,0,0,1,0,1,0,1,1,1,2,0,3,53.65,3784.0,0,3,4,0,3862.8,10.73,0,0.010856497565902372,0,Champions
1,0,0,0,47,0,0,1,1,1,0,1,0,0,1,0,3,39.65,1798.65,0,2,3,0,1863.55,9.9125,0,0.07759291660436983,2,Fence Sitters
1,0,0,0,1,1,0,1,0,0,0,0,1,0,0,1,0,54.65,54.65,0,0,2,1,54.65,18.216666666666665,1,0.8572319463328136,1,At Risk
1,0,0,0,36,1,1,2,0,1,1,0,1,1,1,1,2,104.8,3886.45,0,2,5,0,3772.8,17.466666666666665,0,0.2668915588644333,0,Champions
0,0,1,1,43,0,0,1,0,1,0,0,0,0,0,0,3,29.3,1224.05,0,2,1,0,1259.9,14.65,0,0.13973678903095405,2,Fence Sitters
1,1,1,0,27,1,1,1,0,1,1,1,1,1,0,0,0,83.85,2310.2,0,2,6,0,2263.95,11.978571428571428,0,0.15021341325453347,0,Champions
1,0,0,0,9,1,0,2,0,0,0,0,0,1,0,1,0,79.55,723.4,1,0,2,1,715.9499999999999,26.516666666666666,1,0.8308702907456765,1,At Risk
1,0,0,0,38,1,1,2,0,0,1,1,1,1,0,1,0,103.65,3988.5,0,2,5,0,3938.7,17.275000000000002,0,0.6186105475856922,0,Champions
1,1,0,0,35,1,1,2,1,0,0,0,1,1,0,1,0,99.05,3554.6,0,2,4,0,3466.75,19.81,0,0.6261318866863699,1,At Risk
1,0,1,0,59,1,0,2,0,1,0,1,1,1,2,1,1,100.05,6034.85,0,3,5,0,5902.95,16.675,0,0.06137607971725056,0,Champions
0,0,0,0,27,1,0,0,0,0,0,0,0,0,2,0,3,20.35,531.6,0,2,1,0,549.45,10.175,0,0.014717366630825367,2,Fence Sitters
1,1,0,0,2,1,0,1,0,0,0,0,0,0,0,0,0,43.95,85.1,0,0,1,1,87.9,21.975,1,0.589085996377446,1,At Risk
0,0,0,0,7,1,1,0,0,0,0,0,0,0,0,0,1,23.5,173.0,0,0,1,1,164.5,11.75,1,0.4087008861789956,2,Fence Sitters
1,0,0,0,36,1,1,1,0,1,0,1,0,1,1,1,1,70.7,2511.95,0,2,4,0,2545.2000000000003,14.14,0,0.08686548571407827,0,Champions
1,0,1,1,41,1,1,2,1,1,0,0,1,0,0,1,2,94.3,3893.6,0,2,4,0,3866.3,18.86,0,0.14488053875290563,0,Champions
1,0,0,0,13,0,0,1,0,1,0,0,0,0,0,0,0,29.15,357.15,0,1,1,0,378.95,14.575,0,0.47188538129360863,2,Fence Sitters
0,0,0,1,19,1,0,0,0,0,0,0,0,0,2,0,3,20.85,467.5,0,1,1,0,396.15,10.425,0,0.01394470680744049,2,Fence Sitters
1,0,1,0,60,0,0,1,1,1,0,1,0,0,2,0,2,37.7,2288.7,0,3,3,0,2262.0,9.425,0,0.019283961246965017,2,Fence Sitters
1,0,0,1,48,1,0,2,0,1,1,1,1,0,2,1,1,95.5,4627.85,1,2,5,0,4584.0,15.916666666666666,0,0.20576042664940553,0,Champions
0,1,0,0,3,1,1,2,0,0,1,0,1,0,0,0,0,91.05,289.1,1,0,3,1,273.15,22.7625,1,0.8385008677255654,1,At Risk
0,0,1,0,69,1,1,2,0,1,0,1,1,0,2,1,1,92.45,6460.55,0,3,4,0,6379.05,18.49,0,0.09085191191615742,0,Champions
0,0,0,0,43,0,0,1,0,0,1,1,0,1,1,0,0,44.15,1931.3,0,2,3,0,1898.45,11.0375,0,0.08794292038772952,2,Fence Sitters
1,0,0,1,11,0,0,1,1,0,0,1,0,0,1,1,1,36.05,402.6,0,0,2,1,396.55,12.016666666666666,0,0.07544320655907523,2,Fence Sitters
1,0,1,0,45,1,0,1,0,0,1,0,0,0,0,1,3,50.25,2221.55,0,2,2,0,2261.25,16.75,0,0.14115608076211525,2,Fence Sitters
0,0,1,0,72,1,1,2,0,1,1,1,1,1,2,1,3,109.75,7758.9,0,3,6,0,7902.0,15.678571428571429,0,0.1472084302525008,0,Champions
1,1,1,0,2,1,1,2,0,0,1,0,0,0,0,0,0,79.2,172.85,1,0,2,1,158.4,26.4,1,0.786401082650107,1,At Risk
1,0,1,1,12,1,0,0,0,0,0,0,0,0,2,0,2,20.3,224.5,0,0,1,1,243.6,10.15,0,0.020900591813937906,2,Fence Sitters
1,0,1,1,67,1,1,2,0,1,1,1,1,1,1,1,3,112.35,7388.45,0,3,6,0,7527.45,16.05,0,0.11410121558999538,0,Champions
0,0,1,0,37,1,1,2,0,0,1,1,1,0,2,0,1,94.3,3460.95,0,2,4,0,3489.1,18.86,0,0.10613288276777925,0,Champions
1,0,0,0,39,0,0,1,1,1,0,1,0,0,1,0,2,41.15,1700.9,0,2,3,0,1604.85,10.2875,0,0.10203578854909993,2,Fence Sitters
1,0,0,0,41,1,1,1,1,0,1,1,0,1,0,1,2,74.65,3090.65,0,2,5,0,3060.65,12.441666666666668,0,0.10191280652515351,0,Champions
1,0,0,0,25,0,0,1,0,0,1,0,1,1,0,1,0,48.25,1293.8,0,2,3,0,1206.25,12.0625,0,0.5813620821460952,1,At Risk
0,0,1,1,8,1,1,1,1,1,0,1,0,1,2,1,3,76.15,645.8,0,0,5,1,609.2,12.691666666666668,0,0.017539431533097415,0,Champions
1,0,1,1,71,1,1,1,1,1,1,1,0,0,2,0,1,71.1,5224.95,0,3,5,0,5048.099999999999,11.85,0,0.007801706908959025,0,Champions
0,0,0,0,5,1,1,2,0,1,1,0,0,1,0,0,0,96.55,500.1,0,0,4,1,482.75,19.31,1,0.8438629695281842,1,At Risk
1,0,0,0,30,1,1,1,1,0,1,0,1,1,1,1,3,79.3,2427.1,0,2,5,0,2379.0,13.216666666666669,0,0.06593099991301009,0,Champions
0,0,0,0,40,1,0,2,0,1,0,1,0,1,1,1,3,89.6,3488.15,0,2,4,0,3584.0,17.919999999999998,0,0.09245806470649164,0,Champions
1,0,0,0,54,1,0,0,0,0,0,0,0,0,2,1,1,20.5,1035.7,0,3,1,0,1107.0,10.25,0,0.01949119170213201,2,Fence Sitters
0,0,1,0,72,1,1,2,0,1,1,0,1,1,2,1,2,106.3,7565.35,0,3,5,0,7653.599999999999,17.716666666666665,0,0.20425214727514102,0,Champions
0,0,1,1,28,1,0,2,0,1,1,0,1,1,1,0,2,100.35,2799.0,0,2,5,0,2809.8,16.724999999999998,0,0.35110202756160847,0,Champions
0,0,1,1,18,1,0,2,0,0,0,1,0,1,0,1,0,85.6,1601.5,0,1,3,0,1540.8,21.4,0,0.3812873924159694,1,At Risk
1,0,0,0,2,0,0,1,0,0,0,0,1,1,0,1,0,45.25,85.5,1,0,2,1,90.5,15.083333333333334,1,0.8286284690611585,1,At Risk
1,0,1,1,59,1,1,2,0,1,1,0,1,1,1,1,0,106.15,6256.2,0,3,5,0,6262.85,17.691666666666666,0,0.1825814216100882,0,Champions
0,0,1,1,22,1,0,1,0,0,0,1,0,0,0,1,0,51.1,1232.9,0,1,2,0,1124.2,17.033333333333335,0,0.2152745421710311,2,Fence Sitters
1,0,0,0,1,1,0,0,0,0,0,0,0,0,0,0,1,19.9,19.9,0,0,1,1,19.9,9.95,1,0.6258745431276408,1,At Risk
1,1,1,0,72,1,1,0,0,0,0,0,0,0,2,1,3,25.7,1937.4,0,3,1,0,1850.4,12.85,0,0.005765110206754207,2,Fence Sitters
1,1,0,0,14,1,1,2,0,0,0,0,0,0,0,1,0,74.3,1096.25,1,1,1,0,1040.2,37.15,0,0.7451005437307487,1,At Risk
0,0,1,0,50,1,1,2,0,0,0,1,1,1,1,0,0,99.4,5059.75,0,3,4,0,4970.0,19.880000000000003,0,0.47907805681968196,0,Champions
1,0,1,1,48,1,0,1,1,0,1,1,1,0,1,0,2,69.7,3023.65,0,2,5,0,3345.6000000000004,11.616666666666667,0,0.04899942081448446,0,Champions
1,0,1,1,49,1,1,2,0,1,0,0,1,1,0,1,0,98.35,4889.2,0,3,4,0,4819.15,19.67,0,0.4982829344234492,0,Champions
0,0,1,1,28,1,0,2,0,0,1,0,1,0,0,0,0,85.45,2289.9,0,2,3,0,2392.6,21.3625,0,0.588246359342795,1,At Risk
0,1,0,0,68,1,1,2,0,1,1,0,0,1,0,1,0,95.9,6503.2,0,3,4,0,6521.200000000001,19.18,0,0.48704449517122606,0,Champions
0,0,0,0,13,1,1,2,0,0,0,1,1,1,0,0,0,100.75,1313.25,0,1,4,0,1309.75,20.15,0,0.6926404809600106,1,At Risk
1,0,0,0,11,1,1,2,0,0,1,0,1,0,0,1,0,89.2,990.3,0,0,3,1,981.2,22.3,1,0.8097066209938809,1,At Risk
1,0,1,0,3,1,1,2,0,0,0,0,0,0,0,1,3,74.1,228.0,1,0,1,1,222.3,37.05,1,0.754930346571097,1,At Risk
0,1,1,0,57,1,1,2,0,0,1,0,1,1,0,0,0,100.6,5746.15,1,3,4,0,5734.2,20.12,0,0.662244200003534,0,Champions
0,0,0,0,3,1,1,2,0,0,0,0,0,0,0,0,1,75.0,209.1,1,0,1,1,225.0,37.5,1,0.9073500236633738,1,At Risk
0,0,1,0,72,1,1,0,0,0,0,0,0,0,2,0,3,25.75,1864.2,0,3,1,0,1854.0,12.875,0,0.010113193345253256,2,Fence Sitters
0,0,1,1,70,1,1,1,0,1,1,1,1,1,2,1,0,84.1,5979.7,0,3,6,0,5887.0,12.014285714285714,0,0.05337621416791683,0,Champions
1,0,1,1,49,1,1,1,0,1,0,1,1,1,2,0,2,79.3,3902.45,0,3,5,0,3885.7,13.216666666666669,0,0.02685529884704963,0,Champions
1,1,1,0,67,1,1,2,1,0,1,0,1,1,1,1,3,107.05,7142.5,0,3,5,0,7172.349999999999,17.841666666666665,0,0.24707202860158511,0,Champions
0,0,0,0,46,1,0,0,0,0,0,0,0,0,2,0,2,20.05,902.0,0,2,1,0,922.3,10.025,0,0.0184095653055922,2,Fence Sitters
1,1,0,0,64,1,0,1,1,1,0,1,1,0,2,1,3,70.2,4481.0,1,3,5,0,4492.8,11.7,0,0.044199072028390386,0,Champions
1,0,1,0,37,1,0,0,0,0,0,0,0,0,0,0,2,19.5,805.2,0,2,1,0,721.5,9.75,0,0.12126254580994486,2,Fence Sitters
1,1,0,0,2,1,0,2,0,0,0,0,0,0,0,0,0,70.75,154.85,1,0,1,1,141.5,35.375,1,0.7722444550632386,1,At Risk
1,1,1,0,13,0,0,1,0,0,0,0,1,1,0,0,0,45.3,528.45,0,1,2,0,588.9,15.1,0,0.60133185657277,1,At Risk
1,0,1,0,72,1,1,2,1,1,1,1,1,1,2,0,0,115.15,8349.7,0,3,7,0,8290.800000000001,14.39375,0,0.02389247804790393,0,Champions
0,0,1,1,68,1,0,1,0,0,1,1,1,1,2,1,2,72.95,4953.25,0,3,5,0,4960.6,12.158333333333331,0,0.019549540964880197,0,Champions
0,0,1,1,15,1,0,0,0,0,0,0,0,0,1,0,1,19.65,332.65,0,1,1,0,294.75,9.825,0,0.04466821252900148,2,Fence Sitters
1,0,0,0,24,1,0,0,0,0,0,0,0,0,2,1,2,19.55,470.2,0,1,1,0,469.2000000000001,9.775,0,0.016200232076802924,2,Fence Sitters
1,0,0,0,24,1,1,2,0,0,0,1,0,1,0,1,0,89.55,2259.35,0,1,3,0,2149.2,22.3875,0,0.5152916096413991,1,At Risk
0,0,0,0,27,1,0,1,1,0,0,0,0,0,0,0,1,50.35,1411.35,0,2,2,0,1359.45,16.783333333333335,0,0.31433043447996856,2,Fence Sitters
0,0,0,0,12,1,0,1,0,0,0,1,0,0,0,0,2,50.25,593.75,1,0,2,1,603.0,16.75,1,0.3851883599852012,1,At Risk
1,0,1,1,71,1,0,1,1,1,1,1,1,1,2,0,3,87.25,6328.7,0,3,7,0,6194.75,10.90625,0,0.007809182784301526,0,Champions
0,0,1,1,67,1,0,0,0,0,0,0,0,0,2,1,1,20.8,1411.9,0,3,1,0,1393.6,10.4,0,0.004793238356186522,2,Fence Sitters
1,0,1,0,63,1,1,2,0,1,1,1,1,1,2,1,2,109.25,6841.4,0,3,6,0,6882.75,15.607142857142858,0,0.14257623631431837,0,Champions
0,0,0,0,1,1,0,0,0,0,0,0,0,0,0,0,1,20.35,20.35,0,0,1,1,20.35,10.175,1,0.578166032134635,1,At Risk
0,0,0,0,4,1,0,1,0,0,0,0,0,1,0,1,0,55.9,238.5,0,0,2,1,223.6,18.633333333333333,1,0.780511626323815,1,At Risk
1,1,0,0,40,1,0,2,1,1,0,0,0,0,0,1,3,79.2,3233.85,1,2,3,0,3168.0,19.8,0,0.30112722671223036,0,Champions
1,0,0,0,12,1,0,2,0,0,1,0,1,1,0,1,0,96.0,1062.1,1,0,4,1,1152.0,19.2,1,0.8778357204962843,1,At Risk
0,0,1,1,52,1,0,1,1,1,1,0,1,1,2,0,0,79.2,4016.3,0,3,6,0,4118.400000000001,11.314285714285717,0,0.030610562500660028,0,Champions
0,0,0,0,10,1,1,0,0,0,0,0,0,0,0,1,0,24.0,226.55,0,0,1,1,240.0,12.0,1,0.5014071413436303,2,Fence Sitters
0,0,0,0,68,1,1,2,1,1,1,0,1,0,1,0,2,101.35,7110.75,0,3,5,0,6891.799999999999,16.891666666666666,0,0.28532723354500245,0,Champions
1,0,0,0,54,1,1,2,0,0,0,1,1,1,0,1,0,100.1,5440.9,1,3,4,0,5405.4,20.02,0,0.7016081678719119,0,Champions
1,0,1,1,4,1,0,1,0,1,0,1,0,0,0,0,1,56.5,235.1,1,0,3,1,226.0,14.125,1,0.25899648280298576,1,At Risk
1,0,1,0,52,0,0,1,1,0,1,0,0,0,1,0,1,35.45,1958.95,0,3,2,0,1843.4,11.816666666666668,0,0.017758730382178112,2,Fence Sitters
1,1,0,0,1,1,0,2,0,0,1,0,0,1,0,1,0,85.0,85.0,1,0,3,1,85.0,21.25,1,0.9299186507738525,1,At Risk
0,0,1,0,70,1,1,1,1,1,1,1,1,0,1,0,2,79.4,5528.9,0,3,6,0,5558.0,11.342857142857143,0,0.1406839114712525,0,Champions
0,0,0,0,43,0,0,1,1,0,1,0,0,0,1,1,3,35.2,1463.7,0,2,2,0,1513.6,11.733333333333334,0,0.0361381819251635,2,Fence Sitters
0,0,0,0,52,1,0,0,0,0,0,0,0,0,2,0,1,19.65,1025.05,0,3,1,0,1021.8,9.825,0,0.018317466149703594,2,Fence Sitters
1,0,0,0,12,0,0,1,1,0,1,1,0,1,2,0,1,49.85,552.1,0,0,4,1,598.2,9.97,0,0.04648624666185788,2,Fence Sitters
1,0,1,1,56,1,1,1,1,1,0,0,0,1,1,0,2,68.75,3815.4,0,3,4,0,3850.0,13.75,0,0.02675931451339973,0,Champions
0,0,0,0,42,1,1,2,0,0,1,0,0,0,0,0,0,79.9,3313.4,0,2,2,0,3355.8,26.633333333333336,0,0.6646957765539512,1,At Risk
0,1,1,0,22,1,0,2,0,0,0,0,1,1,0,1,2,89.75,1938.9,0,1,3,0,1974.5,22.4375,0,0.5512522556948163,1,At Risk
0,0,1,1,51,0,0,1,1,1,1,0,1,1,1,0,0,59.3,3014.65,1,3,5,0,3024.3,9.883333333333333,0,0.2701952813710313,0,Champions
0,0,0,0,27,1,0,0,0,0,0,0,0,0,0,1,3,19.4,460.25,0,2,1,0,523.8,9.7,0,0.08178547755957985,2,Fence Sitters
0,1,1,0,51,1,1,2,1,0,1,0,0,1,1,1,2,93.65,4839.15,0,3,4,0,4776.150000000001,18.73,0,0.2365790006996582,0,Champions
0,0,0,1,4,1,0,1,1,0,0,0,0,0,0,1,0,49.4,184.4,1,0,2,1,197.6,16.466666666666665,1,0.5239495012062733,1,At Risk
0,0,0,0,1,1,0,0,0,0,0,0,0,0,0,1,1,19.9,19.9,0,0,1,1,19.9,9.95,1,0.6420904238726443,1,At Risk
0,0,0,0,35,1,0,1,0,0,0,0,1,0,0,0,1,55.0,2010.55,1,2,2,0,1925.0,18.33333333333333,0,0.6330209954473732,1,At Risk
0,1,1,1,71,1,1,1,0,1,1,1,0,1,1,1,2,72.9,5139.65,0,3,5,0,5175.900000000001,12.15,0,0.07461048201120175,0,Champions
1,0,0,0,1,1,0,2,0,0,0,0,0,0,0,1,0,69.2,69.2,1,0,1,1,69.2,34.6,1,0.9374850791110494,1,At Risk
1,0,1,1,69,1,1,0,0,0,0,0,0,0,2,1,2,25.6,1673.4,0,3,1,0,1766.4,12.8,0,0.0063170655900302635,2,Fence Sitters
0,0,1,1,14,1,0,0,0,0,0,0,0,0,1,0,1,19.75,309.35,0,1,1,0,276.5,9.875,0,0.051924442028712346,2,Fence Sitters
0,0,1,0,57,1,0,1,1,0,0,1,0,0,0,0,0,55.7,3171.6,0,3,3,0,3174.9,13.925,0,0.1565074786292083,0,Champions
1,0,1,1,72,1,1,2,1,1,1,1,1,1,2,0,3,117.5,8670.1,0,3,7,0,8460.0,14.6875,0,0.012707303986632624,0,Champions
0,0,0,0,48,1,0,0,0,0,0,0,0,0,2,0,3,19.85,916.0,0,2,1,0,952.8,9.925,0,0.015481696661834599,2,Fence Sitters
1,0,1,1,4,1,0,2,0,0,0,0,1,0,0,1,1,78.9,299.75,0,0,2,1,315.6,26.3,1,0.8145227276020854,1,At Risk
0,0,1,1,31,1,0,0,0,0,0,0,0,0,0,1,0,20.65,702.05,0,2,1,0,640.15,10.325,0,0.08698155877015491,2,Fence Sitters
0,0,0,0,38,1,0,1,0,0,1,1,0,1,1,1,1,62.3,2354.8,1,2,4,0,2367.4,12.46,0,0.06369177444107989,0,Champions
0,1,1,0,37,1,1,2,0,0,0,0,1,1,0,1,0,92.5,3473.4,1,2,3,0,3422.5,23.125,0,0.7051573488202764,1,At Risk
1,0,0,0,1,1,0,0,0,0,0,0,0,0,0,0,1,19.65,19.65,0,0,1,1,19.65,9.825,1,0.6258745431276408,1,At Risk
0,1,0,0,57,1,1,1,0,1,1,0,1,1,2,1,2,79.75,4438.2,0,3,5,0,4545.75,13.291666666666666,0,0.06602344469524202,0,Champions
1,1,1,0,62,1,0,1,1,0,1,1,1,1,2,1,3,79.95,4819.75,0,3,6,0,4956.900000000001,11.421428571428573,0,0.01434447038845966,0,Champions
0,0,1,0,3,0,0,1,0,0,0,1,0,0,0,1,0,29.9,92.25,0,0,1,1,89.69999999999999,14.95,1,0.5243211719280577,1,At Risk
1,0,0,1,72,1,0,0,0,0,0,0,0,0,2,1,1,19.75,1567.0,0,3,1,0,1422.0,9.875,0,0.007962465093483858,2,Fence Sitters
0,0,0,1,29,0,0,1,1,1,1,1,0,0,0,1,1,45.0,1242.45,0,2,4,0,1305.0,9.0,0,0.10509181123403956,2,Fence Sitters
0,0,1,1,13,1,0,1,0,0,0,0,0,0,0,0,2,44.8,559.2,0,1,1,0,582.4,22.4,0,0.22951995590725038,2,Fence Sitters
0,0,0,1,3,1,0,2,0,0,0,0,0,0,0,0,0,69.65,220.1,1,0,1,1,208.95,34.825,1,0.8577482971218803,1,At Risk
1,0,0,0,11,1,0,1,0,1,0,0,0,0,0,0,0,51.1,531.15,0,0,2,1,562.1,17.033333333333335,1,0.2612836397255694,2,Fence Sitters
1,0,0,1,21,0,0,1,1,1,1,1,1,0,2,0,1,53.15,1183.2,0,1,5,0,1116.15,8.858333333333333,0,0.025915154934984443,0,Champions
1,0,0,0,19,1,1,0,0,0,0,0,0,0,0,0,2,24.7,465.85,0,1,1,0,469.3,12.35,0,0.2008868686595782,2,Fence Sitters
0,0,0,0,61,1,1,2,1,0,1,1,1,1,2,1,3,111.6,6876.05,1,3,6,0,6807.599999999999,15.94285714285714,0,0.22559493658743865,0,Champions
1,0,0,0,11,1,0,1,1,0,0,0,0,0,0,0,3,48.55,501.0,1,0,2,1,534.05,16.183333333333334,1,0.3181355598933506,2,Fence Sitters
0,0,1,1,35,1,1,2,0,1,1,1,1,1,0,1,0,109.95,3782.4,0,2,6,0,3848.25,15.707142857142856,0,0.42002123652259504,0,Champions
0,0,0,1,25,1,0,0,0,0,0,0,0,0,0,0,1,20.8,460.2,0,2,1,0,520.0,10.4,0,0.07214775653772776,2,Fence Sitters
1,0,0,0,1,1,0,0,0,0,0,0,0,0,0,1,1,20.2,20.2,1,0,1,1,20.2,10.1,1,0.653554462817994,1,At Risk
1,0,0,0,67,1,1,0,0,0,0,0,0,0,2,1,2,25.6,1790.35,0,3,1,0,1715.2,12.8,0,0.011328482256810409,2,Fence Sitters
0,0,0,0,19,0,0,1,0,0,1,0,1,0,0,1,0,39.65,733.35,1,1,2,0,753.35,13.216666666666669,0,0.825708296880999,1,At Risk
0,0,0,0,56,1,1,0,0,0,0,0,0,0,1,0,0,24.9,1334.0,1,3,1,0,1394.4,12.45,0,0.12741133622126954,2,Fence Sitters
0,0,1,1,72,1,1,2,1,1,1,0,1,1,2,1,3,108.4,7767.25,0,3,6,0,7804.8,15.485714285714286,0,0.03234322114298786,0,Champions
0,0,0,0,43,1,0,0,0,0,0,0,0,0,2,0,1,19.55,876.15,0,2,1,0,840.65,9.775,0,0.01862416300731951,2,Fence Sitters
1,0,1,1,55,1,1,2,1,1,0,0,0,0,0,1,0,85.1,4600.95,0,3,3,0,4680.5,21.275,0,0.0975255950759913,0,Champions
0,0,1,1,2,1,1,1,1,0,0,0,0,0,0,0,1,56.7,113.55,1,0,2,1,113.4,18.9,1,0.5620297711321534,1,At Risk
0,0,0,0,27,1,0,2,0,0,0,0,0,0,0,1,1,69.05,1793.25,0,2,1,0,1864.35,34.525,0,0.7349218888886718,1,At Risk
1,0,0,0,13,1,0,2,0,0,0,0,0,0,0,1,1,70.15,886.7,0,1,1,0,911.95,35.075,0,0.5969889460716282,1,At Risk
1,0,0,0,70,1,1,2,1,1,1,0,1,1,2,1,1,111.15,7737.55,0,3,6,0,7780.5,15.87857142857143,0,0.19053562242727504,0,Champions
1,0,1,0,14,1,0,2,1,1,0,1,1,1,1,0,1,105.95,1348.9,1,1,6,0,1483.3,15.135714285714286,0,0.3240530157582748,0,Champions
1,0,1,1,19,1,1,2,0,0,0,1,0,1,1,1,2,89.35,1686.85,0,1,3,0,1697.65,22.3375,0,0.11136226790678985,0,Champions
1,0,0,0,20,1,1,2,1,0,0,0,1,0,0,1,2,89.1,1879.25,0,1,3,0,1782.0,22.275,0,0.3621755910469627,1,At Risk
0,0,1,1,43,1,1,2,1,0,1,1,0,0,1,1,3,91.25,4013.8,0,2,4,0,3923.75,18.25,0,0.10794605759896116,0,Champions
0,0,1,1,5,1,0,2,1,0,1,0,0,1,0,1,1,90.35,434.5,0,0,4,1,451.75,18.07,1,0.47163062432415953,1,At Risk
1,1,1,0,70,1,1,2,0,1,0,1,1,1,1,1,2,105.55,7195.35,0,3,5,0,7388.5,17.591666666666665,0,0.1664701150560947,0,Champions
1,0,1,0,40,1,0,0,0,0,0,0,0,0,2,0,1,19.1,780.1,0,2,1,0,764.0,9.55,0,0.011835161429643817,2,Fence Sitters
0,0,1,1,6,1,0,0,0,0,0,0,0,0,2,1,3,20.4,107.6,0,0,1,1,122.4,10.2,0,0.015122895591346067,2,Fence Sitters
0,0,0,0,39,1,0,2,1,0,1,0,1,1,2,1,0,100.45,3801.7,0,2,5,0,3917.55,16.741666666666667,0,0.1349754951694175,0,Champions
0,1,1,0,4,1,1,2,0,0,0,0,0,0,0,0,0,74.95,308.7,1,0,1,1,299.8,37.475,1,0.8620841860636195,1,At Risk
0,0,0,0,15,0,0,1,0,0,0,1,0,0,0,1,0,29.7,438.25,1,1,1,0,445.5,14.85,0,0.6418199147012336,1,At Risk
0,0,1,0,1,0,0,1,0,0,1,0,1,1,0,1,0,50.35,50.35,1,0,3,1,50.35,12.5875,1,0.8702494908257004,1,At Risk
1,1,0,0,45,1,0,2,1,1,0,1,0,0,0,1,2,85.7,3778.1,0,2,4,0,3856.5,17.14,0,0.1473624498115533,0,Champions
1,0,1,0,64,0,0,1,1,0,1,1,0,1,2,0,0,47.85,3147.5,1,3,4,0,3062.4,9.57,0,0.0877547920083517,0,Champions
1,1,1,0,57,1,1,2,0,1,1,0,0,1,0,0,3,94.0,5438.95,0,3,4,0,5358.0,18.8,0,0.33753784648216695,0,Champions
0,0,1,1,72,1,1,1,1,1,1,1,0,0,2,0,2,69.85,5102.35,0,3,5,0,5029.2,11.641666666666666,0,0.007703197674967876,0,Champions
0,0,0,0,1,1,0,2,0,0,0,0,0,0,0,1,0,70.3,70.3,1,0,1,1,70.3,35.15,1,0.9210450103318375,1,At Risk
0,0,1,0,72,1,1,0,0,0,0,0,0,0,2,0,3,25.85,1872.2,0,3,1,0,1861.2,12.925,0,0.0105620689647339,2,Fence Sitters
1,0,0,0,3,1,0,1,1,1,0,1,0,1,2,0,1,71.1,213.35,0,0,5,1,213.3,11.85,0,0.02458470188438961,0,Champions
0,1,0,0,55,1,1,2,1,0,0,0,1,1,0,1,0,98.8,5617.75,1,3,4,0,5434.0,19.76,0,0.6263589620624437,0,Champions
1,0,1,0,59,1,1,2,0,0,1,1,1,0,0,0,0,93.35,5386.5,0,3,4,0,5507.65,18.67,0,0.4189149769289,0,Champions
1,0,0,0,18,1,1,2,0,0,0,1,1,1,0,1,2,99.85,1776.95,1,1,4,0,1797.3,19.97,0,0.7459703167257711,1,At Risk
0,1,1,0,32,1,0,2,0,0,0,0,0,1,0,1,3,80.3,2483.05,1,2,2,0,2569.6,26.766666666666666,0,0.4372816771021992,1,At Risk
1,0,0,0,4,1,0,1,1,0,0,0,0,0,0,1,2,50.55,235.65,0,0,2,1,202.2,16.849999999999998,1,0.3028720846352822,1,At Risk
1,1,0,0,66,1,1,2,0,1,0,0,0,0,0,1,3,80.45,5224.35,1,3,2,0,5309.7,26.816666666666663,0,0.4051460998601818,0,Champions
0,0,0,0,27,1,1,2,0,0,1,0,0,0,0,1,0,81.3,2272.8,0,2,2,0,2195.1,27.1,0,0.631394679761306,1,At Risk
0,0,0,0,4,1,0,0,0,0,0,0,0,0,0,1,3,20.7,83.75,0,0,1,1,82.8,10.35,1,0.15772650849641093,2,Fence Sitters
0,0,1,1,60,1,0,1,1,1,0,1,1,1,0,1,3,79.05,4663.4,0,3,6,0,4743.0,11.292857142857144,0,0.13215010204494906,0,Champions
1,0,1,1,8,1,0,0,0,0,0,0,0,0,2,0,1,19.05,201.7,0,0,1,1,152.4,9.525,0,0.016228365171124023,2,Fence Sitters
0,0,1,1,8,1,0,0,0,0,0,0,0,0,2,0,3,19.6,125.0,0,0,1,1,156.8,9.8,0,0.01849654051774435,2,Fence Sitters
0,0,0,0,35,1,0,0,0,0,0,0,0,0,2,1,1,20.2,684.4,0,2,1,0,707.0,10.1,0,0.01723228602705809,2,Fence Sitters
0,0,0,0,7,1,1,2,0,0,0,0,0,1,0,1,0,86.8,620.35,1,0,2,1,607.6,28.933333333333334,1,0.9180000169450452,1,At Risk
1,0,1,1,53,1,0,0,0,0,0,0,0,0,2,0,1,20.9,1146.05,0,3,1,0,1107.6999999999998,10.45,0,0.014040524667432408,2,Fence Sitters
1,1,0,0,18,1,1,2,0,1,0,1,1,1,0,1,3,103.6,1806.35,0,1,5,0,1864.8,17.266666666666666,0,0.48111244010485393,0,Champions
1,0,0,0,15,0,0,1,0,1,0,0,0,1,2,1,1,38.8,603.0,0,1,2,0,582.0,12.933333333333332,0,0.04108091911462117,2,Fence Sitters
0,0,1,0,67,1,1,2,0,1,0,0,1,0,1,1,2,88.4,5798.3,0,3,3,0,5922.8,22.1,0,0.29779938317554994,0,Champions
0,1,1,0,6,1,0,2,0,1,0,0,0,1,0,1,0,84.2,519.15,1,0,3,1,505.2000000000001,21.05,1,0.7880544867106563,1,At Risk
0,1,0,0,6,1,0,2,0,0,0,0,1,0,0,1,0,79.7,497.6,0,0,2,1,478.2000000000001,26.566666666666663,1,0.884947879800664,1,At Risk
0,0,0,0,13,1,1,2,0,0,0,1,1,1,0,1,1,99.0,1301.7,1,1,4,0,1287.0,19.8,0,0.8061748923741585,1,At Risk
1,0,0,0,11,1,1,2,0,0,1,0,1,1,0,1,0,100.75,1129.75,1,0,4,1,1108.25,20.15,1,0.8189865301858157,1,At Risk
0,0,0,1,1,1,0,0,0,0,0,0,0,0,0,1,1,19.3,19.3,0,0,1,1,19.3,9.65,1,0.43839449029129574,2,Fence Sitters
0,0,0,0,5,1,0,1,1,0,0,1,0,0,0,1,1,55.75,266.95,0,0,3,1,278.75,13.9375,1,0.2836495589387009,1,At Risk
0,0,0,0,13,1,0,0,0,0,0,0,0,0,1,1,1,19.95,257.0,0,1,1,0,259.35,9.975,0,0.05608004626343734,2,Fence Sitters
1,0,1,0,9,1,1,2,1,1,1,0,0,0,0,0,2,91.75,865.8,1,0,4,1,825.75,18.35,1,0.6692589921720554,1,At Risk
0,0,0,0,29,1,0,2,0,1,0,1,1,0,0,0,1,89.65,2623.65,0,2,4,0,2599.8500000000004,17.93,0,0.2715927967501157,0,Champions
0,1,0,0,1,1,0,1,0,0,0,0,0,0,0,1,1,45.85,45.85,0,0,1,1,45.85,22.925,1,0.8526461779073417,1,At Risk
1,0,0,0,1,1,1,2,0,0,1,0,0,0,0,1,1,79.55,79.55,1,0,2,1,79.55,26.516666666666666,1,0.9054560637855489,1,At Risk
1,0,1,1,18,1,0,1,0,0,0,0,1,0,0,0,1,55.95,1082.8,0,1,2,0,1007.1,18.65,0,0.23703513026773732,2,Fence Sitters
1,0,1,0,2,1,0,1,0,0,1,0,1,1,0,0,3,69.0,147.8,0,0,4,1,138.0,13.8,1,0.33050113346567983,1,At Risk
0,0,1,1,30,1,1,2,0,1,0,1,0,0,0,1,2,83.55,2570.2,0,2,3,0,2506.5,20.8875,0,0.28755118980077793,0,Champions
0,0,0,1,66,1,1,1,1,1,0,1,0,0,2,0,2,65.7,4378.9,0,3,4,0,4336.2,13.14,0,0.013461806174934648,0,Champions
0,0,1,1,38,1,1,2,0,0,1,1,1,0,2,1,2,94.9,3616.25,0,2,4,0,3606.2,18.98,0,0.06793470721297554,0,Champions
0,0,1,1,44,1,0,1,0,1,1,1,0,0,0,1,1,61.9,2924.05,0,2,4,0,2723.6,12.38,0,0.1033941682883063,0,Champions
1,0,0,0,54,1,1,2,0,1,1,1,1,1,0,0,0,111.1,6014.85,1,3,6,0,5999.4,15.87142857142857,0,0.4812595993973674,0,Champions
0,0,0,0,2,1,0,0,0,0,0,0,0,0,0,0,1,20.0,32.7,0,0,1,1,40.0,10.0,1,0.32883141267790705,2,Fence Sitters
1,0,0,0,42,1,0,1,1,1,0,1,0,1,1,1,1,67.7,2882.25,0,2,5,0,2843.4,11.283333333333331,0,0.08047709388803302,0,Champions
1,0,1,1,58,1,1,0,0,0,0,0,0,0,2,0,3,25.15,1509.9,0,3,1,0,1458.6999999999998,12.575,0,0.008022227447343003,2,Fence Sitters
0,0,1,1,58,1,0,2,0,1,0,0,1,1,0,1,0,92.85,5305.05,0,3,4,0,5385.299999999999,18.57,0,0.3659261721187797,0,Champions
1,0,1,1,25,1,1,2,0,0,1,0,0,1,0,1,0,89.1,2368.4,1,2,3,0,2227.5,22.275,0,0.46320038207631514,1,At Risk
1,0,0,0,71,1,1,2,1,1,1,1,1,1,2,0,1,111.3,7985.9,0,3,7,0,7902.3,13.9125,0,0.03502615953281834,0,Champions
1,0,0,0,37,1,1,2,0,1,1,0,1,1,0,1,2,101.9,3545.35,1,2,5,0,3770.3,16.983333333333334,0,0.6107832257288879,0,Champions
1,0,1,1,14,1,1,2,0,0,0,1,1,0,0,1,0,91.65,1301.0,1,1,3,0,1283.1,22.9125,0,0.685881609058609,1,At Risk
1,1,0,0,4,1,1,2,0,0,1,0,0,1,0,1,0,88.85,372.45,1,0,3,1,355.4,22.2125,1,0.8483490105454401,1,At Risk
1,0,1,0,48,1,1,1,1,0,0,1,0,0,1,1,2,60.6,2985.25,0,2,3,0,2908.8,15.15,0,0.06352989581396819,0,Champions
1,1,0,0,3,0,0,1,0,0,0,0,0,0,0,0,0,25.3,77.75,1,0,0,1,75.9,25.3,1,0.7781886326119266,1,At Risk
1,0,1,0,8,1,0,1,1,0,0,1,0,1,2,0,1,65.5,564.35,0,0,4,1,524.0,13.1,0,0.020861104344470284,2,Fence Sitters
0,0,0,0,1,1,1,2,0,0,0,0,1,1,0,1,0,95.45,95.45,1,0,3,1,95.45,23.8625,1,0.9526477750135709,1,At Risk
0,0,0,0,67,1,0,0,0,0,0,0,0,0,2,0,2,19.95,1311.75,0,3,1,0,1336.65,9.975,0,0.01224207316176582,2,Fence Sitters
0,0,0,0,13,1,0,2,0,0,0,0,1,1,0,1,0,91.1,1135.7,1,1,3,0,1184.3,22.775,0,0.8959937392930526,1,At Risk
1,0,1,1,45,1,0,1,0,1,0,1,0,0,1,1,3,54.15,2319.8,1,2,3,0,2436.75,13.5375,0,0.06400124935472123,2,Fence Sitters
0,0,0,0,49,1,1,2,0,0,0,0,0,0,0,1,2,74.6,3720.35,0,3,1,0,3655.4,37.3,0,0.5358114492529608,1,At Risk
1,0,1,0,52,1,1,2,0,1,1,0,1,0,0,0,2,94.6,5025.8,0,3,4,0,4919.2,18.92,0,0.3852087997579865,0,Champions
1,0,1,0,63,1,0,2,1,0,1,0,0,0,1,1,3,81.15,5224.5,0,3,3,0,5112.450000000001,20.2875,0,0.04905639163186551,0,Champions
1,0,1,1,68,1,1,1,1,1,1,1,1,1,2,1,2,89.05,6185.8,0,3,7,0,6055.4,11.13125,0,0.019305859726473754,0,Champions
1,0,1,0,31,1,0,1,0,0,0,1,0,0,0,1,1,49.2,1498.55,0,2,2,0,1525.2,16.400000000000002,0,0.13092933121744768,2,Fence Sitters
1,0,1,0,64,1,0,0,0,0,0,0,0,0,2,0,3,19.45,1208.6,0,3,1,0,1244.8,9.725,0,0.013780046443353932,2,Fence Sitters
1,0,1,0,62,1,0,2,1,0,1,1,1,1,1,1,0,104.3,6613.65,0,3,6,0,6466.599999999999,14.9,0,0.2509445579229453,0,Champions
1,0,0,0,1,1,0,2,0,0,0,0,0,0,0,0,2,69.7,69.7,1,0,1,1,69.7,34.85,1,0.8913408588313366,1,At Risk
1,0,0,0,6,1,0,2,0,0,0,0,1,1,0,1,0,89.5,573.3,1,0,3,1,537.0,22.375,1,0.8646309656730136,1,At Risk
1,0,1,0,21,1,0,2,0,0,0,1,1,0,0,1,0,86.05,1818.9,0,1,3,0,1807.05,21.5125,0,0.4054391777904974,1,At Risk
1,0,1,1,72,1,1,0,0,0,0,0,0,0,2,0,2,25.2,1787.35,0,3,1,0,1814.4,12.6,0,0.005676872370990484,2,Fence Sitters
1,0,1,1,32,0,0,1,1,1,0,0,0,0,0,1,0,35.15,1051.05,0,2,2,0,1124.8,11.716666666666669,0,0.11175860086254447,2,Fence Sitters
1,1,0,0,71,1,1,2,1,1,0,1,1,0,1,1,3,99.65,7181.25,0,3,5,0,7075.150000000001,16.608333333333334,0,0.07824360397811686,0,Champions
1,0,0,1,34,1,0,2,1,1,1,0,1,1,0,1,2,105.35,3688.6,0,2,6,0,3581.9,15.05,0,0.1754117649528758,0,Champions
0,0,1,0,3,0,0,1,0,0,0,0,0,1,0,1,0,35.15,99.75,1,0,1,1,105.45,17.575,1,0.8470467398352447,1,At Risk
0,0,0,1,12,1,1,2,0,0,0,0,0,0,0,1,3,73.75,871.4,1,0,1,1,885.0,36.875,1,0.5580814835562226,1,At Risk
1,1,0,0,8,1,1,2,0,0,1,0,1,1,0,0,0,101.35,780.5,1,0,4,1,810.8,20.27,1,0.8541660317805444,1,At Risk
1,0,1,1,35,1,1,0,0,0,0,0,0,0,2,0,2,24.3,821.6,0,2,1,0,850.5,12.15,0,0.01993039723135446,2,Fence Sitters
1,0,1,1,3,1,0,2,0,0,0,0,1,0,0,1,0,80.7,239.45,0,0,2,1,242.1,26.9,1,0.7435624664098431,1,At Risk
0,0,0,0,3,1,0,2,0,0,1,1,1,0,0,1,1,89.85,244.45,0,0,4,1,269.54999999999995,17.97,1,0.6509282920895683,1,At Risk
0,0,0,0,53,1,0,1,0,0,1,0,0,1,1,1,0,61.1,3357.9,0,3,3,0,3238.3,15.275,0,0.25802363404198564,0,Champions
1,0,1,0,4,0,0,1,1,0,0,0,0,0,0,1,0,29.05,129.6,0,0,1,1,116.2,14.525,1,0.5336614492115264,1,At Risk
1,0,1,1,48,1,0,2,1,0,1,0,1,1,1,1,2,99.7,4977.2,0,2,5,0,4785.6,16.616666666666667,0,0.20508603732876568,0,Champions
1,0,1,1,6,1,0,1,1,1,0,0,0,0,0,0,3,55.9,365.35,1,0,3,1,335.4,13.975,1,0.08859713682148865,2,Fence Sitters
0,1,1,0,3,1,1,2,0,1,1,0,1,1,0,1,0,105.9,334.65,1,0,5,1,317.70000000000005,17.650000000000002,1,0.8884189768614207,1,At Risk
0,0,1,1,54,0,0,1,0,0,1,1,0,1,2,0,3,46.0,2424.05,0,3,3,0,2484.0,11.5,0,0.012915003390757313,2,Fence Sitters
1,0,0,0,1,1,0,1,0,0,0,0,0,0,0,0,1,43.95,43.95,1,0,1,1,43.95,21.975,1,0.6756519359525568,1,At Risk
0,0,0,0,62,1,0,1,0,1,1,1,1,1,0,1,2,80.4,4981.15,0,3,6,0,4984.8,11.485714285714286,0,0.1571318062609137,0,Champions
0,0,1,1,22,1,0,2,0,1,1,0,1,1,1,1,1,100.05,2090.25,0,1,5,0,2201.1,16.675,0,0.3242075727259108,0,Champions
0,0,0,0,1,1,0,1,0,0,0,0,0,0,0,1,2,45.1,45.1,1,0,1,1,45.1,22.55,1,0.7494489207150425,1,At Risk
0,1,0,0,51,1,0,2,0,0,1,0,1,1,1,1,2,94.0,4905.75,0,3,4,0,4794.0,18.8,0,0.47204397148808375,0,Champions
1,0,0,0,30,1,1,1,0,1,1,0,1,0,1,1,3,68.95,2038.7,0,2,4,0,2068.5,13.79,0,0.06471342582388939,0,Champions
1,1,1,0,56,1,1,1,1,1,1,1,0,0,1,1,3,68.45,4014.0,0,3,5,0,3833.2,11.408333333333331,0,0.039714159018471785,0,Champions
0,0,1,0,35,1,1,1,0,1,0,1,1,0,1,1,0,69.0,2441.7,0,2,4,0,2415.0,13.8,0,0.1336840010948195,0,Champions
1,1,0,0,64,0,0,1,0,1,0,1,1,0,0,1,0,43.85,2751.0,0,3,3,0,2806.4,10.9625,0,0.16941859608731577,2,Fence Sitters
0,0,0,1,30,0,0,1,0,0,0,0,1,1,0,1,0,44.5,1307.8,0,2,2,0,1335.0,14.833333333333334,0,0.5243883583950271,1,At Risk
1,0,1,1,25,1,0,0,0,0,0,0,0,0,2,1,1,18.7,383.65,0,2,1,0,467.5,9.35,0,0.012006336162595726,2,Fence Sitters
1,0,0,0,41,1,0,2,0,0,0,0,0,0,0,0,2,70.25,2868.05,1,2,1,0,2880.25,35.125,0,0.48409055553846253,1,At Risk
0,0,0,1,9,1,0,1,0,0,0,0,1,0,0,0,0,55.35,449.75,1,0,2,1,498.15,18.45,1,0.6097870045208678,1,At Risk
1,0,1,0,1,1,0,1,1,1,0,0,0,0,0,1,1,53.55,53.55,0,0,3,1,53.55,13.3875,1,0.5906480979128916,1,At Risk
0,0,0,1,70,1,1,2,1,1,1,1,1,1,2,1,0,114.6,7882.5,0,3,7,0,8022.0,14.325,0,0.10214569879507411,0,Champions
1,0,1,1,57,1,0,0,0,0,0,0,0,0,2,1,2,20.1,1087.7,0,3,1,0,1145.7,10.05,0,0.012955477534842809,2,Fence Sitters
0,0,0,0,9,1,1,2,0,0,0,0,1,0,0,1,0,85.5,791.7,0,0,2,1,769.5,28.5,1,0.9225241820717324,1,At Risk
1,0,1,1,69,1,1,2,0,1,1,1,1,1,1,1,2,108.75,7493.05,0,3,6,0,7503.75,15.535714285714286,0,0.1320556671458947,0,Champions
0,1,1,0,43,1,1,2,0,1,1,0,1,1,0,1,0,103.0,4414.3,1,2,5,0,4429.0,17.166666666666668,0,0.7723005166690191,0,Champions
1,0,1,0,72,1,1,2,0,0,1,0,1,1,2,1,0,97.85,6841.3,0,3,4,0,7045.2,19.57,0,0.07638141659282992,0,Champions
0,0,0,1,44,1,0,0,0,0,0,0,0,0,2,0,2,19.55,819.95,0,2,1,0,860.2,9.775,0,0.0157031606328764,2,Fence Sitters
1,0,1,0,72,1,1,2,1,1,0,0,0,0,2,1,2,84.05,6052.25,0,3,3,0,6051.599999999999,21.0125,0,0.006827607557709607,0,Champions
1,0,1,0,33,1,0,2,1,0,1,1,1,1,1,1,0,103.75,3361.05,1,2,6,0,3423.75,14.821428571428571,0,0.31411842414639135,0,Champions
0,0,0,0,54,1,1,2,0,0,1,0,0,1,0,0,3,89.4,4869.5,0,3,3,0,4827.6,22.35,0,0.4641427844599323,0,Champions
0,0,0,1,27,1,0,0,0,0,0,0,0,0,2,0,3,19.7,509.3,0,2,1,0,531.9,9.85,0,0.01280354910831025,2,Fence Sitters
0,0,0,0,54,1,1,2,0,1,0,0,0,0,0,1,2,79.85,4308.25,0,3,2,0,4311.9,26.616666666666664,0,0.5970029305168653,1,At Risk
0,0,0,0,3,1,0,2,0,1,0,0,0,0,0,0,3,74.45,221.1,0,0,2,1,223.35,24.816666666666663,1,0.5469326570868768,1,At Risk
1,0,1,0,53,1,1,1,1,1,1,0,0,1,1,0,2,74.1,3833.95,0,3,5,0,3927.3,12.35,0,0.07420613317013225,0,Champions
0,0,0,0,1,1,0,2,0,0,0,0,0,0,0,1,0,69.35,69.35,1,0,1,1,69.35,34.675,1,0.9340827549117731,1,At Risk
0,0,1,0,15,1,0,0,0,0,0,0,0,0,1,0,1,18.8,294.95,0,1,1,0,282.0,9.4,0,0.03431259168144704,2,Fence Sitters
1,0,0,0,56,1,0,2,0,1,0,0,0,0,0,1,0,73.85,4092.85,1,3,2,0,4135.599999999999,24.616666666666664,0,0.5446527436480869,1,At Risk
0,0,1,1,5,1,1,1,1,1,0,1,0,0,0,0,3,64.4,316.9,0,0,4,1,322.0,12.88,1,0.07201257316188842,2,Fence Sitters
0,0,1,1,48,1,0,1,0,1,1,0,0,0,1,1,3,55.8,2651.2,0,2,3,0,2678.4,13.95,0,0.10530556287892144,2,Fence Sitters
1,0,0,1,25,1,0,0,0,0,0,0,0,0,0,0,3,20.05,471.7,0,2,1,0,501.25,10.025,0,0.06023931919319817,2,Fence Sitters
1,0,1,0,3,1,1,2,0,0,0,0,0,0,0,1,3,75.15,216.75,1,0,1,1,225.45,37.575,1,0.754930346571097,1,At Risk
0,0,0,0,58,1,0,2,1,1,0,0,1,1,1,0,2,99.15,5720.95,0,3,5,0,5750.700000000001,16.525000000000002,0,0.3456375448662026,0,Champions
0,0,0,0,10,1,0,1,0,0,0,0,0,1,0,1,2,56.75,503.25,0,0,2,1,567.5,18.916666666666668,1,0.5562240081560553,1,At Risk
0,0,0,0,1,1,0,2,0,0,0,0,0,0,0,1,0,69.6,69.6,1,0,1,1,69.6,34.8,1,0.9401751550555026,1,At Risk
0,0,1,0,71,1,1,2,0,1,0,1,1,1,2,1,3,104.15,7365.3,0,3,5,0,7394.650000000001,17.358333333333334,0,0.1636919202538106,0,Champions
1,0,1,1,65,1,1,2,0,1,1,1,1,1,2,1,3,110.8,7245.9,0,3,6,0,7202.0,15.828571428571427,0,0.08478796863677021,0,Champions
0,0,1,1,5,1,1,2,0,1,0,0,0,0,0,1,0,80.15,385.0,1,0,2,1,400.75,26.71666666666667,1,0.669554268230143,1,At Risk
1,0,0,0,28,0,0,1,0,0,1,1,0,0,0,1,1,35.75,961.4,0,2,2,0,1001.0,11.916666666666666,0,0.13176921262410507,2,Fence Sitters
1,0,1,1,67,1,1,1,0,0,1,1,0,1,2,1,2,69.9,4615.9,0,3,4,0,4683.3,13.98,0,0.023957302117327366,0,Champions
0,0,0,0,35,1,0,2,1,0,0,1,0,1,1,1,0,89.2,3251.3,0,2,4,0,3122.0,17.84,0,0.1488219633518221,0,Champions
1,0,1,1,72,0,0,1,1,1,1,1,0,1,2,0,3,55.65,3880.05,0,3,5,0,4006.8,9.275,0,0.008027011486581354,0,Champions
1,0,1,1,61,0,0,1,1,1,0,1,0,1,1,1,2,50.7,3088.75,0,3,4,0,3092.7000000000003,10.14,0,0.05965918698178691,0,Champions
0,1,0,0,68,1,0,0,0,0,0,0,0,0,2,1,3,20.0,1396.0,0,3,1,0,1360.0,10.0,0,0.005582273013333767,2,Fence Sitters
1,0,1,1,1,0,0,1,1,0,0,0,0,0,0,0,2,30.5,30.5,1,0,1,1,30.5,15.25,1,0.5444035155643328,1,At Risk
0,0,0,0,3,1,0,0,0,0,0,0,0,0,0,1,1,19.1,53.05,0,0,1,1,57.3,9.55,1,0.1673799042324211,2,Fence Sitters
0,0,1,1,70,1,1,2,0,1,0,0,1,1,2,0,2,98.3,6859.5,1,3,4,0,6881.0,19.66,0,0.22456468103793162,0,Champions
1,0,0,1,48,0,0,1,0,1,1,0,0,1,0,0,3,45.55,2108.35,0,2,3,0,2186.4,11.3875,0,0.26562637033404074,2,Fence Sitters
0,0,1,1,68,1,1,2,0,1,0,0,1,1,1,1,3,101.05,6770.5,0,3,4,0,6871.4,20.21,0,0.09788147613902916,0,Champions
1,0,0,0,47,1,0,2,1,0,1,1,1,1,1,1,0,103.7,4730.6,0,2,6,0,4873.900000000001,14.814285714285717,0,0.31261190082598206,0,Champions
0,0,1,1,32,0,0,1,0,0,1,1,0,0,1,1,1,36.25,1151.05,0,2,2,0,1160.0,12.083333333333334,0,0.04784388206127354,2,Fence Sitters
1,0,1,1,5,1,0,1,1,0,0,0,0,0,0,1,1,49.4,232.55,0,0,2,1,247.0,16.466666666666665,1,0.17817576606052796,2,Fence Sitters
0,0,0,0,49,1,0,0,0,0,0,0,0,0,2,1,3,19.9,1022.6,0,3,1,0,975.1,9.95,0,0.010976352633785375,2,Fence Sitters
1,0,0,0,48,1,1,2,0,1,1,0,1,1,0,1,2,107.4,5121.3,1,2,5,0,5155.200000000001,17.900000000000002,0,0.6538532383180794,0,Champions
1,1,0,0,13,1,1,2,0,0,0,0,0,1,0,1,0,82.0,1127.2,1,1,2,0,1066.0,27.33333333333333,0,0.8143019345216848,1,At Risk
0,0,0,0,15,1,0,0,0,0,0,0,0,0,0,1,1,19.8,309.4,0,1,1,0,297.0,9.9,0,0.2215955488036027,2,Fence Sitters
1,0,0,0,12,1,0,1,0,0,0,0,0,0,0,1,0,45.05,523.1,0,0,1,1,540.5999999999999,22.525,1,0.661812132364424,1,At Risk
0,1,0,0,67,1,1,1,1,1,0,1,0,0,2,1,2,64.55,4250.1,0,3,4,0,4324.849999999999,12.91,0,0.01742408275321948,0,Champions
0,0,0,0,9,1,0,2,0,0,0,1,1,0,0,0,0,86.25,770.5,0,0,3,1,776.25,21.5625,1,0.6888747792310852,1,At Risk
1,0,1,1,13,1,0,0,0,0,0,0,0,0,2,1,2,19.75,246.7,0,1,1,0,256.75,9.875,0,0.021297930668668717,2,Fence Sitters
1,0,0,0,38,1,0,2,0,0,0,0,1,1,1,1,1,89.1,3342.0,0,2,3,0,3385.8,22.275,0,0.21969527568299532,0,Champions
1,1,1,0,42,1,1,2,0,1,1,0,1,0,0,1,0,95.55,3930.6,0,2,4,0,4013.1,19.11,0,0.48899217035359094,0,Champions
1,0,1,0,24,1,1,2,0,0,0,0,0,0,0,1,3,75.4,1747.85,1,1,1,0,1809.6,37.7,0,0.37319605993883004,1,At Risk
1,1,1,0,27,1,0,2,1,0,1,0,1,1,0,1,0,101.25,2754.45,1,2,5,0,2733.75,16.875,0,0.6034060107089986,0,Champions
0,0,1,1,9,1,1,2,0,1,1,0,1,1,0,1,3,102.6,897.75,0,0,5,1,923.4,17.099999999999998,1,0.6720514361527983,1,At Risk
1,0,1,0,49,0,0,1,0,1,0,1,1,1,1,1,3,56.3,2780.6,0,3,4,0,2758.7,11.26,0,0.10032684078862454,0,Champions
1,1,1,0,61,1,1,2,1,1,1,1,0,0,0,1,3,94.2,5895.45,0,3,5,0,5746.2,15.7,0,0.1364479798653093,0,Champions
0,0,0,1,50,0,0,1,1,1,0,0,1,0,1,1,2,43.05,2208.05,0,3,3,0,2152.5,10.7625,0,0.07789677030673398,2,Fence Sitters
0,1,0,0,25,1,1,2,0,1,0,0,1,0,0,1,0,89.5,2196.15,1,2,3,0,2237.5,22.375,0,0.6762081193543072,1,At Risk
1,1,0,0,22,1,1,2,0,0,0,0,0,0,0,1,2,74.4,1692.6,1,1,1,0,1636.8000000000002,37.2,0,0.4568993980851977,1,At Risk
0,0,0,0,1,1,0,0,0,0,0,0,0,0,0,0,1,20.5,20.5,1,0,1,1,20.5,10.25,1,0.5582599764745344,1,At Risk
0,0,0,0,4,1,1,2,0,0,0,0,0,0,0,1,0,74.35,265.35,1,0,1,1,297.4,37.175,1,0.9168940381416248,1,At Risk
1,1,1,0,18,1,1,2,0,0,0,1,1,1,0,0,2,99.75,1836.25,1,1,4,0,1795.5,19.95,0,0.5590355880643066,1,At Risk
1,1,0,0,56,1,1,2,0,1,1,1,1,1,1,1,0,111.95,6418.9,1,3,6,0,6269.2,15.992857142857144,0,0.2568425891025967,0,Champions
1,1,1,0,53,1,0,2,0,1,1,1,1,0,1,1,0,94.0,4871.45,0,3,5,0,4982.0,15.666666666666666,0,0.1284245259508016,0,Champions
1,0,1,0,51,1,1,2,0,0,1,0,1,1,1,1,0,98.85,4947.55,0,3,4,0,5041.349999999999,19.77,0,0.4173381930401938,0,Champions
1,0,1,1,24,1,1,1,1,1,1,0,0,0,2,0,0,64.35,1558.65,0,1,4,0,1544.4,12.87,0,0.027431781948516563,0,Champions
1,0,1,0,62,1,0,1,1,1,1,0,1,0,2,1,3,72.0,4284.2,0,3,5,0,4464.0,12.0,0,0.023342019142748832,0,Champions
0,0,0,0,24,1,0,1,0,1,0,0,0,0,0,1,1,49.7,1218.25,0,1,2,0,1192.8000000000002,16.566666666666666,0,0.4170432373354767,1,At Risk
1,0,1,1,70,1,1,1,1,1,1,1,1,0,2,0,0,80.7,5617.95,0,3,6,0,5649.0,11.528571428571428,0,0.04947844387171352,0,Champions
0,0,0,1,1,0,0,1,0,0,0,0,0,0,0,0,1,24.2,24.2,0,0,0,1,24.2,24.2,1,0.8490544731684583,1,At Risk
0,1,0,0,16,0,0,1,0,1,0,0,1,0,0,1,1,39.0,679.85,1,1,2,0,624.0,13.0,0,0.6260179186132642,1,At Risk
1,0,0,0,8,1,0,1,0,1,0,1,1,0,0,1,0,65.45,554.45,0,0,4,1,523.6,13.09,1,0.14701319262775822,1,At Risk
1,0,1,1,72,1,0,1,1,1,1,1,0,1,2,1,0,74.35,5237.4,0,3,6,0,5353.2,10.62142857142857,0,0.01482597824139208,0,Champions
1,0,0,0,23,1,0,2,0,1,1,1,0,0,0,0,2,83.2,2032.3,0,1,4,0,1913.6,16.64,0,0.35888827636895715,0,Champions
0,0,0,1,31,0,0,1,0,0,0,0,0,0,0,0,3,25.0,789.2,0,2,0,0,775.0,25.0,0,0.14733134862510416,2,Fence Sitters
0,0,1,1,37,0,0,1,1,0,1,1,0,0,1,1,0,40.2,1525.35,0,2,3,0,1487.4,10.05,0,0.06314922004565847,2,Fence Sitters
1,0,1,0,30,1,1,2,0,1,0,1,1,0,0,1,3,94.1,2804.45,1,2,4,0,2823.0,18.82,0,0.23040292729861914,0,Champions
1,1,0,0,35,1,1,2,1,1,1,0,1,1,1,1,0,108.35,3726.15,0,2,6,0,3792.25,15.478571428571428,0,0.1892996270380847,0,Champions
1,0,1,1,23,1,1,1,0,1,0,1,1,0,0,1,3,69.5,1652.1,0,1,4,0,1598.5,13.9,0,0.05358618472342826,0,Champions
1,0,1,1,20,1,1,1,1,0,0,0,1,1,1,0,2,76.0,1588.75,0,1,4,0,1520.0,15.2,0,0.07043101131202098,0,Champions
0,0,1,0,36,1,0,2,1,0,0,0,1,1,0,1,0,93.6,3366.05,0,2,4,0,3369.6,18.72,0,0.5983660373794821,1,At Risk
1,0,0,0,8,1,1,2,0,0,0,0,1,1,0,0,2,95.65,778.1,1,0,3,1,765.2,23.9125,1,0.8974717092155026,1,At Risk
0,0,1,1,71,1,1,2,0,1,0,0,1,1,1,0,2,100.55,7113.75,0,3,4,0,7139.05,20.11,0,0.10093116993977068,0,Champions
1,1,1,0,50,1,1,2,0,1,0,0,1,0,0,1,0,88.05,4367.35,1,3,3,0,4402.5,22.0125,0,0.47352585999640084,0,Champions
1,0,1,1,43,1,1,0,0,0,0,0,0,0,1,1,2,24.45,993.15,0,2,1,0,1051.35,12.225,0,0.038177980212301656,2,Fence Sitters
0,0,0,1,57,1,1,1,1,1,1,1,1,1,2,0,1,89.55,5012.35,0,3,7,0,5104.349999999999,11.19375,0,0.021095264203476776,0,Champions
1,0,1,1,41,1,0,1,0,1,0,1,0,1,1,1,2,66.5,2728.6,1,2,4,0,2726.5,13.3,0,0.059741219181601406,0,Champions
1,0,1,0,27,1,0,2,0,1,0,0,0,0,0,1,0,76.1,2093.4,0,2,2,0,2054.7,25.366666666666664,0,0.5759957159340852,1,At Risk
1,0,0,0,13,1,0,2,0,0,0,0,0,1,0,1,0,80.5,1011.8,0,1,2,0,1046.5,26.83333333333333,0,0.8173226340607073,1,At Risk
0,0,0,0,3,0,0,1,1,1,0,0,0,0,0,1,1,35.45,106.85,1,0,2,1,106.35,11.816666666666668,1,0.7720432565981639,1,At Risk
1,0,0,0,67,1,0,0,0,0,0,0,0,0,1,0,0,20.55,1343.4,0,3,1,0,1376.85,10.275,0,0.03162485036117789,2,Fence Sitters
0,0,0,0,3,1,0,1,0,1,0,0,0,0,0,1,1,49.9,130.1,1,0,2,1,149.7,16.633333333333333,1,0.6332930899945186,1,At Risk
1,0,1,0,64,1,1,2,0,1,0,1,1,1,2,1,2,105.4,6794.75,0,3,5,0,6745.6,17.566666666666666,0,0.06720361255426227,0,Champions
0,0,0,0,26,0,0,1,0,0,1,1,0,0,0,0,0,35.75,1022.5,0,2,2,0,929.5,11.916666666666666,0,0.1900940110002104,2,Fence Sitters
0,0,0,0,38,1,1,2,0,1,1,0,0,1,0,1,3,95.1,3691.2,0,2,4,0,3613.8,19.02,0,0.45033849951328503,0,Champions
0,0,1,0,23,1,0,0,0,0,0,0,0,0,1,0,3,19.3,486.2,0,1,1,0,443.9,9.65,0,0.026299902499904704,2,Fence Sitters
0,0,0,0,40,1,1,2,0,1,1,0,1,1,0,1,3,104.5,4036.85,1,2,5,0,4180.0,17.416666666666668,0,0.6480035021171231,0,Champions
0,1,1,0,72,0,0,1,1,1,1,1,1,1,2,1,2,63.1,4685.55,0,3,6,0,4543.2,9.014285714285714,0,0.010218615123479576,0,Champions
1,1,0,0,3,1,1,2,0,0,0,0,0,0,0,1,3,75.05,256.25,1,0,1,1,225.15,37.525,1,0.739560096802591,1,At Risk
0,0,0,0,23,1,1,2,0,0,1,0,0,0,0,1,0,81.0,1917.1,1,1,2,0,1863.0,27.0,0,0.6236245164128976,1,At Risk
1,1,1,0,1,1,1,2,0,0,0,0,0,0,0,1,0,74.45,74.45,1,0,1,1,74.45,37.225,1,0.9060133138352968,1,At Risk
1,0,0,0,4,1,0,1,1,1,0,1,0,0,0,1,1,60.4,272.15,1,0,4,1,241.6,12.08,1,0.18438161154278043,1,At Risk
1,0,1,0,62,1,1,1,1,1,0,1,1,1,2,1,0,84.95,5150.55,0,3,6,0,5266.900000000001,12.135714285714286,0,0.039042603459382,0,Champions
1,0,0,0,40,1,1,2,0,1,1,0,1,0,0,1,2,93.4,3756.4,0,2,4,0,3736.0,18.68,0,0.49599698160231154,0,Champions
0,0,0,0,41,1,1,2,0,1,0,0,1,0,0,1,0,89.2,3645.75,0,2,3,0,3657.2,22.3,0,0.622455254962349,1,At Risk
0,1,1,0,34,1,0,2,0,0,1,0,1,0,0,1,3,85.2,2874.45,0,2,3,0,2896.8,21.3,0,0.36099796891642283,0,Champions
1,0,0,0,1,1,0,1,0,1,0,0,0,0,0,0,0,49.95,49.95,0,0,2,1,49.95,16.650000000000002,1,0.4348003438643966,1,At Risk
1,0,0,0,51,1,0,0,0,0,0,0,0,0,2,0,2,20.65,1020.75,0,3,1,0,1053.15,10.325,0,0.021201631806242443,2,Fence Sitters
0,0,1,1,1,1,0,2,0,0,0,0,0,0,0,1,1,70.65,70.65,1,0,1,1,70.65,35.325,1,0.8439224241851648,1,At Risk
1,0,0,0,39,1,0,0,0,0,0,0,0,0,2,0,1,20.15,826.0,0,2,1,0,785.8499999999999,10.075,0,0.02071549477841482,2,Fence Sitters
0,0,1,1,12,1,0,0,0,0,0,0,0,0,0,1,0,19.2,239.0,0,0,1,1,230.4,9.6,1,0.09621262776786207,2,Fence Sitters
0,0,0,0,12,1,0,1,0,0,0,1,1,0,1,1,0,59.8,727.8,1,0,3,1,717.5999999999999,14.95,0,0.2811509639019945,1,At Risk
0,0,0,0,72,1,1,2,0,1,1,0,1,1,1,1,0,104.95,7544.3,0,3,5,0,7556.400000000001,17.491666666666667,0,0.4652487584668208,0,Champions
1,1,1,0,63,1,1,2,0,1,1,0,1,1,0,1,0,103.5,6479.4,0,3,5,0,6520.5,17.25,0,0.515980799708796,0,Champions
0,0,1,0,44,1,1,2,1,0,1,0,0,0,0,1,3,84.8,3626.35,0,2,3,0,3731.2,21.2,0,0.31528887411966,0,Champions
1,0,0,0,18,1,1,2,0,0,1,1,0,1,0,1,2,95.05,1679.4,0,1,4,0,1710.9,19.01,0,0.4528992995429418,1,At Risk
1,0,0,0,9,1,0,1,0,0,0,0,0,0,0,1,2,44.2,403.35,1,0,1,1,397.8,22.1,1,0.48275169902138493,1,At Risk
0,0,0,0,13,1,0,1,0,1,0,1,1,1,0,0,1,73.35,931.55,0,1,5,0,953.55,12.225,0,0.21481398257458365,0,Champions
1,0,1,0,68,1,0,1,0,1,0,1,1,0,2,0,2,64.1,4326.25,0,3,4,0,4358.799999999999,12.82,0,0.021166591155628595,0,Champions
1,1,0,0,6,0,0,1,0,0,0,0,1,1,0,1,0,44.4,263.05,0,0,2,1,266.4,14.8,1,0.73441497874562,1,At Risk
1,0,0,0,2,1,0,0,0,0,0,0,0,0,0,1,1,20.05,39.25,0,0,1,1,40.1,10.025,1,0.2859754711780852,2,Fence Sitters
0,1,1,0,55,1,1,1,1,1,0,0,0,0,1,0,3,60.0,3316.1,0,3,3,0,3300.0,15.0,0,0.08490787831908869,0,Champions
0,1,0,0,1,1,1,2,0,0,0,0,0,0,0,1,0,75.75,75.75,1,0,1,1,75.75,37.875,1,0.9295645534420496,1,At Risk
0,0,0,0,38,1,0,2,0,0,0,0,0,0,0,1,3,69.5,2625.25,0,2,1,0,2641.0,34.75,0,0.5399853853498238,1,At Risk
1,0,0,0,67,1,1,2,1,1,1,0,1,0,0,1,3,102.95,6886.25,1,3,5,0,6897.650000000001,17.158333333333335,0,0.4459570624580756,0,Champions
0,0,0,0,19,1,0,2,0,0,0,0,1,0,0,1,2,78.7,1495.1,0,1,2,0,1495.3,26.23333333333333,0,0.7757753253946302,1,At Risk
1,0,0,0,12,0,0,1,0,1,1,1,1,1,1,0,0,60.65,743.3,0,0,5,1,727.8,10.108333333333333,0,0.10265040504293835,0,Champions
1,0,0,0,72,1,0,0,0,0,0,0,0,0,2,1,2,21.15,1419.4,0,3,1,0,1522.8,10.575,0,0.007549099212992821,2,Fence Sitters
0,0,1,1,24,1,1,1,1,0,1,1,1,1,1,1,1,84.8,1990.5,0,1,6,0,2035.2,12.114285714285714,0,0.07057716204580705,0,Champions
1,0,1,1,72,1,1,2,0,1,1,0,1,1,1,1,3,103.2,7362.9,0,3,5,0,7430.400000000001,17.2,0,0.09263489836402686,0,Champions
1,0,1,1,11,0,0,1,1,0,0,0,0,0,0,1,0,29.6,346.45,0,0,1,1,325.6,14.8,1,0.226540704599189,2,Fence Sitters
0,1,1,0,4,1,1,2,0,0,0,0,0,0,0,1,1,74.4,306.6,1,0,1,1,297.6,37.2,1,0.8705790521272623,1,At Risk
0,0,0,0,66,1,0,2,1,0,1,1,1,1,2,1,2,105.65,6844.5,0,3,6,0,6972.900000000001,15.092857142857143,0,0.20929088307453633,0,Champions
